location.name,location.region,location.country,location.lat,location.lon,location.tz_id,location.localtime_epoch,location.localtime,forecast.forecastday.hour.time_epoch,forecast.forecastday.hour.time,forecast.forecastday.hour.temp_c,forecast.forecastday.hour.temp_f,forecast.forecastday.hour.is_day,forecast.forecastday.hour.condition.text,forecast.forecastday.hour.condition.icon,forecast.forecastday.hour.condition.code,forecast.forecastday.hour.wind_mph,forecast.forecastday.hour.wind_kph,forecast.forecastday.hour.wind_degree,forecast.forecastday.hour.wind_dir,forecast.forecastday.hour.pressure_mb,forecast.forecastday.hour.pressure_in,forecast.forecastday.hour.precip_mm,forecast.forecastday.hour.precip_in,forecast.forecastday.hour.snow_cm,forecast.forecastday.hour.humidity,forecast.forecastday.hour.cloud,forecast.forecastday.hour.feelslike_c,forecast.forecastday.hour.feelslike_f,forecast.forecastday.hour.windchill_c,forecast.forecastday.hour.windchill_f,forecast.forecastday.hour.heatindex_c,forecast.forecastday.hour.heatindex_f,forecast.forecastday.hour.dewpoint_c,forecast.forecastday.hour.dewpoint_f,forecast.forecastday.hour.will_it_rain,forecast.forecastday.hour.chance_of_rain,forecast.forecastday.hour.will_it_snow,forecast.forecastday.hour.chance_of_snow,forecast.forecastday.hour.vis_km,forecast.forecastday.hour.vis_miles,forecast.forecastday.hour.gust_mph,forecast.forecastday.hour.gust_kph,forecast.forecastday.hour.uv,forecast.forecastday.hour.wetbulb_c,forecast.forecastday.hour.wetbulb_f,forecast.forecastday.hour.air_quality.co,forecast.forecastday.hour.air_quality.no2,forecast.forecastday.hour.air_quality.o3,forecast.forecastday.hour.air_quality.so2,forecast.forecastday.hour.air_quality.pm2_5,forecast.forecastday.hour.air_quality.pm10,forecast.forecastday.hour.air_quality.us-epa-index,forecast.forecastday.hour.air_quality.gb-defra-index,forecast.forecastday.hour.short_rad,forecast.forecastday.hour.diff_rad,forecast.forecastday.hour.dni,forecast.forecastday.hour.gti,,,,,,,,,,,,,,,,,,,,,,,,,,,,,,,,,,,,,,,,,,,,,,,,,,,,,,,,,,,,,,,,,,,,,,,,,,,,,,,,,,,,,,,,,,,,,
Gurgaon,Haryana,India,28.4667,77.0333,Asia/Kolkata,1789110022,11/9/2026 12:30,1789065000,11/9/2026 0:00,31.3,88.3,0,Clear,http://cdn.weatherapi.com/weather/64x64/night/113.png,1000,2.9,4.7,315,NW,1007,29.72,0,0,0,38,8,32.1,89.8,31.3,88.3,31.5,88.7,15.3,59.5,0,1,0,0,10,6,5.7,9.1,0,20.7,69.2,1800,68.7,18,34.9,87.8,202.6,4,10,0,0,0,0,,,,,,,,,,,,,,,,,,,,,,,,,,,,,,,,,,,,,,,,,,,,,,,,,,,,,,,,,,,,,,,,,,,,,,,,,,,,,,,,,,,,,,,,,,,,,
Gurgaon,Haryana,India,28.4667,77.0333,Asia/Kolkata,1789110022,11/9/2026 12:30,1789068600,11/9/2026 1:00,30.8,87.4,0,Partly Cloudy,http://cdn.weatherapi.com/weather/64x64/night/116.png,1003,3.1,5,325,NW,1006,29.72,0,0,0,38,42,31.5,88.7,30.8,87.4,30.9,87.7,15,59.1,0,3,0,0,6,3,4.9,8,0,20.4,68.7,1875,59.5,23,30.4,82.4,176.5,4,10,0,0,0,0,,,,,,,,,,,,,,,,,,,,,,,,,,,,,,,,,,,,,,,,,,,,,,,,,,,,,,,,,,,,,,,,,,,,,,,,,,,,,,,,,,,,,,,,,,,,,
Gurgaon,Haryana,India,28.4667,77.0333,Asia/Kolkata,1789110022,11/9/2026 12:30,1789072200,11/9/2026 2:00,29.3,84.7,0,Overcast,http://cdn.weatherapi.com/weather/64x64/night/122.png,1009,3.8,6.1,191,S,1007,29.73,0,0,0,50,93,30.1,86.2,29.3,84.7,30.5,86.9,17.9,64.3,0,10,0,0,6.5,4,4.1,6.6,0,21.5,70.8,1865,53,27,27.1,78.5,157.9,4,10,0,0,0,0,,,,,,,,,,,,,,,,,,,,,,,,,,,,,,,,,,,,,,,,,,,,,,,,,,,,,,,,,,,,,,,,,,,,,,,,,,,,,,,,,,,,,,,,,,,,,
Gurgaon,Haryana,India,28.4667,77.0333,Asia/Kolkata,1789110022,11/9/2026 12:30,1789075800,11/9/2026 3:00,28.9,84.1,0,Overcast,http://cdn.weatherapi.com/weather/64x64/night/122.png,1009,3.4,5.4,173,S,1007,29.73,0,0,0,52,100,29.8,85.6,29,84.1,30.2,86.3,18.1,64.5,0,12,0,0,6.8,4,3.4,5.4,0,21.5,70.7,1711,53,23,26.5,77.3,147.1,4,10,0,0,0,0,,,,,,,,,,,,,,,,,,,,,,,,,,,,,,,,,,,,,,,,,,,,,,,,,,,,,,,,,,,,,,,,,,,,,,,,,,,,,,,,,,,,,,,,,,,,,
Gurgaon,Haryana,India,28.4667,77.0333,Asia/Kolkata,1789110022,11/9/2026 12:30,1789079400,11/9/2026 4:00,28.7,83.7,0,Overcast,http://cdn.weatherapi.com/weather/64x64/night/122.png,1009,2.7,4.3,180,S,1007,29.73,0,0,0,53,92,29.7,85.5,28.7,83.7,30,86,18.2,64.8,0,11,0,0,7,4,2.7,4.3,0,21.5,70.8,1470,55.7,18,27.2,77.5,139.2,4,10,0,0,0,0,,,,,,,,,,,,,,,,,,,,,,,,,,,,,,,,,,,,,,,,,,,,,,,,,,,,,,,,,,,,,,,,,,,,,,,,,,,,,,,,,,,,,,,,,,,,,
Gurgaon,Haryana,India,28.4667,77.0333,Asia/Kolkata,1789110022,11/9/2026 12:30,1789083000,11/9/2026 5:00,28.8,83.9,0,Overcast,http://cdn.weatherapi.com/weather/64x64/night/122.png,1009,3.4,5.4,238,WSW,1007,29.73,0,0,0,52,96,29.7,85.5,28.8,83.9,30,86,18,64.4,0,11,0,0,7,4,4.3,6.9,0,21.5,70.6,1259,55.4,22,27.7,80.1,134.1,4,10,0,0,0,0,,,,,,,,,,,,,,,,,,,,,,,,,,,,,,,,,,,,,,,,,,,,,,,,,,,,,,,,,,,,,,,,,,,,,,,,,,,,,,,,,,,,,,,,,,,,,
Gurgaon,Haryana,India,28.4667,77.0333,Asia/Kolkata,1789110022,11/9/2026 12:30,1789086600,11/9/2026 6:00,28.3,83,1,Overcast,http://cdn.weatherapi.com/weather/64x64/day/122.png,1009,1.3,2.2,240,WSW,1008,29.76,0,0,0,52,99,29,84.2,28.3,83,29.4,84.8,17.5,63.5,0,12,0,0,6.9,4,1.6,2.6,0,21,69.8,1123,49.3,42,27.6,85.7,131.3,4,10,5.22,2.47,0,4.97,,,,,,,,,,,,,,,,,,,,,,,,,,,,,,,,,,,,,,,,,,,,,,,,,,,,,,,,,,,,,,,,,,,,,,,,,,,,,,,,,,,,,,,,,,,,,
Gurgaon,Haryana,India,28.4667,77.0333,Asia/Kolkata,1789110022,11/9/2026 12:30,1789090200,11/9/2026 7:00,28.8,83.9,1,Smoky haze,http://cdn.weatherapi.com/weather/64x64/day/149.png,1036,2.7,4.3,221,SW,1008,29.77,0,0,0,49,100,29.4,84.9,28.8,83.9,29.7,85.5,17.1,62.8,0,11,0,0,8.1,5,9.4,15.1,0.5,20.9,69.7,1017,40.2,71,27.4,79.6,102.7,4,10,51.38,25.46,0.22,48.84,,,,,,,,,,,,,,,,,,,,,,,,,,,,,,,,,,,,,,,,,,,,,,,,,,,,,,,,,,,,,,,,,,,,,,,,,,,,,,,,,,,,,,,,,,,,,
Gurgaon,Haryana,India,28.4667,77.0333,Asia/Kolkata,1789110022,11/9/2026 12:30,1789093800,11/9/2026 8:00,29.9,85.9,1,Smoky haze,http://cdn.weatherapi.com/weather/64x64/day/149.png,1036,3.4,5.4,255,WSW,1009,29.79,0,0,0,45,96,30.3,86.5,29.9,85.9,30.7,87.3,16.8,62.2,0,10,0,0,9.7,6,3.4,5.4,1.7,21.1,70,918,31.2,101,26.9,64.5,88.7,3,8,127.18,57.16,1.34,120.71,,,,,,,,,,,,,,,,,,,,,,,,,,,,,,,,,,,,,,,,,,,,,,,,,,,,,,,,,,,,,,,,,,,,,,,,,,,,,,,,,,,,,,,,,,,,,
Gurgaon,Haryana,India,28.4667,77.0333,Asia/Kolkata,1789110022,11/9/2026 12:30,1789097400,11/9/2026 9:00,31.7,89.1,1,Cloudy,http://cdn.weatherapi.com/weather/64x64/day/119.png,1006,3.6,5.8,307,NW,1009,29.8,0,0,0,40,81,31.9,89.4,31.7,89.1,32.5,90.5,16.5,61.7,0,7,0,0,10,6,4.1,6.7,3.4,21.5,70.6,815,22.6,133,26.3,56.2,101.5,3,7,207.04,90.61,3.56,196.17,,,,,,,,,,,,,,,,,,,,,,,,,,,,,,,,,,,,,,,,,,,,,,,,,,,,,,,,,,,,,,,,,,,,,,,,,,,,,,,,,,,,,,,,,,,,,
Gurgaon,Haryana,India,28.4667,77.0333,Asia/Kolkata,1789110022,11/9/2026 12:30,1789101000,11/9/2026 10:00,33.3,92,1,Partly Cloudy,http://cdn.weatherapi.com/weather/64x64/day/116.png,1003,3.6,5.8,355,N,1009,29.79,0,0,0,36,54,34.3,93.7,33.3,92,34.2,93.5,16.3,61.3,0,4,0,0,10,6,4.7,7.6,5.1,21.8,71.3,718,14.1,167,25.5,46.9,78.2,3,5,286.82,120.62,7.4,271.17,,,,,,,,,,,,,,,,,,,,,,,,,,,,,,,,,,,,,,,,,,,,,,,,,,,,,,,,,,,,,,,,,,,,,,,,,,,,,,,,,,,,,,,,,,,,,
Gurgaon,Haryana,India,28.4667,77.0333,Asia/Kolkata,1789110022,11/9/2026 12:30,1789104600,11/9/2026 11:00,34.5,94.1,1,Cloudy,http://cdn.weatherapi.com/weather/64x64/day/119.png,1006,3.8,6.1,33,NNE,1008,29.78,0,0,0,34,70,35.5,95.9,34.5,94.1,35.5,96,16.4,61.5,0,5,0,0,10,6,6.7,10.8,5.8,22.2,72,641,7.9,191,24.3,41.6,59.4,3,4,347.1,147.8,16.79,326.28,,,,,,,,,,,,,,,,,,,,,,,,,,,,,,,,,,,,,,,,,,,,,,,,,,,,,,,,,,,,,,,,,,,,,,,,,,,,,,,,,,,,,,,,,,,,,
Gurgaon,Haryana,India,28.4667,77.0333,Asia/Kolkata,1789110022,11/9/2026 12:30,1789108200,11/9/2026 12:00,35.5,95.9,1,Overcast,http://cdn.weatherapi.com/weather/64x64/day/122.png,1009,4,6.5,27,NNE,1007,29.75,0,0,0,32,94,36.5,97.7,35.5,95.9,36.7,98.1,16.5,61.6,0,9,0,0,10,6,8.3,13.4,6.3,22.6,72.6,583,4.9,201,22.4,37.7,48.5,2,4,605.86,300.54,232.68,520.66,,,,,,,,,,,,,,,,,,,,,,,,,,,,,,,,,,,,,,,,,,,,,,,,,,,,,,,,,,,,,,,,,,,,,,,,,,,,,,,,,,,,,,,,,,,,,
Gurgaon,Haryana,India,28.4667,77.0333,Asia/Kolkata,1789110022,11/9/2026 12:30,1789111800,11/9/2026 13:00,36.2,97.1,1,Overcast,http://cdn.weatherapi.com/weather/64x64/day/122.png,1009,5.6,9,23,NNE,1006,29.71,0,0,0,31,96,36.6,97.9,36.2,97.1,37.5,99.5,16.5,61.7,0,9,0,0,10,6,8.5,13.7,5.6,22.8,73,543,4.2,201,20,34.7,41.2,2,3,610.76,299.83,240.36,523.48,,,,,,,,,,,,,,,,,,,,,,,,,,,,,,,,,,,,,,,,,,,,,,,,,,,,,,,,,,,,,,,,,,,,,,,,,,,,,,,,,,,,,,,,,,,,,
Gurgaon,Haryana,India,28.4667,77.0333,Asia/Kolkata,1789110022,11/9/2026 12:30,1789115400,11/9/2026 14:00,36.2,97.1,1,Light drizzle,http://cdn.weatherapi.com/weather/64x64/day/266.png,1153,8.3,13.3,41,NE,1005,29.68,0,0,0,33,100,36.1,97,36.2,97.1,37.9,100.3,17.2,63,0,36,0,0,2,1,8.3,13.4,3.5,23.1,73.6,534,5.4,193,17.9,32.7,37.3,2,3,554.13,272.19,160.14,488.86,,,,,,,,,,,,,,,,,,,,,,,,,,,,,,,,,,,,,,,,,,,,,,,,,,,,,,,,,,,,,,,,,,,,,,,,,,,,,,,,,,,,,,,,,,,,,
Gurgaon,Haryana,India,28.4667,77.0333,Asia/Kolkata,1789110022,11/9/2026 12:30,1789119000,11/9/2026 15:00,34.7,94.5,1,Patchy rain nearby,http://cdn.weatherapi.com/weather/64x64/day/176.png,1063,8.3,13.3,65,ENE,1005,29.67,0,0,0,39,99,35.3,95.5,34.7,94.5,37.2,98.9,18.8,65.8,0,11,0,0,10,6,9.2,14.8,1.8,23.6,74.4,535,8.8,173,15.9,32.5,35.6,2,3,494.84,243.9,96.44,447.74,,,,,,,,,,,,,,,,,,,,,,,,,,,,,,,,,,,,,,,,,,,,,,,,,,,,,,,,,,,,,,,,,,,,,,,,,,,,,,,,,,,,,,,,,,,,,
Gurgaon,Haryana,India,28.4667,77.0333,Asia/Kolkata,1789110022,11/9/2026 12:30,1789122600,11/9/2026 16:00,34.4,93.9,1,Patchy rain nearby,http://cdn.weatherapi.com/weather/64x64/day/176.png,1063,6.5,10.4,98,E,1004,29.66,0,0,0,43,100,37,98.6,34.4,93.9,37.7,99.9,20.1,68.1,0,11,0,0,10,6,8.6,13.8,0.9,24.2,75.6,567,14.1,144,14.2,30.9,32.5,2,3,456.18,225.13,65.61,418.36,,,,,,,,,,,,,,,,,,,,,,,,,,,,,,,,,,,,,,,,,,,,,,,,,,,,,,,,,,,,,,,,,,,,,,,,,,,,,,,,,,,,,,,,,,,,,
Gurgaon,Haryana,India,28.4667,77.0333,Asia/Kolkata,1789110022,11/9/2026 12:30,1789126200,11/9/2026 17:00,33,91.4,1,Patchy rain nearby,http://cdn.weatherapi.com/weather/64x64/day/176.png,1063,7.2,11.5,110,ESE,1005,29.67,0,0,0,49,100,36.1,97,33,91.4,36.7,98,20.9,69.7,0,12,0,0,10,6,9.7,15.6,0.2,24.4,75.9,699,20.4,117,14,28.2,28.8,2,3,402.82,199.26,35.46,374.82,,,,,,,,,,,,,,,,,,,,,,,,,,,,,,,,,,,,,,,,,,,,,,,,,,,,,,,,,,,,,,,,,,,,,,,,,,,,,,,,,,,,,,,,,,,,,
Gurgaon,Haryana,India,28.4667,77.0333,Asia/Kolkata,1789110022,11/9/2026 12:30,1789129800,11/9/2026 18:00,32,89.6,1,Patchy rain nearby,http://cdn.weatherapi.com/weather/64x64/day/176.png,1063,6.9,11.2,121,ESE,1005,29.68,0,0,0,54,100,35.2,95.4,32,89.6,35.6,96.1,21.4,70.4,0,21,0,0,10,6,9.9,15.9,0,24.4,75.8,1060,28.6,94,16.4,28.8,29.3,2,3,9.36,5.6,0.01,8.91,,,,,,,,,,,,,,,,,,,,,,,,,,,,,,,,,,,,,,,,,,,,,,,,,,,,,,,,,,,,,,,,,,,,,,,,,,,,,,,,,,,,,,,,,,,,,
Gurgaon,Haryana,India,28.4667,77.0333,Asia/Kolkata,1789110022,11/9/2026 12:30,1789133400,11/9/2026 19:00,31.3,88.4,0,Light rain shower,http://cdn.weatherapi.com/weather/64x64/night/353.png,1240,6.3,10.1,118,ESE,1006,29.7,0,0,0,57,100,34.7,94.5,31.3,88.4,35.1,95.1,21.7,71.1,0,36,0,0,10,6,9.7,15.6,0,24.4,75.9,1522,37.8,73,20.4,31.5,31.9,2,3,0,0,0,0,,,,,,,,,,,,,,,,,,,,,,,,,,,,,,,,,,,,,,,,,,,,,,,,,,,,,,,,,,,,,,,,,,,,,,,,,,,,,,,,,,,,,,,,,,,,,
Gurgaon,Haryana,India,28.4667,77.0333,Asia/Kolkata,1789110022,11/9/2026 12:30,1789137000,11/9/2026 20:00,30.5,86.9,0,Light rain shower,http://cdn.weatherapi.com/weather/64x64/night/353.png,1240,8.9,14.4,122,ESE,1007,29.73,1,0,0,62,100,34.2,93.6,30.5,86.9,34.4,93.9,22.4,72.3,0,43,0,0,10,6,13.2,21.2,0,24.6,76.3,1773,44.8,56,23.6,36.4,36.7,2,4,0,0,0,0,,,,,,,,,,,,,,,,,,,,,,,,,,,,,,,,,,,,,,,,,,,,,,,,,,,,,,,,,,,,,,,,,,,,,,,,,,,,,,,,,,,,,,,,,,,,,
Gurgaon,Haryana,India,28.4667,77.0333,Asia/Kolkata,1789110022,11/9/2026 12:30,1789140600,11/9/2026 21:00,30.1,86.2,0,Light rain shower,http://cdn.weatherapi.com/weather/64x64/night/353.png,1240,9.8,15.8,114,ESE,1007,29.73,1,0,0,64,100,33.9,93,30.1,86.2,34,93.3,22.6,72.6,0,48,0,0,10,6,13.6,22,0,24.6,76.3,1625,48.3,45,25.4,39.9,40,2,4,0,0,0,0,,,,,,,,,,,,,,,,,,,,,,,,,,,,,,,,,,,,,,,,,,,,,,,,,,,,,,,,,,,,,,,,,,,,,,,,,,,,,,,,,,,,,,,,,,,,,
Gurgaon,Haryana,India,28.4667,77.0333,Asia/Kolkata,1789110022,11/9/2026 12:30,1789144200,11/9/2026 22:00,29.5,85.1,0,Overcast,http://cdn.weatherapi.com/weather/64x64/night/122.png,1009,9.4,15.1,115,ESE,1007,29.74,0,0,0,67,100,33.2,91.8,29.5,85,33.3,91.9,22.7,72.9,0,16,0,0,10,6,13.9,22.4,0,24.6,76.2,1267,49.5,38,26.5,42.4,42.5,3,5,0,0,0,0,,,,,,,,,,,,,,,,,,,,,,,,,,,,,,,,,,,,,,,,,,,,,,,,,,,,,,,,,,,,,,,,,,,,,,,,,,,,,,,,,,,,,,,,,,,,,
Gurgaon,Haryana,India,28.4667,77.0333,Asia/Kolkata,1789110022,11/9/2026 12:30,1789147800,11/9/2026 23:00,28.7,83.7,0,Overcast,http://cdn.weatherapi.com/weather/64x64/night/122.png,1009,9.6,15.5,117,ESE,1007,29.74,0,0,0,69,100,32,89.6,28.7,83.7,32.1,89.8,22.5,72.5,0,17,0,0,10,6,15,24.2,0,24.2,75.6,953,49.2,34,26.7,41.9,42,3,4,0,0,0,0,,,,,,,,,,,,,,,,,,,,,,,,,,,,,,,,,,,,,,,,,,,,,,,,,,,,,,,,,,,,,,,,,,,,,,,,,,,,,,,,,,,,,,,,,,,,,
Gurgaon,Haryana,India,28.4667,77.0333,Asia/Kolkata,1789110022,11/9/2026 12:30,1789151400,12/9/2026 0:00,28.3,83,0,Overcast,http://cdn.weatherapi.com/weather/64x64/night/122.png,1009,9.4,15.1,114,ESE,1007,29.74,0,0,0,70,100,31.3,88.3,28.3,83,31.5,88.6,22.2,72,0,17,0,0,10,6,15.9,25.6,0,23.9,75.1,773,47.1,32,25.5,39.7,39.8,2,4,0,0,0,0,,,,,,,,,,,,,,,,,,,,,,,,,,,,,,,,,,,,,,,,,,,,,,,,,,,,,,,,,,,,,,,,,,,,,,,,,,,,,,,,,,,,,,,,,,,,,
Gurgaon,Haryana,India,28.4667,77.0333,Asia/Kolkata,1789110022,11/9/2026 12:30,1789155000,12/9/2026 1:00,27.1,80.8,0,Overcast,http://cdn.weatherapi.com/weather/64x64/night/122.png,1009,8.1,13,124,SE,1007,29.73,0,0,0,75,100,29.5,85.1,27.1,80.8,29.9,85.8,22.3,72.2,0,20,0,0,10,6,15.7,25.3,0,23.7,74.6,639,43.5,31,23.4,37.6,37.6,2,4,0,0,0,0,,,,,,,,,,,,,,,,,,,,,,,,,,,,,,,,,,,,,,,,,,,,,,,,,,,,,,,,,,,,,,,,,,,,,,,,,,,,,,,,,,,,,,,,,,,,,
Gurgaon,Haryana,India,28.4667,77.0333,Asia/Kolkata,1789110022,11/9/2026 12:30,1789158600,12/9/2026 2:00,26.9,80.5,0,Overcast,http://cdn.weatherapi.com/weather/64x64/night/122.png,1009,7.4,11.9,126,SE,1007,29.73,0,0,0,76,88,29.3,84.7,26.9,80.5,29.7,85.5,22.4,72.3,0,19,0,0,10,6,15.2,24.5,0,23.7,74.6,537,39.5,32,21.3,35.7,35.7,2,3,0,0,0,0,,,,,,,,,,,,,,,,,,,,,,,,,,,,,,,,,,,,,,,,,,,,,,,,,,,,,,,,,,,,,,,,,,,,,,,,,,,,,,,,,,,,,,,,,,,,,
Gurgaon,Haryana,India,28.4667,77.0333,Asia/Kolkata,1789110022,11/9/2026 12:30,1789162200,12/9/2026 3:00,26.8,80.3,0,Overcast,http://cdn.weatherapi.com/weather/64x64/night/122.png,1009,6,9.7,125,SE,1007,29.73,0,0,0,77,98,29.2,84.6,26.8,80.3,29.6,85.4,22.5,72.4,0,21,0,0,10,6,12.3,19.9,0,23.7,74.6,467,35.1,32,19.3,29.6,29.6,2,3,0,0,0,0,,,,,,,,,,,,,,,,,,,,,,,,,,,,,,,,,,,,,,,,,,,,,,,,,,,,,,,,,,,,,,,,,,,,,,,,,,,,,,,,,,,,,,,,,,,,,
Gurgaon,Haryana,India,28.4667,77.0333,Asia/Kolkata,1789110022,11/9/2026 12:30,1789165800,12/9/2026 4:00,26.8,80.2,0,Overcast,http://cdn.weatherapi.com/weather/64x64/night/122.png,1009,6.3,10.1,125,SE,1007,29.73,0,0,0,78,100,29.1,84.4,26.8,80.2,29.6,85.2,22.5,72.5,0,22,0,0,10,6,11.2,18.1,0,23.7,74.7,430,30.3,34,17.3,26.9,27,2,3,0,0,0,0,,,,,,,,,,,,,,,,,,,,,,,,,,,,,,,,,,,,,,,,,,,,,,,,,,,,,,,,,,,,,,,,,,,,,,,,,,,,,,,,,,,,,,,,,,,,,
Gurgaon,Haryana,India,28.4667,77.0333,Asia/Kolkata,1789110022,11/9/2026 12:30,1789169400,12/9/2026 5:00,26.6,79.8,0,Patchy rain nearby,http://cdn.weatherapi.com/weather/64x64/night/176.png,1063,7.2,11.5,126,SE,1007,29.75,0,0,0,79,100,28.9,84,26.6,79.8,29.4,84.9,22.7,72.8,0,23,0,0,10,6,12.8,20.6,0,23.8,74.8,420,26.6,39,16.3,25.6,25.6,2,3,0,0,0,0,,,,,,,,,,,,,,,,,,,,,,,,,,,,,,,,,,,,,,,,,,,,,,,,,,,,,,,,,,,,,,,,,,,,,,,,,,,,,,,,,,,,,,,,,,,,,
Gurgaon,Haryana,India,28.4667,77.0333,Asia/Kolkata,1789110022,11/9/2026 12:30,1789173000,12/9/2026 6:00,26.5,79.7,1,Overcast,http://cdn.weatherapi.com/weather/64x64/day/122.png,1009,7.8,12.6,126,SE,1008,29.77,0,0,0,80,99,28.8,83.8,26.5,79.7,29.4,84.9,22.8,73,0,23,0,0,10,6,13.9,22.3,0,23.8,74.9,452,25.1,49,17.1,27.8,27.8,2,3,0.26,0.19,0,0.25,,,,,,,,,,,,,,,,,,,,,,,,,,,,,,,,,,,,,,,,,,,,,,,,,,,,,,,,,,,,,,,,,,,,,,,,,,,,,,,,,,,,,,,,,,,,,
Gurgaon,Haryana,India,28.4667,77.0333,Asia/Kolkata,1789110022,11/9/2026 12:30,1789176600,12/9/2026 7:00,27.2,80.9,1,Overcast,http://cdn.weatherapi.com/weather/64x64/day/122.png,1009,7.4,11.9,128,SE,1009,29.8,0,0,0,74,89,29.6,85.3,27.2,80.9,30,86,22.3,72.1,0,18,0,0,10,6,13,20.9,0.4,23.6,74.6,511,24.7,64,18.9,26.8,26.9,2,3,25.2,13.78,0.05,23.97,,,,,,,,,,,,,,,,,,,,,,,,,,,,,,,,,,,,,,,,,,,,,,,,,,,,,,,,,,,,,,,,,,,,,,,,,,,,,,,,,,,,,,,,,,,,,
Gurgaon,Haryana,India,28.4667,77.0333,Asia/Kolkata,1789110022,11/9/2026 12:30,1789180200,12/9/2026 8:00,28.1,82.6,1,Cloudy,http://cdn.weatherapi.com/weather/64x64/day/119.png,1006,9.6,15.5,122,ESE,1010,29.81,0,0,0,67,82,30.5,86.9,28.1,82.6,30.7,87.3,21.4,70.5,0,14,0,0,10,6,13.4,21.6,1.4,23.3,74,539,22.8,83,19.8,25.4,25.5,2,3,84.88,43.33,0.6,80.63,,,,,,,,,,,,,,,,,,,,,,,,,,,,,,,,,,,,,,,,,,,,,,,,,,,,,,,,,,,,,,,,,,,,,,,,,,,,,,,,,,,,,,,,,,,,,
Gurgaon,Haryana,India,28.4667,77.0333,Asia/Kolkata,1789110022,11/9/2026 12:30,1789183800,12/9/2026 9:00,28.6,83.4,1,Overcast,http://cdn.weatherapi.com/weather/64x64/day/122.png,1009,10.7,17.3,123,SE,1010,29.83,0,0,0,65,89,31.1,88,28.6,83.4,31.3,88.4,21.4,70.6,0,14,0,0,10,6,14.8,23.8,2.7,23.5,74.3,505,17.6,112,18.7,21.4,21.4,2,2,161.14,71.69,2.16,152.83,,,,,,,,,,,,,,,,,,,,,,,,,,,,,,,,,,,,,,,,,,,,,,,,,,,,,,,,,,,,,,,,,,,,,,,,,,,,,,,,,,,,,,,,,,,,,
Gurgaon,Haryana,India,28.4667,77.0333,Asia/Kolkata,1789110022,11/9/2026 12:30,1789187400,12/9/2026 10:00,28.3,83,1,Overcast,http://cdn.weatherapi.com/weather/64x64/day/122.png,1009,8.7,14,113,ESE,1010,29.83,0,0,0,66,89,30.7,87.3,28.3,83,30.9,87.7,21.4,70.4,0,14,0,0,10,6,13.9,22.3,2.7,23.4,74.1,441,11,146,16.6,18.8,18.9,2,2,176.44,83.11,2.59,167.29,,,,,,,,,,,,,,,,,,,,,,,,,,,,,,,,,,,,,,,,,,,,,,,,,,,,,,,,,,,,,,,,,,,,,,,,,,,,,,,,,,,,,,,,,,,,,
Gurgaon,Haryana,India,28.4667,77.0333,Asia/Kolkata,1789110022,11/9/2026 12:30,1789191000,12/9/2026 11:00,29.1,84.4,1,Cloudy,http://cdn.weatherapi.com/weather/64x64/day/119.png,1006,7.8,12.6,105,ESE,1010,29.81,0,0,0,62,82,31.5,88.7,29.1,84.3,31.8,89.2,21.1,70,0,12,0,0,10,6,12.5,20.2,3.6,23.4,74.1,389,6.1,173,14.9,18.5,18.6,2,2,222.46,101.42,4.11,210.72,,,,,,,,,,,,,,,,,,,,,,,,,,,,,,,,,,,,,,,,,,,,,,,,,,,,,,,,,,,,,,,,,,,,,,,,,,,,,,,,,,,,,,,,,,,,,
Gurgaon,Haryana,India,28.4667,77.0333,Asia/Kolkata,1789110022,11/9/2026 12:30,1789194600,12/9/2026 12:00,30.8,87.4,1,Cloudy,http://cdn.weatherapi.com/weather/64x64/day/119.png,1006,6.9,11.2,109,ESE,1009,29.79,0,0,0,54,67,33.1,91.6,30.8,87.4,33.5,92.3,20.5,68.8,0,8,0,0,10,6,10.5,17,6.2,23.5,74.3,359,3.8,189,14,18.7,18.7,2,2,466.04,231.53,72.72,426.03,,,,,,,,,,,,,,,,,,,,,,,,,,,,,,,,,,,,,,,,,,,,,,,,,,,,,,,,,,,,,,,,,,,,,,,,,,,,,,,,,,,,,,,,,,,,,
Gurgaon,Haryana,India,28.4667,77.0333,Asia/Kolkata,1789110022,11/9/2026 12:30,1789198200,12/9/2026 13:00,31.8,89.2,1,Overcast,http://cdn.weatherapi.com/weather/64x64/day/122.png,1009,8.5,13.7,113,ESE,1008,29.76,0,0,0,51,92,34.1,93.4,31.8,89.2,34.6,94.4,20.3,68.5,0,10,0,0,10,6,10.6,17.1,7.2,23.7,74.6,341,3.2,197,13.5,19.7,19.7,2,2,522.52,238.96,123.63,467.55,,,,,,,,,,,,,,,,,,,,,,,,,,,,,,,,,,,,,,,,,,,,,,,,,,,,,,,,,,,,,,,,,,,,,,,,,,,,,,,,,,,,,,,,,,,,,
Gurgaon,Haryana,India,28.4667,77.0333,Asia/Kolkata,1789110022,11/9/2026 12:30,1789201800,12/9/2026 14:00,31.2,88.2,1,Overcast,http://cdn.weatherapi.com/weather/64x64/day/122.png,1009,8.9,14.4,123,ESE,1007,29.73,0,0,0,53,99,33.6,92.5,31.2,88.2,34.1,93.3,20.5,68.9,0,12,0,0,10,6,10.3,16.6,4.1,23.6,74.5,350,5.3,196,13.6,20.5,20.6,2,2,451.92,218.38,62.7,415,,,,,,,,,,,,,,,,,,,,,,,,,,,,,,,,,,,,,,,,,,,,,,,,,,,,,,,,,,,,,,,,,,,,,,,,,,,,,,,,,,,,,,,,,,,,,
Gurgaon,Haryana,India,28.4667,77.0333,Asia/Kolkata,1789110022,11/9/2026 12:30,1789205400,12/9/2026 15:00,30.8,87.5,1,Overcast,http://cdn.weatherapi.com/weather/64x64/day/122.png,1009,6.9,11.2,127,SE,1006,29.71,0,0,0,54,97,33.1,91.6,30.8,87.5,33.5,92.3,20.4,68.7,0,12,0,0,10,6,9.4,15.1,2.2,23.5,74.2,375,12,180,14.5,21,22.6,2,2,375.04,185.5,24.71,350.97,,,,,,,,,,,,,,,,,,,,,,,,,,,,,,,,,,,,,,,,,,,,,,,,,,,,,,,,,,,,,,,,,,,,,,,,,,,,,,,,,,,,,,,,,,,,,
Gurgaon,Haryana,India,28.4667,77.0333,Asia/Kolkata,1789110022,11/9/2026 12:30,1789209000,12/9/2026 16:00,31.1,88,1,Overcast,http://cdn.weatherapi.com/weather/64x64/day/122.png,1009,6.3,10.1,118,ESE,1006,29.71,0,0,0,53,88,33.4,92.1,31.1,88,33.9,93,20.4,68.7,0,10,0,0,10,6,8.5,13.7,0.9,23.5,74.3,426,21.3,153,16,21.7,22.6,2,2,327.34,163.38,12.68,308.47,,,,,,,,,,,,,,,,,,,,,,,,,,,,,,,,,,,,,,,,,,,,,,,,,,,,,,,,,,,,,,,,,,,,,,,,,,,,,,,,,,,,,,,,,,,,,
Gurgaon,Haryana,India,28.4667,77.0333,Asia/Kolkata,1789110022,11/9/2026 12:30,1789212600,12/9/2026 17:00,31,87.9,1,Cloudy,http://cdn.weatherapi.com/weather/64x64/day/119.png,1006,6,9.7,98,E,1006,29.72,0,0,0,54,71,33.5,92.3,31,87.9,33.9,93,20.6,69.1,0,8,0,0,10,6,8.1,13.1,0.3,23.6,74.6,547,28.4,129,17.2,25.6,26,2,3,295.71,146.46,8.25,279.43,,,,,,,,,,,,,,,,,,,,,,,,,,,,,,,,,,,,,,,,,,,,,,,,,,,,,,,,,,,,,,,,,,,,,,,,,,,,,,,,,,,,,,,,,,,,,
Gurgaon,Haryana,India,28.4667,77.0333,Asia/Kolkata,1789110022,11/9/2026 12:30,1789216200,12/9/2026 18:00,30.3,86.6,0,Partly Cloudy,http://cdn.weatherapi.com/weather/64x64/night/116.png,1003,5.8,9.4,92,E,1007,29.73,0,0,0,58,25,33,91.4,30.3,86.6,33.3,91.9,21,69.9,0,4,0,0,10,6,7.9,12.6,0,23.7,74.7,821,30.8,112,17.9,26.3,26.4,2,3,0,0,0,0,,,,,,,,,,,,,,,,,,,,,,,,,,,,,,,,,,,,,,,,,,,,,,,,,,,,,,,,,,,,,,,,,,,,,,,,,,,,,,,,,,,,,,,,,,,,,
Gurgaon,Haryana,India,28.4667,77.0333,Asia/Kolkata,1789110022,11/9/2026 12:30,1789219800,12/9/2026 19:00,29.7,85.4,0,Clear,http://cdn.weatherapi.com/weather/64x64/night/113.png,1000,6.3,10.1,98,E,1007,29.75,0,0,0,60,10,32.2,90,29.7,85.4,32.5,90.5,21.1,70,0,4,0,0,10,6,8.3,13.3,0,23.6,74.5,1165,31,96,18.5,24.6,24.7,2,3,0,0,0,0,,,,,,,,,,,,,,,,,,,,,,,,,,,,,,,,,,,,,,,,,,,,,,,,,,,,,,,,,,,,,,,,,,,,,,,,,,,,,,,,,,,,,,,,,,,,,
Gurgaon,Haryana,India,28.4667,77.0333,Asia/Kolkata,1789110022,11/9/2026 12:30,1789223400,12/9/2026 20:00,29.2,84.6,0,Clear,http://cdn.weatherapi.com/weather/64x64/night/113.png,1000,7.4,11.9,106,ESE,1008,29.77,0,0,0,63,5,31.9,89.4,29.2,84.6,32.1,89.8,21.5,70.6,0,4,0,0,10,6,10.3,16.6,0,23.7,74.6,1374,31,84,18.8,25.9,26,2,3,0,0,0,0,,,,,,,,,,,,,,,,,,,,,,,,,,,,,,,,,,,,,,,,,,,,,,,,,,,,,,,,,,,,,,,,,,,,,,,,,,,,,,,,,,,,,,,,,,,,,
Gurgaon,Haryana,India,28.4667,77.0333,Asia/Kolkata,1789110022,11/9/2026 12:30,1789227000,12/9/2026 21:00,28.7,83.6,0,Clear,http://cdn.weatherapi.com/weather/64x64/night/113.png,1000,7.2,11.5,112,ESE,1009,29.78,0,0,0,66,8,31.4,88.5,28.7,83.6,31.6,88.8,21.6,71,0,5,0,0,10,6,11,17.7,0,23.6,74.6,1337,32.2,74,19.1,27.3,27.4,2,3,0,0,0,0,,,,,,,,,,,,,,,,,,,,,,,,,,,,,,,,,,,,,,,,,,,,,,,,,,,,,,,,,,,,,,,,,,,,,,,,,,,,,,,,,,,,,,,,,,,,,
Gurgaon,Haryana,India,28.4667,77.0333,Asia/Kolkata,1789110022,11/9/2026 12:30,1789230600,12/9/2026 22:00,28.4,83.1,0,Clear,http://cdn.weatherapi.com/weather/64x64/night/113.png,1000,6.9,11.2,117,ESE,1009,29.79,0,0,0,67,10,30.9,87.6,28.4,83.1,31.2,88.1,21.6,70.8,0,5,0,0,10,6,11.7,18.8,0,23.5,74.4,1166,33.3,66,19.2,29,29,2,3,0,0,0,0,,,,,,,,,,,,,,,,,,,,,,,,,,,,,,,,,,,,,,,,,,,,,,,,,,,,,,,,,,,,,,,,,,,,,,,,,,,,,,,,,,,,,,,,,,,,,
Gurgaon,Haryana,India,28.4667,77.0333,Asia/Kolkata,1789110022,11/9/2026 12:30,1789234200,12/9/2026 23:00,27.9,82.3,0,Clear,http://cdn.weatherapi.com/weather/64x64/night/113.png,1000,6.9,11.2,114,ESE,1008,29.78,0,0,0,68,17,30.2,86.4,27.9,82.3,30.5,86.8,21.4,70.4,0,6,0,0,10,6,14.1,22.7,0,23.3,73.9,986,32.6,62,18.6,28.7,28.7,2,3,0,0,0,0,,,,,,,,,,,,,,,,,,,,,,,,,,,,,,,,,,,,,,,,,,,,,,,,,,,,,,,,,,,,,,,,,,,,,,,,,,,,,,,,,,,,,,,,,,,,,
Gurgaon,Haryana,India,28.4667,77.0333,Asia/Kolkata,1789110022,11/9/2026 12:30,1789237800,13-09-2026 00:00:00,29.4,84.8,0,Patchy rain nearby,http://cdn.weatherapi.com/weather/64x64/night/176.png,1063,8.3,13.3,138,SE,1007,29.73,0,0,0,66,100,32.8,91,29.4,84.8,32.9,91.3,22.4,72.4,0,18,0,0,10,6,14.6,23.5,0,24.4,75.8,826,28.6,62,16.7,25.4,25.4,2,3,0,0,0,0,,,,,,,,,,,,,,,,,,,,,,,,,,,,,,,,,,,,,,,,,,,,,,,,,,,,,,,,,,,,,,,,,,,,,,,,,,,,,,,,,,,,,,,,,,,,,
Gurgaon,Haryana,India,28.4667,77.0333,Asia/Kolkata,1789110022,11/9/2026 12:30,1789241400,13-09-2026 01:00:00,29.1,84.3,0,Overcast,http://cdn.weatherapi.com/weather/64x64/night/122.png,1009,7.6,12.2,139,SE,1007,29.72,0,0,0,68,100,32.5,90.5,29.1,84.3,32.6,90.7,22.5,72.5,0,17,0,0,10,6,14,22.5,0,24.3,75.8,658,22.8,65,14.1,21.6,21.7,2,2,0,0,0,0,,,,,,,,,,,,,,,,,,,,,,,,,,,,,,,,,,,,,,,,,,,,,,,,,,,,,,,,,,,,,,,,,,,,,,,,,,,,,,,,,,,,,,,,,,,,,
Gurgaon,Haryana,India,28.4667,77.0333,Asia/Kolkata,1789110022,11/9/2026 12:30,1789245000,13-09-2026 02:00:00,28.8,83.8,0,Patchy rain nearby,http://cdn.weatherapi.com/weather/64x64/night/176.png,1063,6.5,10.4,144,SE,1006,29.72,0,0,0,69,100,32.1,89.8,28.8,83.8,32.3,90.1,22.6,72.7,0,18,0,0,10,6,11.9,19.1,0,24.3,75.8,527,18.5,67,12.3,18.7,18.7,2,2,0,0,0,0,,,,,,,,,,,,,,,,,,,,,,,,,,,,,,,,,,,,,,,,,,,,,,,,,,,,,,,,,,,,,,,,,,,,,,,,,,,,,,,,,,,,,,,,,,,,,
Gurgaon,Haryana,India,28.4667,77.0333,Asia/Kolkata,1789110022,11/9/2026 12:30,1789248600,13-09-2026 03:00:00,28.3,83,0,Overcast,http://cdn.weatherapi.com/weather/64x64/night/122.png,1009,6,9.7,144,SE,1006,29.72,0,0,0,71,95,31.4,88.5,28.3,83,31.6,88.8,22.5,72.5,0,17,0,0,10,6,10.8,17.3,0,24.1,75.4,453,17.3,63,12,16.7,16.8,2,2,0,0,0,0,,,,,,,,,,,,,,,,,,,,,,,,,,,,,,,,,,,,,,,,,,,,,,,,,,,,,,,,,,,,,,,,,,,,,,,,,,,,,,,,,,,,,,,,,,,,,
Gurgaon,Haryana,India,28.4667,77.0333,Asia/Kolkata,1789110022,11/9/2026 12:30,1789252200,13-09-2026 04:00:00,27.9,82.3,0,Patchy rain nearby,http://cdn.weatherapi.com/weather/64x64/night/176.png,1063,6,9.7,150,SSE,1007,29.72,0,0,0,72,81,30.9,87.6,27.9,82.3,31.1,88,22.5,72.5,0,17,0,0,10,6,10.8,17.4,0,24,75.2,415,17.6,58,12.5,15.7,15.8,2,2,0,0,0,0,,,,,,,,,,,,,,,,,,,,,,,,,,,,,,,,,,,,,,,,,,,,,,,,,,,,,,,,,,,,,,,,,,,,,,,,,,,,,,,,,,,,,,,,,,,,,
Gurgaon,Haryana,India,28.4667,77.0333,Asia/Kolkata,1789110022,11/9/2026 12:30,1789255800,13-09-2026 05:00:00,27.7,81.8,0,Cloudy,http://cdn.weatherapi.com/weather/64x64/night/119.png,1006,5.6,9,147,SSE,1007,29.74,0,0,0,73,78,30.4,86.7,27.7,81.8,30.7,87.3,22.5,72.5,0,15,0,0,10,6,9.7,15.6,0,23.9,75.1,395,17.6,57,13.3,15.7,15.7,2,2,0,0,0,0,,,,,,,,,,,,,,,,,,,,,,,,,,,,,,,,,,,,,,,,,,,,,,,,,,,,,,,,,,,,,,,,,,,,,,,,,,,,,,,,,,,,,,,,,,,,,
Gurgaon,Haryana,India,28.4667,77.0333,Asia/Kolkata,1789110022,11/9/2026 12:30,1789259400,13-09-2026 06:00:00,27.5,81.5,1,Patchy rain nearby,http://cdn.weatherapi.com/weather/64x64/day/176.png,1063,6.7,10.8,136,SE,1008,29.76,0,0,0,75,96,30.3,86.5,27.5,81.5,30.6,87.1,22.6,72.7,0,22,0,0,10,6,11.5,18.5,0,24,75.2,399,17,63,14.6,17.1,17.1,2,2,4.58,2.26,0,4.36,,,,,,,,,,,,,,,,,,,,,,,,,,,,,,,,,,,,,,,,,,,,,,,,,,,,,,,,,,,,,,,,,,,,,,,,,,,,,,,,,,,,,,,,,,,,,
Gurgaon,Haryana,India,28.4667,77.0333,Asia/Kolkata,1789110022,11/9/2026 12:30,1789263000,13-09-2026 07:00:00,28,82.4,1,Overcast,http://cdn.weatherapi.com/weather/64x64/day/122.png,1009,8.7,14,130,SE,1008,29.78,0,0,0,73,100,31.1,88,28,82.4,31.3,88.4,22.8,73,0,19,0,0,10,6,14.2,22.8,0.6,24.2,75.6,421,16.3,73,16.1,16.6,16.8,2,2,51.96,23.97,0.22,49.39,,,,,,,,,,,,,,,,,,,,,,,,,,,,,,,,,,,,,,,,,,,,,,,,,,,,,,,,,,,,,,,,,,,,,,,,,,,,,,,,,,,,,,,,,,,,,
Gurgaon,Haryana,India,28.4667,77.0333,Asia/Kolkata,1789110022,11/9/2026 12:30,1789266600,13-09-2026 08:00:00,29,84.2,1,Patchy rain nearby,http://cdn.weatherapi.com/weather/64x64/day/176.png,1063,9.2,14.8,122,ESE,1009,29.8,0,0,0,69,67,32.6,90.7,29,84.2,32.7,90.8,22.8,73,0,13,0,0,10,6,13.9,22.4,2,24.5,76.1,428,14.7,87,17.1,18.6,25.4,2,2,131.68,49.58,1.44,124.97,,,,,,,,,,,,,,,,,,,,,,,,,,,,,,,,,,,,,,,,,,,,,,,,,,,,,,,,,,,,,,,,,,,,,,,,,,,,,,,,,,,,,,,,,,,,,
Gurgaon,Haryana,India,28.4667,77.0333,Asia/Kolkata,1789110022,11/9/2026 12:30,1789270200,13-09-2026 09:00:00,30.6,87,1,Sunny,http://cdn.weatherapi.com/weather/64x64/day/113.png,1000,10.3,16.6,115,ESE,1010,29.83,0,0,0,58,8,33.5,92.3,30.6,87,33.8,92.9,21.4,70.6,0,3,0,0,10,6,13.9,22.4,4.3,24,75.3,400,11.6,109,16.9,18.2,23.1,2,2,221.86,70.6,4.09,210.15,,,,,,,,,,,,,,,,,,,,,,,,,,,,,,,,,,,,,,,,,,,,,,,,,,,,,,,,,,,,,,,,,,,,,,,,,,,,,,,,,,,,,,,,,,,,,
Gurgaon,Haryana,India,28.4667,77.0333,Asia/Kolkata,1789110022,11/9/2026 12:30,1789273800,13-09-2026 10:00:00,31.9,89.4,1,Partly Cloudy,http://cdn.weatherapi.com/weather/64x64/day/116.png,1003,10.5,16.9,116,ESE,1010,29.82,0,0,0,53,32,35,95,31.9,89.4,35.4,95.8,21.3,70.3,0,4,0,0,10,6,13.4,21.6,6.8,24.3,75.7,356,7.7,136,16.1,17.9,20.2,2,2,310.34,86.11,10,292.92,,,,,,,,,,,,,,,,,,,,,,,,,,,,,,,,,,,,,,,,,,,,,,,,,,,,,,,,,,,,,,,,,,,,,,,,,,,,,,,,,,,,,,,,,,,,,
Gurgaon,Haryana,India,28.4667,77.0333,Asia/Kolkata,1789110022,11/9/2026 12:30,1789277400,13-09-2026 11:00:00,33,91.3,1,Cloudy,http://cdn.weatherapi.com/weather/64x64/day/119.png,1006,9.8,15.8,114,ESE,1009,29.81,0,0,0,49,66,36,96.8,33,91.3,36.5,97.8,20.9,69.6,0,6,0,0,10,6,12.6,20.2,8.7,24.3,75.8,319,4.9,157,15.4,17.7,19,2,2,388.85,98.78,29.67,362.91,,,,,,,,,,,,,,,,,,,,,,,,,,,,,,,,,,,,,,,,,,,,,,,,,,,,,,,,,,,,,,,,,,,,,,,,,,,,,,,,,,,,,,,,,,,,,
Gurgaon,Haryana,India,28.4667,77.0333,Asia/Kolkata,1789110022,11/9/2026 12:30,1789281000,13-09-2026 12:00:00,33.8,92.9,1,Partly Cloudy,http://cdn.weatherapi.com/weather/64x64/day/116.png,1003,9.6,15.5,111,ESE,1009,29.78,0,0,0,46,50,36.7,98.1,33.9,92.9,37.3,99.2,20.4,68.8,0,4,0,0,10,6,12.1,19.4,9.3,24.3,75.7,291,3.5,169,15.1,18.6,19.6,2,2,829.76,182.67,680.4,626.18,,,,,,,,,,,,,,,,,,,,,,,,,,,,,,,,,,,,,,,,,,,,,,,,,,,,,,,,,,,,,,,,,,,,,,,,,,,,,,,,,,,,,,,,,,,,,
Gurgaon,Haryana,India,28.4667,77.0333,Asia/Kolkata,1789110022,11/9/2026 12:30,1789284600,13-09-2026 13:00:00,34.7,94.4,1,Sunny,http://cdn.weatherapi.com/weather/64x64/day/113.png,1000,9.6,15.5,109,ESE,1008,29.76,0,0,0,42,22,37.3,99.1,34.7,94.4,38,100.5,20,68,0,2,0,0,10,6,12.1,19.5,8.4,24.3,75.7,270,3.2,175,15,19.3,20,2,2,825.84,173.72,672.09,624.44,,,,,,,,,,,,,,,,,,,,,,,,,,,,,,,,,,,,,,,,,,,,,,,,,,,,,,,,,,,,,,,,,,,,,,,,,,,,,,,,,,,,,,,,,,,,,
Gurgaon,Haryana,India,28.4667,77.0333,Asia/Kolkata,1789110022,11/9/2026 12:30,1789288200,13-09-2026 14:00:00,35.2,95.3,1,Patchy rain nearby,http://cdn.weatherapi.com/weather/64x64/day/176.png,1063,10.3,16.6,108,ESE,1007,29.73,0,0,0,40,85,35.4,95.7,35.2,95.3,38.3,100.9,19.5,67.1,0,17,0,0,10,6,11.9,19.2,6.2,24.1,75.4,276,4.4,173,15.1,19.8,20.4,2,2,797.47,168.61,610.82,612.17,,,,,,,,,,,,,,,,,,,,,,,,,,,,,,,,,,,,,,,,,,,,,,,,,,,,,,,,,,,,,,,,,,,,,,,,,,,,,,,,,,,,,,,,,,,,,
Gurgaon,Haryana,India,28.4667,77.0333,Asia/Kolkata,1789110022,11/9/2026 12:30,1789291800,13-09-2026 15:00:00,35,94.9,1,Patchy rain nearby,http://cdn.weatherapi.com/weather/64x64/day/176.png,1063,10.1,16.2,108,ESE,1006,29.7,0,0,0,40,62,35.2,95.4,35,94.9,37.8,100.1,19.2,66.6,0,6,0,0,10,6,11.5,18.5,3.4,23.9,75,324,7.8,161,15.3,20.1,20.7,2,2,748.54,161.56,504.07,591.25,,,,,,,,,,,,,,,,,,,,,,,,,,,,,,,,,,,,,,,,,,,,,,,,,,,,,,,,,,,,,,,,,,,,,,,,,,,,,,,,,,,,,,,,,,,,,
Gurgaon,Haryana,India,28.4667,77.0333,Asia/Kolkata,1789110022,11/9/2026 12:30,1789295400,13-09-2026 16:00:00,34.4,93.9,1,Patchy rain nearby,http://cdn.weatherapi.com/weather/64x64/day/176.png,1063,9.8,15.8,104,ESE,1006,29.69,0,0,0,41,57,36.4,97.5,34.4,93.9,37.1,98.8,19.2,66.5,0,5,0,0,10,6,11.2,18.1,1,23.7,74.7,400,12.7,142,15.6,19.7,20.3,2,2,682.03,152.8,366.64,560.97,,,,,,,,,,,,,,,,,,,,,,,,,,,,,,,,,,,,,,,,,,,,,,,,,,,,,,,,,,,,,,,,,,,,,,,,,,,,,,,,,,,,,,,,,,,,,
Gurgaon,Haryana,India,28.4667,77.0333,Asia/Kolkata,1789110022,11/9/2026 12:30,1789299000,13-09-2026 17:00:00,33.7,92.6,1,Cloudy,http://cdn.weatherapi.com/weather/64x64/day/119.png,1006,9.6,15.5,108,ESE,1006,29.7,0,0,0,44,78,36,96.8,33.7,92.6,36.7,98,19.8,67.7,0,7,0,0,10,6,11.9,19.2,0.3,23.9,75,478,17.5,123,16.5,22.6,23.1,2,2,603.89,140.3,229.62,519.52,,,,,,,,,,,,,,,,,,,,,,,,,,,,,,,,,,,,,,,,,,,,,,,,,,,,,,,,,,,,,,,,,,,,,,,,,,,,,,,,,,,,,,,,,,,,,
Gurgaon,Haryana,India,28.4667,77.0333,Asia/Kolkata,1789110022,11/9/2026 12:30,1789302600,13-09-2026 18:00:00,32.3,90.1,0,Partly Cloudy,http://cdn.weatherapi.com/weather/64x64/night/116.png,1003,10.5,16.9,114,ESE,1007,29.72,0,0,0,51,60,35.1,95.2,32.3,90.1,35.6,96.1,20.8,69.5,0,6,0,0,10,6,13.9,22.4,0,24.1,75.4,569,22.2,105,18.6,25.6,25.8,2,3,0,0,0,0,,,,,,,,,,,,,,,,,,,,,,,,,,,,,,,,,,,,,,,,,,,,,,,,,,,,,,,,,,,,,,,,,,,,,,,,,,,,,,,,,,,,,,,,,,,,,
Gurgaon,Haryana,India,28.4667,77.0333,Asia/Kolkata,1789110022,11/9/2026 12:30,1789306200,13-09-2026 19:00:00,31.3,88.4,0,Clear,http://cdn.weatherapi.com/weather/64x64/night/113.png,1000,9.4,15.1,110,ESE,1007,29.74,0,0,0,55,5,34.2,93.6,31.3,88.4,34.6,94.2,21.1,70,0,3,0,0,10,6,13.6,22,0,24,75.2,663,26.7,88,21.2,26.9,27.2,2,3,0,0,0,0,,,,,,,,,,,,,,,,,,,,,,,,,,,,,,,,,,,,,,,,,,,,,,,,,,,,,,,,,,,,,,,,,,,,,,,,,,,,,,,,,,,,,,,,,,,,,
Gurgaon,Haryana,India,28.4667,77.0333,Asia/Kolkata,1789110022,11/9/2026 12:30,1789309800,13-09-2026 20:00:00,30.7,87.3,0,Clear,http://cdn.weatherapi.com/weather/64x64/night/113.png,1000,8.9,14.4,107,ESE,1008,29.77,0,0,0,57,5,33.5,92.3,30.7,87.3,33.9,93,21.2,70.1,0,3,0,0,10,6,14.2,22.8,0,23.9,75,706,29,75,22.4,27.3,27.5,2,3,0,0,0,0,,,,,,,,,,,,,,,,,,,,,,,,,,,,,,,,,,,,,,,,,,,,,,,,,,,,,,,,,,,,,,,,,,,,,,,,,,,,,,,,,,,,,,,,,,,,,
Gurgaon,Haryana,India,28.4667,77.0333,Asia/Kolkata,1789110022,11/9/2026 12:30,1789313400,13-09-2026 21:00:00,30.3,86.5,0,Clear,http://cdn.weatherapi.com/weather/64x64/night/113.png,1000,9.2,14.8,116,ESE,1009,29.79,0,0,0,59,5,33.1,91.6,30.3,86.5,33.4,92.1,21.3,70.4,0,3,0,0,10,6,16.1,26,0,23.9,75,660,27.8,69,21.1,28.2,28.4,2,3,0,0,0,0,,,,,,,,,,,,,,,,,,,,,,,,,,,,,,,,,,,,,,,,,,,,,,,,,,,,,,,,,,,,,,,,,,,,,,,,,,,,,,,,,,,,,,,,,,,,,
Gurgaon,Haryana,India,28.4667,77.0333,Asia/Kolkata,1789110022,11/9/2026 12:30,1789317000,13-09-2026 22:00:00,29.5,85.1,0,Partly Cloudy,http://cdn.weatherapi.com/weather/64x64/night/116.png,1003,9.2,14.8,124,SE,1009,29.79,0,0,0,62,38,32.3,90.1,29.5,85.1,32.5,90.5,21.5,70.8,0,6,0,0,10,6,17.1,27.5,0,23.8,74.8,564,24.4,68,18.5,27.2,27.4,2,3,0,0,0,0,,,,,,,,,,,,,,,,,,,,,,,,,,,,,,,,,,,,,,,,,,,,,,,,,,,,,,,,,,,,,,,,,,,,,,,,,,,,,,,,,,,,,,,,,,,,,
Gurgaon,Haryana,India,28.4667,77.0333,Asia/Kolkata,1789110022,11/9/2026 12:30,1789320600,13-09-2026 23:00:00,29.3,84.7,0,Partly Cloudy,http://cdn.weatherapi.com/weather/64x64/night/116.png,1003,7.6,12.2,117,ESE,1009,29.78,0,0,0,64,38,32.1,89.8,29.3,84.7,32.3,90.2,21.7,71.1,0,7,0,0,10,6,16.1,26,0,23.9,74.9,482,21.1,68,16.3,23.4,23.6,2,2,0,0,0,0,,,,,,,,,,,,,,,,,,,,,,,,,,,,,,,,,,,,,,,,,,,,,,,,,,,,,,,,,,,,,,,,,,,,,,,,,,,,,,,,,,,,,,,,,,,,,
Gurgaon,Haryana,India,28.4667,77.0333,Asia/Kolkata,1789110022,11/9/2026 12:30,1789324200,14-09-2026 00:00:00,28.9,84.1,0,Clear,http://cdn.weatherapi.com/weather/64x64/night/113.png,1000,8.1,13,116,ESE,1008,29.78,0,0,0,64,10,31.6,88.9,28.9,84.1,31.8,89.3,21.6,70.8,0,5,0,0,10,6,16.6,26.7,0,23.7,74.6,438,18.5,67,15.1,20.3,20.5,2,2,0,0,0,0,,,,,,,,,,,,,,,,,,,,,,,,,,,,,,,,,,,,,,,,,,,,,,,,,,,,,,,,,,,,,,,,,,,,,,,,,,,,,,,,,,,,,,,,,,,,,
Gurgaon,Haryana,India,28.4667,77.0333,Asia/Kolkata,1789110022,11/9/2026 12:30,1789327800,14-09-2026 01:00:00,28.6,83.4,0,Clear,http://cdn.weatherapi.com/weather/64x64/night/113.png,1000,8.1,13,119,ESE,1008,29.77,0,0,0,65,5,31,87.8,28.6,83.4,31.3,88.3,21.4,70.5,0,4,0,0,10,6,16.8,27.1,0,23.5,74.2,408,16.1,67,14.4,18.1,18.3,2,2,0,0,0,0,,,,,,,,,,,,,,,,,,,,,,,,,,,,,,,,,,,,,,,,,,,,,,,,,,,,,,,,,,,,,,,,,,,,,,,,,,,,,,,,,,,,,,,,,,,,,
Gurgaon,Haryana,India,28.4667,77.0333,Asia/Kolkata,1789110022,11/9/2026 12:30,1789331400,14-09-2026 02:00:00,28.3,83,0,Clear,http://cdn.weatherapi.com/weather/64x64/night/113.png,1000,7.8,12.6,123,ESE,1007,29.75,0,0,0,65,6,30.7,87.3,28.3,83,30.9,87.6,21.2,70.2,0,4,0,0,10,6,17,27.4,0,23.3,73.9,379,14.4,67,14.2,16.5,16.7,2,2,0,0,0,0,,,,,,,,,,,,,,,,,,,,,,,,,,,,,,,,,,,,,,,,,,,,,,,,,,,,,,,,,,,,,,,,,,,,,,,,,,,,,,,,,,,,,,,,,,,,,
Gurgaon,Haryana,India,28.4667,77.0333,Asia/Kolkata,1789110022,11/9/2026 12:30,1789335000,14-09-2026 03:00:00,27.9,82.3,0,Clear,http://cdn.weatherapi.com/weather/64x64/night/113.png,1000,8.3,13.3,123,ESE,1007,29.74,0,0,0,67,5,30.1,86.2,27.9,82.3,30.4,86.7,21.2,70.1,0,5,0,0,10,6,16.8,27,0,23.1,73.7,341,13.8,65,14.8,16,16.4,2,2,0,0,0,0,,,,,,,,,,,,,,,,,,,,,,,,,,,,,,,,,,,,,,,,,,,,,,,,,,,,,,,,,,,,,,,,,,,,,,,,,,,,,,,,,,,,,,,,,,,,,
Gurgaon,Haryana,India,28.4667,77.0333,Asia/Kolkata,1789110022,11/9/2026 12:30,1789338600,14-09-2026 04:00:00,27.6,81.7,0,Clear,http://cdn.weatherapi.com/weather/64x64/night/113.png,1000,8.3,13.3,117,ESE,1007,29.75,0,0,0,69,5,29.8,85.6,27.6,81.7,30.1,86.2,21.4,70.6,0,5,0,0,10,6,15.7,25.2,0,23.2,73.8,305,13.8,63,15.9,16.1,16.5,2,2,0,0,0,0,,,,,,,,,,,,,,,,,,,,,,,,,,,,,,,,,,,,,,,,,,,,,,,,,,,,,,,,,,,,,,,,,,,,,,,,,,,,,,,,,,,,,,,,,,,,,
Gurgaon,Haryana,India,28.4667,77.0333,Asia/Kolkata,1789110022,11/9/2026 12:30,1789342200,14-09-2026 05:00:00,27.3,81.2,0,Clear,http://cdn.weatherapi.com/weather/64x64/night/113.png,1000,8.3,13.3,117,ESE,1008,29.77,0,0,0,71,6,29.5,85.1,27.3,81.2,29.8,85.7,21.6,70.8,0,6,0,0,10,6,16.3,26.3,0,23.2,73.8,293,14,63,16.8,19.4,43.4,2,2,0,0,0,0,,,,,,,,,,,,,,,,,,,,,,,,,,,,,,,,,,,,,,,,,,,,,,,,,,,,,,,,,,,,,,,,,,,,,,,,,,,,,,,,,,,,,,,,,,,,,
Gurgaon,Haryana,India,28.4667,77.0333,Asia/Kolkata,1789110022,11/9/2026 12:30,1789345800,14-09-2026 06:00:00,27.2,81,1,Sunny,http://cdn.weatherapi.com/weather/64x64/day/113.png,1000,8.1,13,120,ESE,1009,29.79,0,0,0,72,9,29.4,84.9,27.2,81,29.7,85.5,21.7,71,0,6,0,0,10,6,17,27.4,0,23.2,73.8,329,14.3,66,17.4,17.2,21.7,2,2,3.86,2.14,0,3.67,,,,,,,,,,,,,,,,,,,,,,,,,,,,,,,,,,,,,,,,,,,,,,,,,,,,,,,,,,,,,,,,,,,,,,,,,,,,,,,,,,,,,,,,,,,,,
Gurgaon,Haryana,India,28.4667,77.0333,Asia/Kolkata,1789110022,11/9/2026 12:30,1789349400,14-09-2026 07:00:00,27.9,82.3,1,Sunny,http://cdn.weatherapi.com/weather/64x64/day/113.png,1000,8.7,14,116,ESE,1010,29.81,0,0,0,68,9,30.3,86.5,27.9,82.3,30.5,86.9,21.4,70.6,0,5,0,0,10,6,16.6,26.7,0.6,23.3,74,389,14.8,71,17.8,16.6,18.6,2,2,51.44,23.55,0.22,48.9,,,,,,,,,,,,,,,,,,,,,,,,,,,,,,,,,,,,,,,,,,,,,,,,,,,,,,,,,,,,,,,,,,,,,,,,,,,,,,,,,,,,,,,,,,,,,
Gurgaon,Haryana,India,28.4667,77.0333,Asia/Kolkata,1789110022,11/9/2026 12:30,1789353000,14-09-2026 08:00:00,29.2,84.6,1,Overcast,http://cdn.weatherapi.com/weather/64x64/day/122.png,1009,9.8,15.8,112,ESE,1010,29.83,0,0,0,61,100,31.5,88.7,29.2,84.6,31.8,89.2,20.9,69.6,0,14,0,0,10,6,15.2,24.5,1.9,23.3,74,422,14.3,80,18,12.8,13.4,1,2,131.96,48.2,1.45,125.23,,,,,,,,,,,,,,,,,,,,,,,,,,,,,,,,,,,,,,,,,,,,,,,,,,,,,,,,,,,,,,,,,,,,,,,,,,,,,,,,,,,,,,,,,,,,,
Gurgaon,Haryana,India,28.4667,77.0333,Asia/Kolkata,1789110022,11/9/2026 12:30,1789356600,14-09-2026 09:00:00,30.4,86.7,1,Overcast,http://cdn.weatherapi.com/weather/64x64/day/122.png,1009,9.6,15.5,113,ESE,1010,29.83,0,0,0,56,100,32.8,91,30.4,86.7,33.2,91.7,20.8,69.4,0,13,0,0,10,6,13.2,21.3,3.9,23.6,74.4,397,12,97,18,11.3,11.5,1,1,212.3,81.79,3.75,201.13,,,,,,,,,,,,,,,,,,,,,,,,,,,,,,,,,,,,,,,,,,,,,,,,,,,,,,,,,,,,,,,,,,,,,,,,,,,,,,,,,,,,,,,,,,,,,
Gurgaon,Haryana,India,28.4667,77.0333,Asia/Kolkata,1789110022,11/9/2026 12:30,1789360200,14-09-2026 10:00:00,31.3,88.4,1,Overcast,http://cdn.weatherapi.com/weather/64x64/day/122.png,1009,9.2,14.8,117,ESE,1010,29.83,0,0,0,54,100,34,93.2,31.3,88.4,34.4,93.9,20.8,69.4,0,12,0,0,10,6,11.7,18.8,6,23.8,74.9,345,8.8,117,17.8,11.3,11.4,1,1,283.68,115.71,7.13,268.25,,,,,,,,,,,,,,,,,,,,,,,,,,,,,,,,,,,,,,,,,,,,,,,,,,,,,,,,,,,,,,,,,,,,,,,,,,,,,,,,,,,,,,,,,,,,,
Gurgaon,Haryana,India,28.4667,77.0333,Asia/Kolkata,1789110022,11/9/2026 12:30,1789363800,14-09-2026 11:00:00,32,89.7,1,Cloudy,http://cdn.weatherapi.com/weather/64x64/day/119.png,1006,6.5,10.4,139,SE,1009,29.79,0,0,0,52,79,35.1,95.2,32,89.7,35.5,95.9,21.1,70,0,9,0,0,10,6,17.7,28.4,7.2,24.2,75.6,307,6.6,131,17.5,13.1,13.2,1,2,346.98,146.88,16.76,326.17,,,,,,,,,,,,,,,,,,,,,,,,,,,,,,,,,,,,,,,,,,,,,,,,,,,,,,,,,,,,,,,,,,,,,,,,,,,,,,,,,,,,,,,,,,,,,
Gurgaon,Haryana,India,28.4667,77.0333,Asia/Kolkata,1789110022,11/9/2026 12:30,1789367400,14-09-2026 12:00:00,33.9,92.9,1,Partly Cloudy,http://cdn.weatherapi.com/weather/64x64/day/116.png,1003,8.1,13,126,SE,1008,29.78,0,0,0,44,36,36.3,97.3,33.9,92.9,37,98.6,20,67.9,0,3,0,0,10,6,9,14.5,6.9,24,75.3,289,6,134,17,13.3,13.4,1,2,636.92,319.96,283.64,537.98,,,,,,,,,,,,,,,,,,,,,,,,,,,,,,,,,,,,,,,,,,,,,,,,,,,,,,,,,,,,,,,,,,,,,,,,,,,,,,,,,,,,,,,,,,,,,
Gurgaon,Haryana,India,28.4667,77.0333,Asia/Kolkata,1789110022,11/9/2026 12:30,1789371000,14-09-2026 13:00:00,34.7,94.4,1,Cloudy,http://cdn.weatherapi.com/weather/64x64/day/119.png,1006,7.8,12.6,129,SE,1007,29.74,0,0,0,42,64,37.1,98.8,34.7,94.4,37.8,100.1,19.7,67.5,0,5,0,0,10,6,8.5,13.8,4.7,24.1,75.4,286,6.5,131,16.4,14.7,14.8,1,2,476.26,251.49,80.62,433.86,,,,,,,,,,,,,,,,,,,,,,,,,,,,,,,,,,,,,,,,,,,,,,,,,,,,,,,,,,,,,,,,,,,,,,,,,,,,,,,,,,,,,,,,,,,,,
Gurgaon,Haryana,India,28.4667,77.0333,Asia/Kolkata,1789110022,11/9/2026 12:30,1789374600,14-09-2026 14:00:00,32.8,91,1,Overcast,http://cdn.weatherapi.com/weather/64x64/day/122.png,1009,2,3.2,206,SSW,1006,29.71,0,0,0,47,100,35.1,95.2,32.8,91,35.7,96.3,20,68.1,0,11,0,0,10,6,4.1,6.6,3.5,23.8,74.8,323,8.5,125,16.3,15.1,15.2,1,2,388.98,210.36,29.72,363.02,,,,,,,,,,,,,,,,,,,,,,,,,,,,,,,,,,,,,,,,,,,,,,,,,,,,,,,,,,,,,,,,,,,,,,,,,,,,,,,,,,,,,,,,,,,,,
Gurgaon,Haryana,India,28.4667,77.0333,Asia/Kolkata,1789110022,11/9/2026 12:30,1789378200,14-09-2026 15:00:00,34.4,93.9,1,Patchy rain nearby,http://cdn.weatherapi.com/weather/64x64/day/176.png,1063,7.2,11.5,114,ESE,1005,29.69,0,0,0,41,94,36.5,97.7,34.4,93.9,37.2,99,19.3,66.8,0,17,0,0,10,6,13.9,22.3,2.5,23.8,74.8,415,13.2,115,16.9,14.9,15,1,2,371.47,201.11,23.55,347.85,,,,,,,,,,,,,,,,,,,,,,,,,,,,,,,,,,,,,,,,,,,,,,,,,,,,,,,,,,,,,,,,,,,,,,,,,,,,,,,,,,,,,,,,,,,,,
Gurgaon,Haryana,India,28.4667,77.0333,Asia/Kolkata,1789110022,11/9/2026 12:30,1789381800,14-09-2026 16:00:00,33.4,92.1,1,Patchy rain nearby,http://cdn.weatherapi.com/weather/64x64/day/176.png,1063,7.4,11.9,110,ESE,1006,29.7,0,0,0,45,96,35.7,96.3,33.4,92.1,36.4,97.4,19.9,67.8,0,17,0,0,10,6,7.6,12.2,1.2,23.9,74.9,548,19.4,101,18,16.4,16.5,2,2,369.47,193.06,22.92,346.1,,,,,,,,,,,,,,,,,,,,,,,,,,,,,,,,,,,,,,,,,,,,,,,,,,,,,,,,,,,,,,,,,,,,,,,,,,,,,,,,,,,,,,,,,,,,,
Gurgaon,Haryana,India,28.4667,77.0333,Asia/Kolkata,1789110022,11/9/2026 12:30,1789385400,14-09-2026 17:00:00,31.5,88.7,1,Patchy rain nearby,http://cdn.weatherapi.com/weather/64x64/day/176.png,1063,4.5,7.2,167,SSE,1006,29.7,0,0,0,55,98,34.6,94.3,31.5,88.7,35,94.9,21.3,70.4,0,13,0,0,10,6,4.6,7.3,0.3,24.2,75.6,700,24.4,89,19,19.2,19.3,2,2,338.58,175.8,14.87,318.63,,,,,,,,,,,,,,,,,,,,,,,,,,,,,,,,,,,,,,,,,,,,,,,,,,,,,,,,,,,,,,,,,,,,,,,,,,,,,,,,,,,,,,,,,,,,,
Gurgaon,Haryana,India,28.4667,77.0333,Asia/Kolkata,1789110022,11/9/2026 12:30,1789389000,14-09-2026 18:00:00,31.9,89.5,0,Patchy rain nearby,http://cdn.weatherapi.com/weather/64x64/night/176.png,1063,6.5,10.4,107,ESE,1006,29.71,0,0,0,52,85,34.7,94.5,31.9,89.5,35.2,95.4,20.9,69.5,0,10,0,0,10,6,8.6,13.8,0,24,75.3,919,27.3,80,20,22.1,22.2,2,2,0,0,0,0,,,,,,,,,,,,,,,,,,,,,,,,,,,,,,,,,,,,,,,,,,,,,,,,,,,,,,,,,,,,,,,,,,,,,,,,,,,,,,,,,,,,,,,,,,,,,
Gurgaon,Haryana,India,28.4667,77.0333,Asia/Kolkata,1789110022,11/9/2026 12:30,1789392600,14-09-2026 19:00:00,31.6,88.8,0,Partly Cloudy,http://cdn.weatherapi.com/weather/64x64/night/116.png,1003,6.7,10.8,105,ESE,1006,29.72,0,0,0,54,56,34.5,94.1,31.6,88.8,34.9,94.8,21.1,69.9,0,6,0,0,10,6,8.7,14.1,0,24.1,75.3,1158,29,73,20.9,24,24,2,3,0,0,0,0,,,,,,,,,,,,,,,,,,,,,,,,,,,,,,,,,,,,,,,,,,,,,,,,,,,,,,,,,,,,,,,,,,,,,,,,,,,,,,,,,,,,,,,,,,,,,
Gurgaon,Haryana,India,28.4667,77.0333,Asia/Kolkata,1789110022,11/9/2026 12:30,1789396200,14-09-2026 20:00:00,29.8,85.6,0,Cloudy,http://cdn.weatherapi.com/weather/64x64/night/119.png,1006,7.4,11.9,132,SE,1007,29.73,0,0,0,61,64,32.6,90.7,29.8,85.6,32.9,91.1,21.5,70.7,0,9,0,0,10,6,10.7,17.3,0,23.8,74.9,1258,29.3,68,21.3,23.6,23.7,2,2,0,0,0,0,,,,,,,,,,,,,,,,,,,,,,,,,,,,,,,,,,,,,,,,,,,,,,,,,,,,,,,,,,,,,,,,,,,,,,,,,,,,,,,,,,,,,,,,,,,,,
Gurgaon,Haryana,India,28.4667,77.0333,Asia/Kolkata,1789110022,11/9/2026 12:30,1789399800,14-09-2026 21:00:00,29.6,85.4,0,Clear,http://cdn.weatherapi.com/weather/64x64/night/113.png,1000,8.1,13,108,ESE,1008,29.77,0,0,0,62,5,32.6,90.7,29.7,85.4,32.8,91,21.7,71,0,4,0,0,10,6,12.3,19.8,0,23.9,75.1,1101,27.6,67,20.9,22.5,22.6,2,2,0,0,0,0,,,,,,,,,,,,,,,,,,,,,,,,,,,,,,,,,,,,,,,,,,,,,,,,,,,,,,,,,,,,,,,,,,,,,,,,,,,,,,,,,,,,,,,,,,,,,
Gurgaon,Haryana,India,28.4667,77.0333,Asia/Kolkata,1789110022,11/9/2026 12:30,1789403400,14-09-2026 22:00:00,29.1,84.5,0,Clear,http://cdn.weatherapi.com/weather/64x64/night/113.png,1000,8.9,14.4,113,ESE,1008,29.76,0,0,0,65,5,32.1,89.8,29.2,84.5,32.3,90.2,21.9,71.4,0,4,0,0,10,6,14.1,22.7,0,23.9,75.1,806,24.6,69,20,21.9,22,2,2,0,0,0,0,,,,,,,,,,,,,,,,,,,,,,,,,,,,,,,,,,,,,,,,,,,,,,,,,,,,,,,,,,,,,,,,,,,,,,,,,,,,,,,,,,,,,,,,,,,,,
Gurgaon,Haryana,India,28.4667,77.0333,Asia/Kolkata,1789110022,11/9/2026 12:30,1789407000,14-09-2026 23:00:00,28.6,83.5,0,Clear,http://cdn.weatherapi.com/weather/64x64/night/113.png,1000,9.6,15.5,116,ESE,1008,29.75,0,0,0,68,5,31.6,88.9,28.6,83.6,31.8,89.2,22.1,71.8,0,5,0,0,10,6,15.5,24.9,0,23.9,75.1,567,21.3,71,18.8,20.3,20.4,2,2,0,0,0,0,,,,,,,,,,,,,,,,,,,,,,,,,,,,,,,,,,,,,,,,,,,,,,,,,,,,,,,,,,,,,,,,,,,,,,,,,,,,,,,,,,,,,,,,,,,,,
Gurgaon,Haryana,India,28.4667,77.0333,Asia/Kolkata,1789110022,11/9/2026 12:30,1789410600,15-09-2026 00:00:00,28.3,82.9,0,Clear,http://cdn.weatherapi.com/weather/64x64/night/113.png,1000,8.9,14.4,116,ESE,1007,29.75,0,0,0,70,3,31.2,88.2,28.3,82.9,31.4,88.5,22.3,72.2,0,6,0,0,10,6,15,24.2,0,24,75.2,463,17.8,73,17.3,17.9,18,2,2,0,0,0,0,,,,,,,,,,,,,,,,,,,,,,,,,,,,,,,,,,,,,,,,,,,,,,,,,,,,,,,,,,,,,,,,,,,,,,,,,,,,,,,,,,,,,,,,,,,,,
Gurgaon,Haryana,India,28.4667,77.0333,Asia/Kolkata,1789110022,11/9/2026 12:30,1789414200,15-09-2026 01:00:00,28,82.3,0,Clear,http://cdn.weatherapi.com/weather/64x64/night/113.png,1000,7.8,12.6,116,ESE,1007,29.74,0,0,0,72,5,30.8,87.4,28,82.3,31,87.9,22.4,72.2,0,6,0,0,10,6,13.7,22.1,0,23.9,75.1,414,14.2,76,15.4,16.5,16.6,2,2,0,0,0,0,,,,,,,,,,,,,,,,,,,,,,,,,,,,,,,,,,,,,,,,,,,,,,,,,,,,,,,,,,,,,,,,,,,,,,,,,,,,,,,,,,,,,,,,,,,,,
Gurgaon,Haryana,India,28.4667,77.0333,Asia/Kolkata,1789110022,11/9/2026 12:30,1789417800,15-09-2026 02:00:00,27.5,81.5,0,Clear,http://cdn.weatherapi.com/weather/64x64/night/113.png,1000,7.6,12.2,118,ESE,1007,29.72,0,0,0,73,5,30.1,86.2,27.5,81.5,30.4,86.8,22.3,72.1,0,7,0,0,10,6,13,20.9,0,23.8,74.8,381,11.7,77,14,12.9,13,1,2,0,0,0,0,,,,,,,,,,,,,,,,,,,,,,,,,,,,,,,,,,,,,,,,,,,,,,,,,,,,,,,,,,,,,,,,,,,,,,,,,,,,,,,,,,,,,,,,,,,,,
Gurgaon,Haryana,India,28.4667,77.0333,Asia/Kolkata,1789110022,11/9/2026 12:30,1789421400,15-09-2026 03:00:00,27.6,81.7,0,Partly Cloudy,http://cdn.weatherapi.com/weather/64x64/night/116.png,1003,5.1,8.3,122,ESE,1006,29.71,0,0,0,70,28,29.9,85.8,27.6,81.7,30.1,86.3,21.6,70.8,0,7,0,0,10,6,8.7,14,0,23.3,73.9,351,10.8,76,13.1,9.2,9.2,1,1,0,0,0,0,,,,,,,,,,,,,,,,,,,,,,,,,,,,,,,,,,,,,,,,,,,,,,,,,,,,,,,,,,,,,,,,,,,,,,,,,,,,,,,,,,,,,,,,,,,,,
Gurgaon,Haryana,India,28.4667,77.0333,Asia/Kolkata,1789110022,11/9/2026 12:30,1789425000,15-09-2026 04:00:00,27.4,81.4,0,Partly Cloudy,http://cdn.weatherapi.com/weather/64x64/night/116.png,1003,5.4,8.6,130,SE,1006,29.72,0,0,0,70,54,29.7,85.5,27.4,81.4,30,85.9,21.6,70.8,0,10,0,0,10,6,8.7,14.1,0,23.2,73.8,335,11.1,73,12.5,8.1,8.1,1,1,0,0,0,0,,,,,,,,,,,,,,,,,,,,,,,,,,,,,,,,,,,,,,,,,,,,,,,,,,,,,,,,,,,,,,,,,,,,,,,,,,,,,,,,,,,,,,,,,,,,,
Gurgaon,Haryana,India,28.4667,77.0333,Asia/Kolkata,1789110022,11/9/2026 12:30,1789428600,15-09-2026 05:00:00,27.2,81,0,Partly Cloudy,http://cdn.weatherapi.com/weather/64x64/night/116.png,1003,5.1,8.3,131,SE,1007,29.73,0,0,0,71,48,29.3,84.7,27.2,81,29.7,85.4,21.6,70.8,0,10,0,0,10,6,8.3,13.4,0,23.2,73.8,317,12.2,70,12.4,8.4,8.4,1,1,0,0,0,0,,,,,,,,,,,,,,,,,,,,,,,,,,,,,,,,,,,,,,,,,,,,,,,,,,,,,,,,,,,,,,,,,,,,,,,,,,,,,,,,,,,,,,,,,,,,,
Gurgaon,Haryana,India,28.4667,77.0333,Asia/Kolkata,1789110022,11/9/2026 12:30,1789432200,15-09-2026 06:00:00,27,80.6,1,Sunny,http://cdn.weatherapi.com/weather/64x64/day/113.png,1000,5.8,9.4,138,SE,1007,29.75,0,0,0,72,9,29.1,84.4,27,80.6,29.5,85.1,21.7,71,0,7,0,0,10,6,9.4,15.2,0,23.2,73.8,314,14.9,66,13.1,10.4,10.5,1,1,3.78,2.05,0,3.6,,,,,,,,,,,,,,,,,,,,,,,,,,,,,,,,,,,,,,,,,,,,,,,,,,,,,,,,,,,,,,,,,,,,,,,,,,,,,,,,,,,,,,,,,,,,,
Gurgaon,Haryana,India,28.4667,77.0333,Asia/Kolkata,1789110022,11/9/2026 12:30,1789435800,15-09-2026 07:00:00,27.8,82.1,1,Sunny,http://cdn.weatherapi.com/weather/64x64/day/113.png,1000,5.4,8.6,137,SE,1008,29.77,0,0,0,70,10,30.3,86.5,27.8,82.1,30.5,86.9,21.7,71.1,0,6,0,0,10,6,8.7,14,0.5,23.5,74.2,335,18.3,63,14.3,10.1,10.2,1,1,51,23.36,0.22,48.48,,,,,,,,,,,,,,,,,,,,,,,,,,,,,,,,,,,,,,,,,,,,,,,,,,,,,,,,,,,,,,,,,,,,,,,,,,,,,,,,,,,,,,,,,,,,,
Gurgaon,Haryana,India,28.4667,77.0333,Asia/Kolkata,1789110022,11/9/2026 12:30,1789439400,15-09-2026 08:00:00,29.3,84.7,1,Sunny,http://cdn.weatherapi.com/weather/64x64/day/113.png,1000,5.1,8.3,140,SE,1009,29.78,0,0,0,64,8,32.1,89.8,29.3,84.7,32.3,90.1,21.6,70.9,0,4,0,0,10,6,7.2,11.6,1.9,23.8,74.8,359,20,64,15.3,10.1,10.2,1,1,132.28,47.48,1.45,125.53,,,,,,,,,,,,,,,,,,,,,,,,,,,,,,,,,,,,,,,,,,,,,,,,,,,,,,,,,,,,,,,,,,,,,,,,,,,,,,,,,,,,,,,,,,,,,
Gurgaon,Haryana,India,28.4667,77.0333,Asia/Kolkata,1789110022,11/9/2026 12:30,1789443000,15-09-2026 09:00:00,30.5,86.8,1,Sunny,http://cdn.weatherapi.com/weather/64x64/day/113.png,1000,3.6,5.8,152,SSE,1009,29.79,0,0,0,59,0,33.5,92.3,30.5,86.8,33.8,92.9,21.6,70.8,0,3,0,0,10,6,12.5,20.2,4,24.1,75.4,354,18.2,72,15.8,11.1,11.2,1,1,222.16,69.5,4.1,210.43,,,,,,,,,,,,,,,,,,,,,,,,,,,,,,,,,,,,,,,,,,,,,,,,,,,,,,,,,,,,,,,,,,,,,,,,,,,,,,,,,,,,,,,,,,,,,
Gurgaon,Haryana,India,28.4667,77.0333,Asia/Kolkata,1789110022,11/9/2026 12:30,1789446600,15-09-2026 10:00:00,32,89.6,1,Patchy rain nearby,http://cdn.weatherapi.com/weather/64x64/day/176.png,1063,3.1,5,172,S,1009,29.79,0,0,0,54,82,35.2,95.4,32,89.6,35.7,96.2,21.4,70.5,0,10,0,0,10,6,9.8,15.8,6.5,24.4,75.9,335,14.6,85,16.1,13,13.1,1,2,309.58,87.67,9.9,292.23,,,,,,,,,,,,,,,,,,,,,,,,,,,,,,,,,,,,,,,,,,,,,,,,,,,,,,,,,,,,,,,,,,,,,,,,,,,,,,,,,,,,,,,,,,,,,
Gurgaon,Haryana,India,28.4667,77.0333,Asia/Kolkata,1789110022,11/9/2026 12:30,1789450200,15-09-2026 11:00:00,33.6,92.5,1,Partly Cloudy,http://cdn.weatherapi.com/weather/64x64/day/116.png,1003,1.8,2.9,206,SSW,1008,29.77,0,0,0,48,44,37,98.6,33.6,92.6,37.6,99.7,21.1,70,0,4,0,0,10,6,10.7,17.3,8.3,24.7,76.4,318,11.6,99,16.3,12.9,13.1,1,2,381.84,112.66,27.06,356.87,,,,,,,,,,,,,,,,,,,,,,,,,,,,,,,,,,,,,,,,,,,,,,,,,,,,,,,,,,,,,,,,,,,,,,,,,,,,,,,,,,,,,,,,,,,,,
Gurgaon,Haryana,India,28.4667,77.0333,Asia/Kolkata,1789110022,11/9/2026 12:30,1789453800,15-09-2026 12:00:00,34.7,94.5,1,Partly Cloudy,http://cdn.weatherapi.com/weather/64x64/day/116.png,1003,1.1,1.8,259,W,1007,29.74,0,0,0,44,34,37.8,100,34.7,94.5,38.5,101.2,20.5,68.9,0,3,0,0,10,6,2,3.2,8.5,24.6,76.2,302,9.1,117,16.6,13.4,13.7,1,2,789,264.18,592.3,608.55,,,,,,,,,,,,,,,,,,,,,,,,,,,,,,,,,,,,,,,,,,,,,,,,,,,,,,,,,,,,,,,,,,,,,,,,,,,,,,,,,,,,,,,,,,,,,
Gurgaon,Haryana,India,28.4667,77.0333,Asia/Kolkata,1789110022,11/9/2026 12:30,1789457400,15-09-2026 13:00:00,35.6,96.1,1,Partly Cloudy,http://cdn.weatherapi.com/weather/64x64/day/116.png,1003,1.1,1.8,304,NW,1006,29.7,0,0,0,38,36,38.6,101.5,35.6,96.1,38.6,101.5,19.2,66.6,0,3,0,0,10,6,3.4,5.4,6.9,24.1,75.3,289,7.3,136,16.8,15.1,15.4,1,2,781.14,264.17,575.09,605.21,,,,,,,,,,,,,,,,,,,,,,,,,,,,,,,,,,,,,,,,,,,,,,,,,,,,,,,,,,,,,,,,,,,,,,,,,,,,,,,,,,,,,,,,,,,,,
Gurgaon,Haryana,India,28.4667,77.0333,Asia/Kolkata,1789110022,11/9/2026 12:30,1789461000,15-09-2026 14:00:00,36.1,96.9,1,Cloudy,http://cdn.weatherapi.com/weather/64x64/day/119.png,1006,0.9,1.4,162,SSE,1005,29.67,0,0,0,36,68,38.9,102,36.1,96.9,38.8,101.9,18.7,65.7,0,6,0,0,10,6,4.3,6.9,3.6,23.9,75,298,8.3,143,16.8,17.2,17.5,2,2,747.73,258.93,502.31,590.89,,,,,,,,,,,,,,,,,,,,,,,,,,,,,,,,,,,,,,,,,,,,,,,,,,,,,,,,,,,,,,,,,,,,,,,,,,,,,,,,,,,,,,,,,,,,,
Gurgaon,Haryana,India,28.4667,77.0333,Asia/Kolkata,1789110022,11/9/2026 12:30,1789464600,15-09-2026 15:00:00,35.4,95.7,1,Overcast,http://cdn.weatherapi.com/weather/64x64/day/122.png,1009,2.7,4.3,88,E,1004,29.64,0,0,0,37,96,37.6,99.7,35.4,95.7,37.9,100.2,18.6,65.4,0,9,0,0,10,6,5,8,1.4,23.6,74.5,351,14.9,129,16.5,17.7,18,2,2,625.66,223.59,264.55,531.85,,,,,,,,,,,,,,,,,,,,,,,,,,,,,,,,,,,,,,,,,,,,,,,,,,,,,,,,,,,,,,,,,,,,,,,,,,,,,,,,,,,,,,,,,,,,,
Gurgaon,Haryana,India,28.4667,77.0333,Asia/Kolkata,1789110022,11/9/2026 12:30,1789468200,15-09-2026 16:00:00,34.4,93.9,1,Overcast,http://cdn.weatherapi.com/weather/64x64/day/122.png,1009,6.7,10.8,95,E,1003,29.63,0,0,0,42,88,36.6,97.9,34.4,93.9,37.4,99.2,19.6,67.2,0,8,0,0,10,6,15.7,25.2,0.8,23.9,75.1,427,24.4,103,15.9,18.7,19.1,2,2,530.74,194.31,132.55,473.22,,,,,,,,,,,,,,,,,,,,,,,,,,,,,,,,,,,,,,,,,,,,,,,,,,,,,,,,,,,,,,,,,,,,,,,,,,,,,,,,,,,,,,,,,,,,,
Gurgaon,Haryana,India,28.4667,77.0333,Asia/Kolkata,1789110022,11/9/2026 12:30,1789471800,15-09-2026 17:00:00,33.6,92.5,1,Cloudy,http://cdn.weatherapi.com/weather/64x64/day/119.png,1006,6.7,10.8,100,E,1004,29.65,0,0,0,46,78,36.2,97.2,33.6,92.5,36.9,98.4,20.3,68.5,0,8,0,0,10,6,7.8,12.6,0.2,24.1,75.4,482,31.3,84,15.5,21.9,22.2,2,2,457.94,169.94,66.84,419.73,,,,,,,,,,,,,,,,,,,,,,,,,,,,,,,,,,,,,,,,,,,,,,,,,,,,,,,,,,,,,,,,,,,,,,,,,,,,,,,,,,,,,,,,,,,,,
Gurgaon,Haryana,India,28.4667,77.0333,Asia/Kolkata,1789110022,11/9/2026 12:30,1789475400,15-09-2026 18:00:00,33,91.4,0,Overcast,http://cdn.weatherapi.com/weather/64x64/night/122.png,1009,5.8,9.4,107,ESE,1004,29.65,0,0,0,47,98,35.4,95.7,33,91.4,36.1,96.9,20.2,68.4,0,11,0,0,10,6,7,11.2,0,23.9,75.1,null,null,null,null,null,null,null,null,0,0,0,0,,,,,,,,,,,,,,,,,,,,,,,,,,,,,,,,,,,,,,,,,,,,,,,,,,,,,,,,,,,,,,,,,,,,,,,,,,,,,,,,,,,,,,,,,,,,,
Gurgaon,Haryana,India,28.4667,77.0333,Asia/Kolkata,1789110022,11/9/2026 12:30,1789479000,15-09-2026 19:00:00,32.7,90.9,0,Clear,http://cdn.weatherapi.com/weather/64x64/night/113.png,1000,6.5,10.4,127,SE,1005,29.66,0,0,0,48,2,35.3,95.5,32.7,90.9,35.9,96.6,20.4,68.7,0,2,0,0,10,6,7.7,12.3,0,24,75.1,null,null,null,null,null,null,null,null,0,0,0,0,,,,,,,,,,,,,,,,,,,,,,,,,,,,,,,,,,,,,,,,,,,,,,,,,,,,,,,,,,,,,,,,,,,,,,,,,,,,,,,,,,,,,,,,,,,,,
Gurgaon,Haryana,India,28.4667,77.0333,Asia/Kolkata,1789110022,11/9/2026 12:30,1789482600,15-09-2026 20:00:00,31.6,88.9,0,Clear,http://cdn.weatherapi.com/weather/64x64/night/113.png,1000,7.4,11.9,146,SSE,1005,29.69,0,0,0,53,0,34.2,93.6,31.6,88.9,34.7,94.4,20.8,69.4,0,2,0,0,10,6,9.9,15.9,0,23.9,75,null,null,null,null,null,null,null,null,0,0,0,0,,,,,,,,,,,,,,,,,,,,,,,,,,,,,,,,,,,,,,,,,,,,,,,,,,,,,,,,,,,,,,,,,,,,,,,,,,,,,,,,,,,,,,,,,,,,,
Gurgaon,Haryana,India,28.4667,77.0333,Asia/Kolkata,1789110022,11/9/2026 12:30,1789486200,15-09-2026 21:00:00,30.8,87.4,0,Clear,http://cdn.weatherapi.com/weather/64x64/night/113.png,1000,7.4,11.9,155,SSE,1006,29.7,0,0,0,56,0,33.4,92.1,30.8,87.4,33.8,92.8,20.9,69.7,0,2,0,0,10,6,11.2,18,0,23.8,74.8,null,null,null,null,null,null,null,null,0,0,0,0,,,,,,,,,,,,,,,,,,,,,,,,,,,,,,,,,,,,,,,,,,,,,,,,,,,,,,,,,,,,,,,,,,,,,,,,,,,,,,,,,,,,,,,,,,,,,
Gurgaon,Haryana,India,28.4667,77.0333,Asia/Kolkata,1789110022,11/9/2026 12:30,1789489800,15-09-2026 22:00:00,30.3,86.6,0,Clear,http://cdn.weatherapi.com/weather/64x64/night/113.png,1000,6.7,10.8,157,SSE,1006,29.7,0,0,0,57,0,32.8,91,30.3,86.6,33.2,91.7,20.9,69.6,0,3,0,0,10,6,11.2,18,0,23.6,74.5,null,null,null,null,null,null,null,null,0,0,0,0,,,,,,,,,,,,,,,,,,,,,,,,,,,,,,,,,,,,,,,,,,,,,,,,,,,,,,,,,,,,,,,,,,,,,,,,,,,,,,,,,,,,,,,,,,,,,
Gurgaon,Haryana,India,28.4667,77.0333,Asia/Kolkata,1789110022,11/9/2026 12:30,1789493400,15-09-2026 23:00:00,30,85.9,0,Clear,http://cdn.weatherapi.com/weather/64x64/night/113.png,1000,6.9,11.2,169,S,1006,29.7,0,0,0,59,0,32.5,90.5,30,85.9,32.8,91,21,69.8,0,3,0,0,10,6,12.3,19.8,0,23.6,74.5,null,null,null,null,null,null,null,null,0,0,0,0,,,,,,,,,,,,,,,,,,,,,,,,,,,,,,,,,,,,,,,,,,,,,,,,,,,,,,,,,,,,,,,,,,,,,,,,,,,,,,,,,,,,,,,,,,,,,
Gurgaon,Haryana,India,28.4667,77.0333,Asia/Kolkata,1789110022,11/9/2026 12:30,1789497000,16-09-2026 00:00:00,29.6,85.3,0,Clear,http://cdn.weatherapi.com/weather/64x64/night/113.png,1000,6.3,10.1,170,S,1006,29.69,0,0,0,60,6,32.1,89.8,29.6,85.3,32.4,90.3,21,69.8,0,4,0,0,10,6,11,17.6,0,23.5,74.3,null,null,null,null,null,null,null,null,0,0,0,0,,,,,,,,,,,,,,,,,,,,,,,,,,,,,,,,,,,,,,,,,,,,,,,,,,,,,,,,,,,,,,,,,,,,,,,,,,,,,,,,,,,,,,,,,,,,,
Gurgaon,Haryana,India,28.4667,77.0333,Asia/Kolkata,1789110022,11/9/2026 12:30,1789500600,16-09-2026 01:00:00,29.3,84.7,0,Clear,http://cdn.weatherapi.com/weather/64x64/night/113.png,1000,5.8,9.4,171,S,1005,29.68,0,0,0,61,13,31.8,89.2,29.3,84.7,31.9,89.4,21,69.8,0,4,0,0,10,6,9.6,15.5,0,23.5,74.2,null,null,null,null,null,null,null,null,0,0,0,0,,,,,,,,,,,,,,,,,,,,,,,,,,,,,,,,,,,,,,,,,,,,,,,,,,,,,,,,,,,,,,,,,,,,,,,,,,,,,,,,,,,,,,,,,,,,,
Gurgaon,Haryana,India,28.4667,77.0333,Asia/Kolkata,1789110022,11/9/2026 12:30,1789504200,16-09-2026 02:00:00,28.9,84,0,Clear,http://cdn.weatherapi.com/weather/64x64/night/113.png,1000,5.1,8.3,172,S,1005,29.67,0,0,0,62,19,31.3,88.3,28.9,84,31.5,88.7,21,69.9,0,5,0,0,10,6,8.3,13.3,0,23.3,74,null,null,null,null,null,null,null,null,0,0,0,0,,,,,,,,,,,,,,,,,,,,,,,,,,,,,,,,,,,,,,,,,,,,,,,,,,,,,,,,,,,,,,,,,,,,,,,,,,,,,,,,,,,,,,,,,,,,,
Gurgaon,Haryana,India,28.4667,77.0333,Asia/Kolkata,1789110022,11/9/2026 12:30,1789507800,16-09-2026 03:00:00,28.7,83.7,0,Clear,http://cdn.weatherapi.com/weather/64x64/night/113.png,1000,5.1,8.3,184,S,1005,29.67,0,0,0,64,17,31.1,88,28.7,83.7,31.3,88.3,21.1,70,0,5,0,0,10,6,8.3,13.3,0,23.3,74,null,null,null,null,null,null,null,null,0,0,0,0,,,,,,,,,,,,,,,,,,,,,,,,,,,,,,,,,,,,,,,,,,,,,,,,,,,,,,,,,,,,,,,,,,,,,,,,,,,,,,,,,,,,,,,,,,,,,
Gurgaon,Haryana,India,28.4667,77.0333,Asia/Kolkata,1789110022,11/9/2026 12:30,1789511400,16-09-2026 04:00:00,28.5,83.3,0,Clear,http://cdn.weatherapi.com/weather/64x64/night/113.png,1000,5.1,8.3,195,SSW,1005,29.68,0,0,0,65,15,30.9,87.6,28.5,83.3,31.1,88,21.2,70.2,0,5,0,0,10,6,8.1,13,0,23.4,74.1,null,null,null,null,null,null,null,null,0,0,0,0,,,,,,,,,,,,,,,,,,,,,,,,,,,,,,,,,,,,,,,,,,,,,,,,,,,,,,,,,,,,,,,,,,,,,,,,,,,,,,,,,,,,,,,,,,,,,
Gurgaon,Haryana,India,28.4667,77.0333,Asia/Kolkata,1789110022,11/9/2026 12:30,1789515000,16-09-2026 05:00:00,28.2,82.8,0,Clear,http://cdn.weatherapi.com/weather/64x64/night/113.png,1000,5.1,8.3,206,SSW,1005,29.69,0,0,0,66,12,30.6,87.1,28.2,82.8,30.8,87.5,21.4,70.4,0,5,0,0,10,6,8.1,13,0,23.3,74,null,null,null,null,null,null,null,null,0,0,0,0,,,,,,,,,,,,,,,,,,,,,,,,,,,,,,,,,,,,,,,,,,,,,,,,,,,,,,,,,,,,,,,,,,,,,,,,,,,,,,,,,,,,,,,,,,,,,
Gurgaon,Haryana,India,28.4667,77.0333,Asia/Kolkata,1789110022,11/9/2026 12:30,1789518600,16-09-2026 06:00:00,29,84.2,1,Sunny,http://cdn.weatherapi.com/weather/64x64/day/113.png,1000,5.6,9,222,SW,1006,29.71,0,0,0,64,8,31.6,88.9,29,84.2,31.7,89.1,21.4,70.5,0,4,0,0,10,6,8.7,14,7,23.6,74.5,null,null,null,null,null,null,null,null,61.03,26.72,0.62,57.93,,,,,,,,,,,,,,,,,,,,,,,,,,,,,,,,,,,,,,,,,,,,,,,,,,,,,,,,,,,,,,,,,,,,,,,,,,,,,,,,,,,,,,,,,,,,,
Gurgaon,Haryana,India,28.4667,77.0333,Asia/Kolkata,1789110022,11/9/2026 12:30,1789522200,16-09-2026 07:00:00,29.7,85.5,1,Sunny,http://cdn.weatherapi.com/weather/64x64/day/113.png,1000,6.3,10.1,238,WSW,1007,29.73,0,0,0,61,4,32.5,90.5,29.7,85.5,32.7,90.9,21.4,70.5,0,4,0,0,10,6,9.2,14.8,7,23.8,74.8,null,null,null,null,null,null,null,null,91.55,40.07,0.93,86.9,,,,,,,,,,,,,,,,,,,,,,,,,,,,,,,,,,,,,,,,,,,,,,,,,,,,,,,,,,,,,,,,,,,,,,,,,,,,,,,,,,,,,,,,,,,,,
Gurgaon,Haryana,India,28.4667,77.0333,Asia/Kolkata,1789110022,11/9/2026 12:30,1789525800,16-09-2026 08:00:00,30.4,86.7,1,Sunny,http://cdn.weatherapi.com/weather/64x64/day/113.png,1000,6.7,10.8,254,WSW,1007,29.75,0,0,0,58,0,33.3,91.9,30.4,86.7,33.6,92.4,21.4,70.4,0,3,0,0,10,6,9.8,15.8,8,23.9,75.1,null,null,null,null,null,null,null,null,122.06,53.43,1.24,115.86,,,,,,,,,,,,,,,,,,,,,,,,,,,,,,,,,,,,,,,,,,,,,,,,,,,,,,,,,,,,,,,,,,,,,,,,,,,,,,,,,,,,,,,,,,,,,
Gurgaon,Haryana,India,28.4667,77.0333,Asia/Kolkata,1789110022,11/9/2026 12:30,1789529400,16-09-2026 09:00:00,31.9,89.4,1,Sunny,http://cdn.weatherapi.com/weather/64x64/day/113.png,1000,7.2,11.5,265,W,1007,29.74,0,0,0,53,0,34.9,94.8,31.9,89.4,35.2,95.4,21,69.8,0,2,0,0,10,6,10.1,16.2,8,24.2,75.6,null,null,null,null,null,null,null,null,252.67,76.05,14.41,236.99,,,,,,,,,,,,,,,,,,,,,,,,,,,,,,,,,,,,,,,,,,,,,,,,,,,,,,,,,,,,,,,,,,,,,,,,,,,,,,,,,,,,,,,,,,,,,
Gurgaon,Haryana,India,28.4667,77.0333,Asia/Kolkata,1789110022,11/9/2026 12:30,1789533000,16-09-2026 10:00:00,33.4,92.1,1,Sunny,http://cdn.weatherapi.com/weather/64x64/day/113.png,1000,7.6,12.2,276,W,1007,29.73,0,0,0,48,0,36.4,97.5,33.4,92.1,36.8,98.2,20.6,69.1,0,1,0,0,10,6,10.3,16.6,8,24.4,75.9,null,null,null,null,null,null,null,null,317.98,87.36,21,297.55,,,,,,,,,,,,,,,,,,,,,,,,,,,,,,,,,,,,,,,,,,,,,,,,,,,,,,,,,,,,,,,,,,,,,,,,,,,,,,,,,,,,,,,,,,,,,
Gurgaon,Haryana,India,28.4667,77.0333,Asia/Kolkata,1789110022,11/9/2026 12:30,1789536600,16-09-2026 11:00:00,34.8,94.7,1,Sunny,http://cdn.weatherapi.com/weather/64x64/day/113.png,1000,8.1,13,288,WNW,1007,29.73,0,0,0,42,0,37.6,99.7,34.8,94.7,38.4,101,20.2,68.3,0,1,0,0,10,6,10.4,16.7,8,24.4,75.9,null,null,null,null,null,null,null,null,383.28,98.67,27.58,358.12,,,,,,,,,,,,,,,,,,,,,,,,,,,,,,,,,,,,,,,,,,,,,,,,,,,,,,,,,,,,,,,,,,,,,,,,,,,,,,,,,,,,,,,,,,,,,
Gurgaon,Haryana,India,28.4667,77.0333,Asia/Kolkata,1789110022,11/9/2026 12:30,1789540200,16-09-2026 12:00:00,35.6,96.1,1,Thundery outbreaks in nearby,http://cdn.weatherapi.com/weather/64x64/day/200.png,1087,7.8,12.6,290,WNW,1006,29.69,0,0,0,40,32,36.8,98.2,35.6,96.1,38.9,102,19.7,67.5,0,2,0,0,9.7,6,11.2,18,8,24.4,75.9,null,null,null,null,null,null,null,null,447.1,133.3,69.64,408.75,,,,,,,,,,,,,,,,,,,,,,,,,,,,,,,,,,,,,,,,,,,,,,,,,,,,,,,,,,,,,,,,,,,,,,,,,,,,,,,,,,,,,,,,,,,,,
Gurgaon,Haryana,India,28.4667,77.0333,Asia/Kolkata,1789110022,11/9/2026 12:30,1789543800,16-09-2026 13:00:00,36.3,97.3,1,Sunny,http://cdn.weatherapi.com/weather/64x64/day/113.png,1000,7.6,12.2,292,WNW,1004,29.66,0,0,0,37,63,37.4,99.3,36.3,97.3,39.5,103.1,19.3,66.7,0,5,0,0,9.3,5,12.1,19.4,9,24.3,75.8,null,null,null,null,null,null,null,null,479.01,150.61,90.67,434.07,,,,,,,,,,,,,,,,,,,,,,,,,,,,,,,,,,,,,,,,,,,,,,,,,,,,,,,,,,,,,,,,,,,,,,,,,,,,,,,,,,,,,,,,,,,,,
Gurgaon,Haryana,India,28.4667,77.0333,Asia/Kolkata,1789110022,11/9/2026 12:30,1789547400,16-09-2026 14:00:00,37,98.6,1,Thundery outbreaks in nearby,http://cdn.weatherapi.com/weather/64x64/day/200.png,1087,7.4,11.9,294,WNW,1003,29.63,0,0,0,35,95,37.9,100.2,37,98.6,40,104,18.9,65.9,0,9,0,0,9,5,13,20.9,8,24.2,75.6,null,null,null,null,null,null,null,null,510.92,167.93,111.7,459.38,,,,,,,,,,,,,,,,,,,,,,,,,,,,,,,,,,,,,,,,,,,,,,,,,,,,,,,,,,,,,,,,,,,,,,,,,,,,,,,,,,,,,,,,,,,,,
Gurgaon,Haryana,India,28.4667,77.0333,Asia/Kolkata,1789110022,11/9/2026 12:30,1789551000,16-09-2026 15:00:00,35.2,95.4,1,Patchy rain nearby,http://cdn.weatherapi.com/weather/64x64/day/176.png,1063,8.5,13.7,240,WSW,1003,29.62,0,0,0,42,92,38.3,100.9,35.2,95.4,38.6,101.5,19.9,67.8,0,17,0,0,9,5,13.9,22.3,8,24.6,76.3,null,null,null,null,null,null,null,null,440.04,145.87,67.26,402.6,,,,,,,,,,,,,,,,,,,,,,,,,,,,,,,,,,,,,,,,,,,,,,,,,,,,,,,,,,,,,,,,,,,,,,,,,,,,,,,,,,,,,,,,,,,,,
Gurgaon,Haryana,India,28.4667,77.0333,Asia/Kolkata,1789110022,11/9/2026 12:30,1789554600,16-09-2026 16:00:00,33.5,92.3,1,Thundery outbreaks in nearby,http://cdn.weatherapi.com/weather/64x64/day/200.png,1087,9.6,15.5,186,S,1003,29.62,0,0,0,50,90,37.2,99,33.5,92.3,37.3,99.1,21,69.8,0,21,0,0,9,5,14.8,23.8,7,24.8,76.7,null,null,null,null,null,null,null,null,404.61,134.84,45.04,374.22,,,,,,,,,,,,,,,,,,,,,,,,,,,,,,,,,,,,,,,,,,,,,,,,,,,,,,,,,,,,,,,,,,,,,,,,,,,,,,,,,,,,,,,,,,,,,
Gurgaon,Haryana,India,28.4667,77.0333,Asia/Kolkata,1789110022,11/9/2026 12:30,1789558200,16-09-2026 17:00:00,31.7,89.1,1,Patchy rain nearby,http://cdn.weatherapi.com/weather/64x64/day/176.png,1063,10.7,17.3,132,SE,1003,29.61,0,0,0,57,88,35.6,96.1,31.7,89.1,35.9,96.6,22.1,71.8,0,36,0,0,9,5,15.7,25.2,7,24.8,76.6,null,null,null,null,null,null,null,null,369.17,123.81,22.82,345.83,,,,,,,,,,,,,,,,,,,,,,,,,,,,,,,,,,,,,,,,,,,,,,,,,,,,,,,,,,,,,,,,,,,,,,,,,,,,,,,,,,,,,,,,,,,,,
Gurgaon,Haryana,India,28.4667,77.0333,Asia/Kolkata,1789110022,11/9/2026 12:30,1789561800,16-09-2026 18:00:00,29.3,84.7,0,Light rain shower,http://cdn.weatherapi.com/weather/64x64/night/353.png,1240,15.9,25.6,89,E,1004,29.64,1,0,0,67,92,32.7,90.9,29.3,84.7,32.8,91,22.1,71.8,0,52,0,0,9.3,5,21.7,34.9,0,24.3,75.8,null,null,null,null,null,null,null,null,0,0,0,0,,,,,,,,,,,,,,,,,,,,,,,,,,,,,,,,,,,,,,,,,,,,,,,,,,,,,,,,,,,,,,,,,,,,,,,,,,,,,,,,,,,,,,,,,,,,,
Gurgaon,Haryana,India,28.4667,77.0333,Asia/Kolkata,1789110022,11/9/2026 12:30,1789565400,16-09-2026 19:00:00,26.9,80.4,0,Patchy rain nearby,http://cdn.weatherapi.com/weather/64x64/night/176.png,1063,21.3,34.2,46,NE,1005,29.67,2,0,0,76,96,29,84.2,26.9,80.4,29.8,85.6,22,71.6,0,66,0,0,9.7,6,27.7,44.6,0,23.7,74.6,null,null,null,null,null,null,null,null,0,0,0,0,,,,,,,,,,,,,,,,,,,,,,,,,,,,,,,,,,,,,,,,,,,,,,,,,,,,,,,,,,,,,,,,,,,,,,,,,,,,,,,,,,,,,,,,,,,,,
Gurgaon,Haryana,India,28.4667,77.0333,Asia/Kolkata,1789110022,11/9/2026 12:30,1789569000,16-09-2026 20:00:00,24.5,76.1,0,Light rain shower,http://cdn.weatherapi.com/weather/64x64/night/353.png,1240,26.4,42.5,3,N,1006,29.7,2,0,0,86,100,21,69.8,24.5,76,26.7,80.1,22,71.6,1,78,0,0,10,6,33.8,54.4,0,22.7,72.9,null,null,null,null,null,null,null,null,0,0,0,0,,,,,,,,,,,,,,,,,,,,,,,,,,,,,,,,,,,,,,,,,,,,,,,,,,,,,,,,,,,,,,,,,,,,,,,,,,,,,,,,,,,,,,,,,,,,,
Gurgaon,Haryana,India,28.4667,77.0333,Asia/Kolkata,1789110022,11/9/2026 12:30,1789572600,16-09-2026 21:00:00,26.3,79.3,0,Overcast,http://cdn.weatherapi.com/weather/64x64/night/122.png,1009,19.2,31,53,NE,1005,29.68,1,0,0,75,100,26.9,80.4,26.3,79.3,28.4,83.1,21,69.8,0,65,0,0,10,6,24.6,39.6,0,22.9,73.2,null,null,null,null,null,null,null,null,0,0,0,0,,,,,,,,,,,,,,,,,,,,,,,,,,,,,,,,,,,,,,,,,,,,,,,,,,,,,,,,,,,,,,,,,,,,,,,,,,,,,,,,,,,,,,,,,,,,,
Gurgaon,Haryana,India,28.4667,77.0333,Asia/Kolkata,1789110022,11/9/2026 12:30,1789576200,16-09-2026 22:00:00,28.1,82.6,0,Light rain shower,http://cdn.weatherapi.com/weather/64x64/night/353.png,1240,12.1,19.4,103,ESE,1004,29.66,1,0,0,64,100,30,86,28.1,82.6,30.1,86.2,20.1,68.2,0,48,0,0,10,6,15.4,24.8,0,22.8,73,null,null,null,null,null,null,null,null,0,0,0,0,,,,,,,,,,,,,,,,,,,,,,,,,,,,,,,,,,,,,,,,,,,,,,,,,,,,,,,,,,,,,,,,,,,,,,,,,,,,,,,,,,,,,,,,,,,,,
Gurgaon,Haryana,India,28.4667,77.0333,Asia/Kolkata,1789110022,11/9/2026 12:30,1789579800,16-09-2026 23:00:00,29.9,85.9,0,Overcast,http://cdn.weatherapi.com/weather/64x64/night/122.png,1009,4.9,7.9,153,SSE,1004,29.64,0,0,0,52,100,31.3,88.3,30,85.9,31.8,89.2,19.1,66.4,0,12,0,0,10,6,6.3,10.1,0,22.4,72.4,null,null,null,null,null,null,null,null,0,0,0,0,,,,,,,,,,,,,,,,,,,,,,,,,,,,,,,,,,,,,,,,,,,,,,,,,,,,,,,,,,,,,,,,,,,,,,,,,,,,,,,,,,,,,,,,,,,,,
Gurgaon,Haryana,India,28.4667,77.0333,Asia/Kolkata,1789110022,11/9/2026 12:30,1789583400,17-09-2026 00:00:00,28.7,83.7,0,Overcast,http://cdn.weatherapi.com/weather/64x64/night/122.png,1009,5.6,9,193,SSW,1004,29.64,0,0,0,59,100,30.4,86.7,28.7,83.7,30.6,87.1,19.7,67.5,0,14,0,0,10,6,9.2,14.8,0,22.5,72.5,null,null,null,null,null,null,null,null,0,0,0,0,,,,,,,,,,,,,,,,,,,,,,,,,,,,,,,,,,,,,,,,,,,,,,,,,,,,,,,,,,,,,,,,,,,,,,,,,,,,,,,,,,,,,,,,,,,,,
Gurgaon,Haryana,India,28.4667,77.0333,Asia/Kolkata,1789110022,11/9/2026 12:30,1789587000,17-09-2026 01:00:00,27.5,81.5,0,Overcast,http://cdn.weatherapi.com/weather/64x64/night/122.png,1009,6,9.7,233,SW,1004,29.63,0,0,0,66,100,29.3,84.7,27.5,81.5,29.5,85.1,20.3,68.5,0,16,0,0,10,6,12.3,19.8,0,22.6,72.6,null,null,null,null,null,null,null,null,0,0,0,0,,,,,,,,,,,,,,,,,,,,,,,,,,,,,,,,,,,,,,,,,,,,,,,,,,,,,,,,,,,,,,,,,,,,,,,,,,,,,,,,,,,,,,,,,,,,,
Gurgaon,Haryana,India,28.4667,77.0333,Asia/Kolkata,1789110022,11/9/2026 12:30,1789590600,17-09-2026 02:00:00,26.3,79.3,0,Overcast,http://cdn.weatherapi.com/weather/64x64/night/122.png,1009,6.7,10.8,273,W,1003,29.63,0,0,0,72,100,28,82.4,26.3,79.3,28.4,83,20.9,69.6,0,19,0,0,10,6,15.2,24.5,0,22.5,72.4,null,null,null,null,null,null,null,null,0,0,0,0,,,,,,,,,,,,,,,,,,,,,,,,,,,,,,,,,,,,,,,,,,,,,,,,,,,,,,,,,,,,,,,,,,,,,,,,,,,,,,,,,,,,,,,,,,,,,
Gurgaon,Haryana,India,28.4667,77.0333,Asia/Kolkata,1789110022,11/9/2026 12:30,1789594200,17-09-2026 03:00:00,26.5,79.7,0,Overcast,http://cdn.weatherapi.com/weather/64x64/night/122.png,1009,5.8,9.4,284,WNW,1004,29.65,0,0,0,72,97,28.3,82.9,26.5,79.7,28.6,83.5,20.9,69.6,0,18,0,0,10,6,14.5,23.4,0,22.6,72.6,null,null,null,null,null,null,null,null,0,0,0,0,,,,,,,,,,,,,,,,,,,,,,,,,,,,,,,,,,,,,,,,,,,,,,,,,,,,,,,,,,,,,,,,,,,,,,,,,,,,,,,,,,,,,,,,,,,,,
Gurgaon,Haryana,India,28.4667,77.0333,Asia/Kolkata,1789110022,11/9/2026 12:30,1789597800,17-09-2026 04:00:00,26.6,79.9,0,Overcast,http://cdn.weatherapi.com/weather/64x64/night/122.png,1009,4.9,7.9,295,WNW,1004,29.66,0,0,0,71,94,28.5,83.3,26.6,79.9,28.8,83.8,20.9,69.6,0,17,0,0,10,6,13.9,22.3,0,22.6,72.7,null,null,null,null,null,null,null,null,0,0,0,0,,,,,,,,,,,,,,,,,,,,,,,,,,,,,,,,,,,,,,,,,,,,,,,,,,,,,,,,,,,,,,,,,,,,,,,,,,,,,,,,,,,,,,,,,,,,,
Gurgaon,Haryana,India,28.4667,77.0333,Asia/Kolkata,1789110022,11/9/2026 12:30,1789601400,17-09-2026 05:00:00,26.8,80.3,0,Overcast,http://cdn.weatherapi.com/weather/64x64/night/122.png,1009,4,6.5,306,NW,1005,29.68,0,0,0,70,91,28.7,83.7,26.8,80.3,29,84.1,21,69.8,0,16,0,0,10,6,13.2,21.2,0,22.7,72.8,null,null,null,null,null,null,null,null,0,0,0,0,,,,,,,,,,,,,,,,,,,,,,,,,,,,,,,,,,,,,,,,,,,,,,,,,,,,,,,,,,,,,,,,,,,,,,,,,,,,,,,,,,,,,,,,,,,,,
Gurgaon,Haryana,India,28.4667,77.0333,Asia/Kolkata,1789110022,11/9/2026 12:30,1789605000,17-09-2026 06:00:00,27.5,81.5,1,Sunny,http://cdn.weatherapi.com/weather/64x64/day/113.png,1000,4.9,7.9,308,NW,1006,29.7,0,0,0,67,68,29.4,84.9,27.5,81.5,29.6,85.3,20.8,69.4,0,11,0,0,10,6,13.4,21.6,7,22.8,73.1,null,null,null,null,null,null,null,null,65.86,22.82,0.72,62.5,,,,,,,,,,,,,,,,,,,,,,,,,,,,,,,,,,,,,,,,,,,,,,,,,,,,,,,,,,,,,,,,,,,,,,,,,,,,,,,,,,,,,,,,,,,,,
Gurgaon,Haryana,India,28.4667,77.0333,Asia/Kolkata,1789110022,11/9/2026 12:30,1789608600,17-09-2026 07:00:00,28.1,82.6,1,Overcast,http://cdn.weatherapi.com/weather/64x64/day/122.png,1009,6,9.7,310,NW,1006,29.72,0,0,0,64,44,30.1,86.2,28.1,82.6,30.3,86.5,20.6,69.1,0,7,0,0,10,6,13.6,22,6,22.8,73.1,null,null,null,null,null,null,null,null,98.79,34.22,1.08,93.75,,,,,,,,,,,,,,,,,,,,,,,,,,,,,,,,,,,,,,,,,,,,,,,,,,,,,,,,,,,,,,,,,,,,,,,,,,,,,,,,,,,,,,,,,,,,,
Gurgaon,Haryana,India,28.4667,77.0333,Asia/Kolkata,1789110022,11/9/2026 12:30,1789612200,17-09-2026 08:00:00,28.8,83.8,1,Sunny,http://cdn.weatherapi.com/weather/64x64/day/113.png,1000,6.9,11.2,312,NW,1007,29.74,0,0,0,61,20,30.7,87.3,28.8,83.8,31,87.8,20.4,68.7,0,5,0,0,10,6,13.9,22.3,7,22.9,73.2,null,null,null,null,null,null,null,null,131.72,45.63,1.44,125,,,,,,,,,,,,,,,,,,,,,,,,,,,,,,,,,,,,,,,,,,,,,,,,,,,,,,,,,,,,,,,,,,,,,,,,,,,,,,,,,,,,,,,,,,,,,
Gurgaon,Haryana,India,28.4667,77.0333,Asia/Kolkata,1789110022,11/9/2026 12:30,1789615800,17-09-2026 09:00:00,30.4,86.7,1,Sunny,http://cdn.weatherapi.com/weather/64x64/day/113.png,1000,6.9,11.2,300,WNW,1007,29.74,0,0,0,55,21,32.6,90.7,30.4,86.7,32.9,91.2,20.2,68.4,0,3,0,0,10,6,12.3,19.8,8,23.3,74,null,null,null,null,null,null,null,null,260.21,68.67,15.53,243.9,,,,,,,,,,,,,,,,,,,,,,,,,,,,,,,,,,,,,,,,,,,,,,,,,,,,,,,,,,,,,,,,,,,,,,,,,,,,,,,,,,,,,,,,,,,,,
Gurgaon,Haryana,India,28.4667,77.0333,Asia/Kolkata,1789110022,11/9/2026 12:30,1789619400,17-09-2026 10:00:00,32.1,89.8,1,Sunny,http://cdn.weatherapi.com/weather/64x64/day/113.png,1000,6.7,10.8,288,WNW,1007,29.73,0,0,0,50,22,34.5,94.1,32.1,89.8,34.8,94.6,20.1,68.2,0,3,0,0,10,6,11,17.6,8,23.7,74.7,null,null,null,null,null,null,null,null,324.46,80.19,22.58,303.34,,,,,,,,,,,,,,,,,,,,,,,,,,,,,,,,,,,,,,,,,,,,,,,,,,,,,,,,,,,,,,,,,,,,,,,,,,,,,,,,,,,,,,,,,,,,,
Gurgaon,Haryana,India,28.4667,77.0333,Asia/Kolkata,1789110022,11/9/2026 12:30,1789623000,17-09-2026 11:00:00,33.7,92.7,1,Sunny,http://cdn.weatherapi.com/weather/64x64/day/113.png,1000,6.7,10.8,276,W,1006,29.72,0,0,0,44,22,36.1,97,33.8,92.8,36.8,98.2,19.9,67.8,0,2,0,0,10,6,9.4,15.2,8,23.9,75.1,null,null,null,null,null,null,null,null,388.7,91.7,29.62,362.79,,,,,,,,,,,,,,,,,,,,,,,,,,,,,,,,,,,,,,,,,,,,,,,,,,,,,,,,,,,,,,,,,,,,,,,,,,,,,,,,,,,,,,,,,,,,,
Gurgaon,Haryana,India,28.4667,77.0333,Asia/Kolkata,1789110022,11/9/2026 12:30,1789626600,17-09-2026 12:00:00,34.8,94.6,1,Sunny,http://cdn.weatherapi.com/weather/64x64/day/113.png,1000,7.2,11.5,279,W,1005,29.69,0,0,0,40,15,36.9,98.4,34.8,94.6,37.6,99.7,19.2,66.6,0,1,0,0,10,6,10.7,17.3,8,23.9,75,null,null,null,null,null,null,null,null,574.26,134.35,279.05,479.45,,,,,,,,,,,,,,,,,,,,,,,,,,,,,,,,,,,,,,,,,,,,,,,,,,,,,,,,,,,,,,,,,,,,,,,,,,,,,,,,,,,,,,,,,,,,,
Gurgaon,Haryana,India,28.4667,77.0333,Asia/Kolkata,1789110022,11/9/2026 12:30,1789630200,17-09-2026 13:00:00,35.9,96.6,1,Sunny,http://cdn.weatherapi.com/weather/64x64/day/113.png,1000,7.8,12.6,281,WNW,1004,29.66,0,0,0,36,8,36.6,97.9,35.9,96.6,38.5,101.3,18.5,65.3,0,1,0,0,10,6,12.3,19.8,9,23.8,74.9,null,null,null,null,null,null,null,null,667.03,155.67,403.77,537.77,,,,,,,,,,,,,,,,,,,,,,,,,,,,,,,,,,,,,,,,,,,,,,,,,,,,,,,,,,,,,,,,,,,,,,,,,,,,,,,,,,,,,,,,,,,,,
Gurgaon,Haryana,India,28.4667,77.0333,Asia/Kolkata,1789110022,11/9/2026 12:30,1789633800,17-09-2026 14:00:00,37,98.7,1,Sunny,http://cdn.weatherapi.com/weather/64x64/day/113.png,1000,8.3,13.3,284,WNW,1003,29.63,0,0,0,32,1,37.2,99,37.1,98.7,39.4,102.8,17.8,64.1,0,1,0,0,10,6,13.7,22,9,23.7,74.6,null,null,null,null,null,null,null,null,759.81,176.99,528.49,596.1,,,,,,,,,,,,,,,,,,,,,,,,,,,,,,,,,,,,,,,,,,,,,,,,,,,,,,,,,,,,,,,,,,,,,,,,,,,,,,,,,,,,,,,,,,,,,
Gurgaon,Haryana,India,28.4667,77.0333,Asia/Kolkata,1789110022,11/9/2026 12:30,1789637400,17-09-2026 15:00:00,36.7,98.1,1,Sunny,http://cdn.weatherapi.com/weather/64x64/day/113.png,1000,7.8,12.6,270,W,1003,29.61,0,0,0,34,2,37.1,98.8,36.7,98.1,39.2,102.6,18.1,64.6,0,1,0,0,10,6,13.2,21.2,9,23.7,74.7,null,null,null,null,null,null,null,null,670.1,159.06,361.75,550.79,,,,,,,,,,,,,,,,,,,,,,,,,,,,,,,,,,,,,,,,,,,,,,,,,,,,,,,,,,,,,,,,,,,,,,,,,,,,,,,,,,,,,,,,,,,,,
Gurgaon,Haryana,India,28.4667,77.0333,Asia/Kolkata,1789110022,11/9/2026 12:30,1789641000,17-09-2026 16:00:00,36.4,97.5,1,Sunny,http://cdn.weatherapi.com/weather/64x64/day/113.png,1000,7.6,12.2,256,WSW,1002,29.59,0,0,0,35,3,37,98.6,36.4,97.5,39,102.2,18.4,65.1,0,1,0,0,10,6,12.8,20.5,9,23.8,74.9,null,null,null,null,null,null,null,null,625.25,150.09,278.38,528.14,,,,,,,,,,,,,,,,,,,,,,,,,,,,,,,,,,,,,,,,,,,,,,,,,,,,,,,,,,,,,,,,,,,,,,,,,,,,,,,,,,,,,,,,,,,,,
Gurgaon,Haryana,India,28.4667,77.0333,Asia/Kolkata,1789110022,11/9/2026 12:30,1789644600,17-09-2026 17:00:00,36.1,97,1,Sunny,http://cdn.weatherapi.com/weather/64x64/day/113.png,1000,7.2,11.5,242,WSW,1002,29.58,0,0,0,36,4,37,98.6,36.1,97,38.9,102,18.7,65.7,0,1,0,0,10,6,12.3,19.8,9,23.9,75,null,null,null,null,null,null,null,null,580.4,141.12,195.01,505.48,,,,,,,,,,,,,,,,,,,,,,,,,,,,,,,,,,,,,,,,,,,,,,,,,,,,,,,,,,,,,,,,,,,,,,,,,,,,,,,,,,,,,,,,,,,,,
Gurgaon,Haryana,India,28.4667,77.0333,Asia/Kolkata,1789110022,11/9/2026 12:30,1789648200,17-09-2026 18:00:00,32.7,90.9,0,Light rain shower,http://cdn.weatherapi.com/weather/64x64/night/353.png,1240,5.4,8.6,243,WSW,1003,29.62,0,0,0,46,36,34.6,94.3,32.7,90.9,35,95,18.7,65.7,0,36,0,0,10,6,10.1,16.2,0,23.4,74.1,null,null,null,null,null,null,null,null,0,0,0,0,,,,,,,,,,,,,,,,,,,,,,,,,,,,,,,,,,,,,,,,,,,,,,,,,,,,,,,,,,,,,,,,,,,,,,,,,,,,,,,,,,,,,,,,,,,,,
Gurgaon,Haryana,India,28.4667,77.0333,Asia/Kolkata,1789110022,11/9/2026 12:30,1789651800,17-09-2026 19:00:00,29.2,84.6,0,Clear,http://cdn.weatherapi.com/weather/64x64/night/113.png,1000,3.4,5.4,243,WSW,1004,29.66,1,0,0,55,68,30.7,87.3,29.2,84.6,31.1,88,18.7,65.7,0,40,0,0,10,6,8.1,13,0,22.4,72.2,null,null,null,null,null,null,null,null,0,0,0,0,,,,,,,,,,,,,,,,,,,,,,,,,,,,,,,,,,,,,,,,,,,,,,,,,,,,,,,,,,,,,,,,,,,,,,,,,,,,,,,,,,,,,,,,,,,,,
Gurgaon,Haryana,India,28.4667,77.0333,Asia/Kolkata,1789110022,11/9/2026 12:30,1789655400,17-09-2026 20:00:00,25.8,78.4,0,Light rain shower,http://cdn.weatherapi.com/weather/64x64/night/353.png,1240,1.6,2.5,244,WSW,1006,29.71,1,0,0,65,100,27.8,82,25.8,78.4,27.2,81,18.7,65.7,0,59,0,0,10,6,5.8,9.4,0,20.9,69.7,null,null,null,null,null,null,null,null,0,0,0,0,,,,,,,,,,,,,,,,,,,,,,,,,,,,,,,,,,,,,,,,,,,,,,,,,,,,,,,,,,,,,,,,,,,,,,,,,,,,,,,,,,,,,,,,,,,,,
Gurgaon,Haryana,India,28.4667,77.0333,Asia/Kolkata,1789110022,11/9/2026 12:30,1789659000,17-09-2026 21:00:00,26.5,79.7,0,Clear,http://cdn.weatherapi.com/weather/64x64/night/113.png,1000,3.8,6.1,246,WSW,1006,29.71,1,0,0,66,69,28.1,82.6,26.5,79.7,28.3,82.9,19.7,67.5,0,46,0,0,10,6,8.5,13.7,0,21.8,71.2,null,null,null,null,null,null,null,null,0,0,0,0,,,,,,,,,,,,,,,,,,,,,,,,,,,,,,,,,,,,,,,,,,,,,,,,,,,,,,,,,,,,,,,,,,,,,,,,,,,,,,,,,,,,,,,,,,,,,
Gurgaon,Haryana,India,28.4667,77.0333,Asia/Kolkata,1789110022,11/9/2026 12:30,1789662600,17-09-2026 22:00:00,27.2,81,0,Light rain shower,http://cdn.weatherapi.com/weather/64x64/night/353.png,1240,6.3,10.1,249,WSW,1006,29.71,0,0,0,68,39,29,84.2,27.2,81,29.4,84.9,20.7,69.3,0,36,0,0,10,6,11.2,18,0,22.6,72.7,null,null,null,null,null,null,null,null,0,0,0,0,,,,,,,,,,,,,,,,,,,,,,,,,,,,,,,,,,,,,,,,,,,,,,,,,,,,,,,,,,,,,,,,,,,,,,,,,,,,,,,,,,,,,,,,,,,,,
Gurgaon,Haryana,India,28.4667,77.0333,Asia/Kolkata,1789110022,11/9/2026 12:30,1789666200,17-09-2026 23:00:00,27.9,82.2,0,Clear,http://cdn.weatherapi.com/weather/64x64/night/113.png,1000,8.5,13.7,251,WSW,1006,29.71,0,0,0,69,8,30.3,86.5,27.9,82.2,30.6,87,21.7,71,0,6,0,0,10,6,13.9,22.3,0,23.5,74.2,null,null,null,null,null,null,null,null,0,0,0,0,,,,,,,,,,,,,,,,,,,,,,,,,,,,,,,,,,,,,,,,,,,,,,,,,,,,,,,,,,,,,,,,,,,,,,,,,,,,,,,,,,,,,,,,,,,,,
Noida,Uttar Pradesh,India,28.57,77.32,Asia/Kolkata,1789110023,11/9/2026 12:30,1789065000,11/9/2026 0:00,30.3,86.6,0,Partly Cloudy,http://cdn.weatherapi.com/weather/64x64/night/116.png,1003,2.5,4,146,SE,1007,29.73,0,0,0,44,30,30.6,87.1,30.3,86.6,31.1,87.9,16.7,62,0,3,0,0,10,6,2.5,4.1,0,21.1,70.1,2095,68.7,18,34.9,87.8,202.6,4,10,0,0,0,0,,,,,,,,,,,,,,,,,,,,,,,,,,,,,,,,,,,,,,,,,,,,,,,,,,,,,,,,,,,,,,,,,,,,,,,,,,,,,,,,,,,,,,,,,,,,,
Noida,Uttar Pradesh,India,28.57,77.32,Asia/Kolkata,1789110023,11/9/2026 12:30,1789068600,11/9/2026 1:00,29.8,85.7,0,Overcast,http://cdn.weatherapi.com/weather/64x64/night/122.png,1009,2.5,4,142,SE,1007,29.72,0,0,0,46,99,30.2,86.4,29.9,85.7,30.6,87.2,16.8,62.3,0,10,0,0,6,3,2.5,4,0,21.1,69.9,1449,59.5,23,30.4,82.4,176.5,4,10,0,0,0,0,,,,,,,,,,,,,,,,,,,,,,,,,,,,,,,,,,,,,,,,,,,,,,,,,,,,,,,,,,,,,,,,,,,,,,,,,,,,,,,,,,,,,,,,,,,,,
Noida,Uttar Pradesh,India,28.57,77.32,Asia/Kolkata,1789110023,11/9/2026 12:30,1789072200,11/9/2026 2:00,28.5,83.3,0,Partly Cloudy,http://cdn.weatherapi.com/weather/64x64/night/116.png,1003,4,6.5,163,SSE,1007,29.73,0,0,0,59,58,30.1,86.2,28.5,83.3,30.4,86.6,19.7,67.5,0,8,0,0,6.5,4,4.6,7.3,0,22.4,72.3,953,53,27,27.1,78.5,157.9,4,10,0,0,0,0,,,,,,,,,,,,,,,,,,,,,,,,,,,,,,,,,,,,,,,,,,,,,,,,,,,,,,,,,,,,,,,,,,,,,,,,,,,,,,,,,,,,,,,,,,,,,
Noida,Uttar Pradesh,India,28.57,77.32,Asia/Kolkata,1789110023,11/9/2026 12:30,1789075800,11/9/2026 3:00,28.4,83,0,Overcast,http://cdn.weatherapi.com/weather/64x64/night/122.png,1009,3.1,5,163,SSE,1007,29.73,0,0,0,60,91,29.9,85.8,28.4,83,30.2,86.4,19.8,67.6,0,13,0,0,6.8,4,3.6,5.8,0,22.4,72.3,763,53,23,26.5,77.3,147.1,4,10,0,0,0,0,,,,,,,,,,,,,,,,,,,,,,,,,,,,,,,,,,,,,,,,,,,,,,,,,,,,,,,,,,,,,,,,,,,,,,,,,,,,,,,,,,,,,,,,,,,,,
Noida,Uttar Pradesh,India,28.57,77.32,Asia/Kolkata,1789110023,11/9/2026 12:30,1789079400,11/9/2026 4:00,28.3,82.9,0,Overcast,http://cdn.weatherapi.com/weather/64x64/night/122.png,1009,2,3.2,206,SSW,1007,29.73,0,0,0,59,100,29.8,85.6,28.3,82.9,30.1,86.1,19.5,67.1,0,14,0,0,7,4,2.2,3.6,0,22.2,72,722,55.7,18,27.2,77.5,139.2,4,10,0,0,0,0,,,,,,,,,,,,,,,,,,,,,,,,,,,,,,,,,,,,,,,,,,,,,,,,,,,,,,,,,,,,,,,,,,,,,,,,,,,,,,,,,,,,,,,,,,,,,
Noida,Uttar Pradesh,India,28.57,77.32,Asia/Kolkata,1789110023,11/9/2026 12:30,1789083000,11/9/2026 5:00,28.3,82.9,0,Cloudy,http://cdn.weatherapi.com/weather/64x64/night/119.png,1006,1.3,2.2,123,SE,1007,29.74,0,0,0,58,76,29.7,85.5,28.3,82.9,30,85.9,19.3,66.7,0,10,0,0,7,4,1.4,2.2,0,22.1,71.7,726,55.4,22,27.7,80.1,134.1,4,10,0,0,0,0,,,,,,,,,,,,,,,,,,,,,,,,,,,,,,,,,,,,,,,,,,,,,,,,,,,,,,,,,,,,,,,,,,,,,,,,,,,,,,,,,,,,,,,,,,,,,
Noida,Uttar Pradesh,India,28.57,77.32,Asia/Kolkata,1789110023,11/9/2026 12:30,1789086600,11/9/2026 6:00,28.4,83,1,Overcast,http://cdn.weatherapi.com/weather/64x64/day/122.png,1009,2.2,3.6,163,SSE,1008,29.75,0,0,0,59,98,29.8,85.6,28.4,83,30.1,86.2,19.6,67.2,0,14,0,0,6.9,4,11.2,18,0,22.2,72,774,49.3,42,27.6,85.7,131.3,4,10,5.02,2.39,0,4.77,,,,,,,,,,,,,,,,,,,,,,,,,,,,,,,,,,,,,,,,,,,,,,,,,,,,,,,,,,,,,,,,,,,,,,,,,,,,,,,,,,,,,,,,,,,,,
Noida,Uttar Pradesh,India,28.57,77.32,Asia/Kolkata,1789110023,11/9/2026 12:30,1789090200,11/9/2026 7:00,28.7,83.7,1,Smoky haze,http://cdn.weatherapi.com/weather/64x64/day/149.png,1036,2.7,4.3,213,SSW,1008,29.77,0,0,0,57,76,30.2,86.4,28.7,83.7,30.5,86.8,19.3,66.8,0,9,0,0,8.1,5,2.7,4.3,0.5,22.2,72,867,40.2,71,27.4,79.6,102.7,4,10,44.46,23.25,0.16,42.25,,,,,,,,,,,,,,,,,,,,,,,,,,,,,,,,,,,,,,,,,,,,,,,,,,,,,,,,,,,,,,,,,,,,,,,,,,,,,,,,,,,,,,,,,,,,,
Noida,Uttar Pradesh,India,28.57,77.32,Asia/Kolkata,1789110023,11/9/2026 12:30,1789093800,11/9/2026 8:00,30.3,86.6,1,Smoky haze,http://cdn.weatherapi.com/weather/64x64/day/149.png,1036,0.7,1.1,187,S,1009,29.79,0,0,0,50,83,31.6,88.9,30.3,86.6,32.1,89.7,18.9,65.9,0,9,0,0,9.7,6,1.1,1.8,1.6,22.4,72.3,903,31.2,101,26.9,64.5,88.7,3,8,120.2,56.67,1.2,114.05,,,,,,,,,,,,,,,,,,,,,,,,,,,,,,,,,,,,,,,,,,,,,,,,,,,,,,,,,,,,,,,,,,,,,,,,,,,,,,,,,,,,,,,,,,,,,
Noida,Uttar Pradesh,India,28.57,77.32,Asia/Kolkata,1789110023,11/9/2026 12:30,1789097400,11/9/2026 9:00,32.1,89.8,1,Partly Cloudy,http://cdn.weatherapi.com/weather/64x64/day/116.png,1003,2,3.2,49,NE,1009,29.79,0,0,0,45,39,33.5,92.3,32.1,89.8,34.1,93.4,18.7,65.7,0,3,0,0,10,6,3.2,5.2,3.2,22.8,73.1,822,22.6,133,26.3,56.2,101.5,3,7,204.48,89.19,3.47,193.68,,,,,,,,,,,,,,,,,,,,,,,,,,,,,,,,,,,,,,,,,,,,,,,,,,,,,,,,,,,,,,,,,,,,,,,,,,,,,,,,,,,,,,,,,,,,,
Noida,Uttar Pradesh,India,28.57,77.32,Asia/Kolkata,1789110023,11/9/2026 12:30,1789101000,11/9/2026 10:00,33.8,92.9,1,Partly Cloudy,http://cdn.weatherapi.com/weather/64x64/day/116.png,1003,2.7,4.3,58,ENE,1009,29.79,0,0,0,40,54,35.2,95.4,33.8,92.9,35.9,96.7,18.5,65.2,0,4,0,0,10,6,4.7,7.6,4.4,23.2,73.7,685,14.1,167,25.5,46.9,78.2,3,5,236.38,110.96,4.64,223.74,,,,,,,,,,,,,,,,,,,,,,,,,,,,,,,,,,,,,,,,,,,,,,,,,,,,,,,,,,,,,,,,,,,,,,,,,,,,,,,,,,,,,,,,,,,,,
Noida,Uttar Pradesh,India,28.57,77.32,Asia/Kolkata,1789110023,11/9/2026 12:30,1789104600,11/9/2026 11:00,34.6,94.3,1,Sunny,http://cdn.weatherapi.com/weather/64x64/day/113.png,1000,4.9,7.9,67,ENE,1008,29.77,0,0,0,38,14,36.1,97,34.6,94.3,36.9,98.3,18.4,65.2,0,1,0,0,10,6,8.1,13,5.3,23.4,74,571,7.9,191,24.3,41.6,59.4,3,4,263.92,130.87,5.79,249.66,,,,,,,,,,,,,,,,,,,,,,,,,,,,,,,,,,,,,,,,,,,,,,,,,,,,,,,,,,,,,,,,,,,,,,,,,,,,,,,,,,,,,,,,,,,,,
Noida,Uttar Pradesh,India,28.57,77.32,Asia/Kolkata,1789110023,11/9/2026 12:30,1789108200,11/9/2026 12:00,35.6,96.1,1,Sunny,http://cdn.weatherapi.com/weather/64x64/day/113.png,1000,6.9,11.2,63,ENE,1007,29.74,0,0,0,36,23,36.3,97.3,35.6,96.1,37.9,100.1,18.1,64.6,0,2,0,0,10,6,8.3,13.4,6.5,23.5,74.2,497,4.9,201,22.4,37.7,48.5,2,4,456.24,252.24,65.58,418.13,,,,,,,,,,,,,,,,,,,,,,,,,,,,,,,,,,,,,,,,,,,,,,,,,,,,,,,,,,,,,,,,,,,,,,,,,,,,,,,,,,,,,,,,,,,,,
Noida,Uttar Pradesh,India,28.57,77.32,Asia/Kolkata,1789110023,11/9/2026 12:30,1789111800,11/9/2026 13:00,36,96.7,1,Partly Cloudy,http://cdn.weatherapi.com/weather/64x64/day/116.png,1003,9.2,14.8,72,ENE,1006,29.71,0,0,0,36,59,36.2,97.2,36,96.7,38.6,101.5,18.6,65.5,0,4,0,0,10,6,18.1,29.2,5.5,23.8,74.9,446,4.2,201,20,34.7,41.2,2,3,465.14,247.42,71.97,425.05,,,,,,,,,,,,,,,,,,,,,,,,,,,,,,,,,,,,,,,,,,,,,,,,,,,,,,,,,,,,,,,,,,,,,,,,,,,,,,,,,,,,,,,,,,,,,
Noida,Uttar Pradesh,India,28.57,77.32,Asia/Kolkata,1789110023,11/9/2026 12:30,1789115400,11/9/2026 14:00,35.4,95.6,1,Patchy light drizzle,http://cdn.weatherapi.com/weather/64x64/day/263.png,1150,9.8,15.8,87,E,1005,29.69,0,0,0,40,68,35.8,96.4,35.4,95.6,38.5,101.3,19.5,67.1,0,18,0,0,5,3,21,33.8,3.6,24.2,75.5,447,5.4,193,17.9,32.7,37.3,2,3,485.73,245.5,88.35,440.67,,,,,,,,,,,,,,,,,,,,,,,,,,,,,,,,,,,,,,,,,,,,,,,,,,,,,,,,,,,,,,,,,,,,,,,,,,,,,,,,,,,,,,,,,,,,,
Noida,Uttar Pradesh,India,28.57,77.32,Asia/Kolkata,1789110023,11/9/2026 12:30,1789119000,11/9/2026 15:00,34.9,94.8,1,Patchy rain nearby,http://cdn.weatherapi.com/weather/64x64/day/176.png,1063,8.9,14.4,96,E,1005,29.67,0,0,0,42,59,37.6,99.7,34.9,94.8,38.4,101.1,20.1,68.2,0,5,0,0,10,6,17.9,28.8,1.4,24.4,75.9,520,8.8,173,15.9,32.5,35.6,2,3,427.92,218.07,47.92,395.47,,,,,,,,,,,,,,,,,,,,,,,,,,,,,,,,,,,,,,,,,,,,,,,,,,,,,,,,,,,,,,,,,,,,,,,,,,,,,,,,,,,,,,,,,,,,,
Noida,Uttar Pradesh,India,28.57,77.32,Asia/Kolkata,1789110023,11/9/2026 12:30,1789122600,11/9/2026 16:00,34.2,93.5,1,Patchy rain nearby,http://cdn.weatherapi.com/weather/64x64/day/176.png,1063,10.5,16.9,104,ESE,1005,29.67,0,0,0,46,97,37.3,99.1,34.2,93.5,38,100.3,20.7,69.3,0,11,0,0,10,6,19.5,31.3,0.4,24.5,76.2,645,14.1,144,14.2,30.9,32.5,2,3,353.18,181.3,18.27,331.55,,,,,,,,,,,,,,,,,,,,,,,,,,,,,,,,,,,,,,,,,,,,,,,,,,,,,,,,,,,,,,,,,,,,,,,,,,,,,,,,,,,,,,,,,,,,,
Noida,Uttar Pradesh,India,28.57,77.32,Asia/Kolkata,1789110023,11/9/2026 12:30,1789126200,11/9/2026 17:00,32.9,91.3,1,Patchy rain nearby,http://cdn.weatherapi.com/weather/64x64/day/176.png,1063,8.9,14.4,109,ESE,1005,29.67,0,0,0,51,100,36.4,97.5,32.9,91.3,36.9,98.4,21.4,70.6,0,12,0,0,10,6,10.6,17,0.1,24.6,76.4,785,20.4,117,14,28.2,28.8,2,3,300.32,154.73,8.74,283.57,,,,,,,,,,,,,,,,,,,,,,,,,,,,,,,,,,,,,,,,,,,,,,,,,,,,,,,,,,,,,,,,,,,,,,,,,,,,,,,,,,,,,,,,,,,,,
Noida,Uttar Pradesh,India,28.57,77.32,Asia/Kolkata,1789110023,11/9/2026 12:30,1789129800,11/9/2026 18:00,32.3,90.1,1,Patchy rain nearby,http://cdn.weatherapi.com/weather/64x64/day/176.png,1063,8.5,13.7,103,ESE,1005,29.69,0,0,0,53,100,35.7,96.3,32.3,90.1,36.2,97.1,21.6,70.8,0,13,0,0,10,6,11.2,18,0,24.6,76.2,966,28.6,94,16.4,28.8,29.3,2,3,29.14,15.6,0.07,27.7,,,,,,,,,,,,,,,,,,,,,,,,,,,,,,,,,,,,,,,,,,,,,,,,,,,,,,,,,,,,,,,,,,,,,,,,,,,,,,,,,,,,,,,,,,,,,
Noida,Uttar Pradesh,India,28.57,77.32,Asia/Kolkata,1789110023,11/9/2026 12:30,1789133400,11/9/2026 19:00,31.2,88.2,0,Patchy rain nearby,http://cdn.weatherapi.com/weather/64x64/night/176.png,1063,9.6,15.5,101,E,1006,29.71,0,0,0,59,100,35,95,31.2,88.2,35.3,95.5,22.2,71.9,0,18,0,0,10,6,12.4,19.9,0,24.7,76.4,1164,37.8,73,20.4,31.5,31.9,2,3,0,0,0,0,,,,,,,,,,,,,,,,,,,,,,,,,,,,,,,,,,,,,,,,,,,,,,,,,,,,,,,,,,,,,,,,,,,,,,,,,,,,,,,,,,,,,,,,,,,,,
Noida,Uttar Pradesh,India,28.57,77.32,Asia/Kolkata,1789110023,11/9/2026 12:30,1789137000,11/9/2026 20:00,30.6,87,0,Overcast,http://cdn.weatherapi.com/weather/64x64/night/122.png,1009,9.2,14.8,100,E,1007,29.73,0,0,0,62,100,34.5,94.1,30.6,87,34.7,94.4,22.6,72.6,0,15,0,0,10,6,13.6,22,0,24.8,76.6,1266,44.8,56,23.6,36.4,36.7,2,4,0,0,0,0,,,,,,,,,,,,,,,,,,,,,,,,,,,,,,,,,,,,,,,,,,,,,,,,,,,,,,,,,,,,,,,,,,,,,,,,,,,,,,,,,,,,,,,,,,,,,
Noida,Uttar Pradesh,India,28.57,77.32,Asia/Kolkata,1789110023,11/9/2026 12:30,1789140600,11/9/2026 21:00,29.8,85.6,0,Patchy rain nearby,http://cdn.weatherapi.com/weather/64x64/night/176.png,1063,9.4,15.1,104,ESE,1007,29.74,0,0,0,66,100,33.6,92.5,29.8,85.6,33.7,92.7,22.7,72.8,0,20,0,0,10,6,14.5,23.4,0,24.6,76.3,1206,48.3,45,25.4,39.9,40,2,4,0,0,0,0,,,,,,,,,,,,,,,,,,,,,,,,,,,,,,,,,,,,,,,,,,,,,,,,,,,,,,,,,,,,,,,,,,,,,,,,,,,,,,,,,,,,,,,,,,,,,
Noida,Uttar Pradesh,India,28.57,77.32,Asia/Kolkata,1789110023,11/9/2026 12:30,1789144200,11/9/2026 22:00,29.1,84.3,0,Overcast,http://cdn.weatherapi.com/weather/64x64/night/122.png,1009,8.5,13.7,114,ESE,1007,29.74,0,0,0,68,100,32.6,90.7,29.1,84.3,32.7,90.8,22.6,72.7,0,17,0,0,10,6,14.1,22.7,0,24.4,75.9,1051,49.5,38,26.5,42.4,42.5,3,5,0,0,0,0,,,,,,,,,,,,,,,,,,,,,,,,,,,,,,,,,,,,,,,,,,,,,,,,,,,,,,,,,,,,,,,,,,,,,,,,,,,,,,,,,,,,,,,,,,,,,
Noida,Uttar Pradesh,India,28.57,77.32,Asia/Kolkata,1789110023,11/9/2026 12:30,1789147800,11/9/2026 23:00,28.6,83.5,0,Overcast,http://cdn.weatherapi.com/weather/64x64/night/122.png,1009,8.5,13.7,114,ESE,1007,29.75,0,0,0,69,100,31.8,89.2,28.6,83.5,31.9,89.5,22.4,72.4,0,17,0,0,10,6,14.8,23.8,0,24.1,75.5,892,49.2,34,26.7,41.9,42,3,4,0,0,0,0,,,,,,,,,,,,,,,,,,,,,,,,,,,,,,,,,,,,,,,,,,,,,,,,,,,,,,,,,,,,,,,,,,,,,,,,,,,,,,,,,,,,,,,,,,,,,
Noida,Uttar Pradesh,India,28.57,77.32,Asia/Kolkata,1789110023,11/9/2026 12:30,1789151400,12/9/2026 0:00,28.3,83,0,Overcast,http://cdn.weatherapi.com/weather/64x64/night/122.png,1009,8.5,13.7,112,ESE,1007,29.74,0,0,0,70,100,31.3,88.3,28.3,83,31.5,88.6,22.2,72,0,17,0,0,10,6,15.2,24.5,0,23.9,75.1,745,47.1,32,25.5,39.7,39.8,2,4,0,0,0,0,,,,,,,,,,,,,,,,,,,,,,,,,,,,,,,,,,,,,,,,,,,,,,,,,,,,,,,,,,,,,,,,,,,,,,,,,,,,,,,,,,,,,,,,,,,,,
Noida,Uttar Pradesh,India,28.57,77.32,Asia/Kolkata,1789110023,11/9/2026 12:30,1789155000,12/9/2026 1:00,27,80.6,0,Overcast,http://cdn.weatherapi.com/weather/64x64/night/122.png,1009,7.8,12.6,123,ESE,1007,29.73,0,0,0,76,100,29.3,84.7,27,80.6,29.8,85.6,22.4,72.2,0,21,0,0,10,6,15.7,25.3,0,23.7,74.6,595,43.5,31,23.4,37.6,37.6,2,4,0,0,0,0,,,,,,,,,,,,,,,,,,,,,,,,,,,,,,,,,,,,,,,,,,,,,,,,,,,,,,,,,,,,,,,,,,,,,,,,,,,,,,,,,,,,,,,,,,,,,
Noida,Uttar Pradesh,India,28.57,77.32,Asia/Kolkata,1789110023,11/9/2026 12:30,1789158600,12/9/2026 2:00,26.9,80.5,0,Patchy rain nearby,http://cdn.weatherapi.com/weather/64x64/night/176.png,1063,6.5,10.4,122,ESE,1007,29.73,0,0,0,77,96,29.3,84.7,26.9,80.5,29.8,85.6,22.5,72.5,0,22,0,0,10,6,14.3,23.1,0,23.7,74.7,488,39.5,32,21.3,35.7,35.7,2,3,0,0,0,0,,,,,,,,,,,,,,,,,,,,,,,,,,,,,,,,,,,,,,,,,,,,,,,,,,,,,,,,,,,,,,,,,,,,,,,,,,,,,,,,,,,,,,,,,,,,,
Noida,Uttar Pradesh,India,28.57,77.32,Asia/Kolkata,1789110023,11/9/2026 12:30,1789162200,12/9/2026 3:00,26.5,79.8,0,Light rain shower,http://cdn.weatherapi.com/weather/64x64/night/353.png,1240,5.1,8.3,114,ESE,1007,29.73,0,0,0,79,93,29,84.2,26.5,79.8,29.3,84.8,22.6,72.7,0,37,0,0,10,6,10.3,16.6,0,23.7,74.6,446,35.1,32,19.3,29.6,29.6,2,3,0,0,0,0,,,,,,,,,,,,,,,,,,,,,,,,,,,,,,,,,,,,,,,,,,,,,,,,,,,,,,,,,,,,,,,,,,,,,,,,,,,,,,,,,,,,,,,,,,,,,
Noida,Uttar Pradesh,India,28.57,77.32,Asia/Kolkata,1789110023,11/9/2026 12:30,1789165800,12/9/2026 4:00,26.3,79.3,0,Light rain shower,http://cdn.weatherapi.com/weather/64x64/night/353.png,1240,6,9.7,116,ESE,1007,29.73,0,0,0,81,100,28.7,83.7,26.3,79.3,29.1,84.3,22.8,73,0,39,0,0,10,6,11.7,18.8,0,23.8,74.8,446,30.3,34,17.3,26.9,27,2,3,0,0,0,0,,,,,,,,,,,,,,,,,,,,,,,,,,,,,,,,,,,,,,,,,,,,,,,,,,,,,,,,,,,,,,,,,,,,,,,,,,,,,,,,,,,,,,,,,,,,,
Noida,Uttar Pradesh,India,28.57,77.32,Asia/Kolkata,1789110023,11/9/2026 12:30,1789169400,12/9/2026 5:00,26.4,79.5,0,Overcast,http://cdn.weatherapi.com/weather/64x64/night/122.png,1009,6.7,10.8,117,ESE,1008,29.76,0,0,0,82,98,28.8,83.8,26.4,79.5,29.3,84.8,23,73.4,0,24,0,0,10,6,13.4,21.6,0,23.9,75.1,466,26.6,39,16.3,25.6,25.6,2,3,0,0,0,0,,,,,,,,,,,,,,,,,,,,,,,,,,,,,,,,,,,,,,,,,,,,,,,,,,,,,,,,,,,,,,,,,,,,,,,,,,,,,,,,,,,,,,,,,,,,,
Noida,Uttar Pradesh,India,28.57,77.32,Asia/Kolkata,1789110023,11/9/2026 12:30,1789173000,12/9/2026 6:00,26.3,79.4,1,Overcast,http://cdn.weatherapi.com/weather/64x64/day/122.png,1009,7.2,11.5,125,SE,1008,29.78,0,0,0,81,92,28.7,83.7,26.3,79.4,29.2,84.5,22.8,73.1,0,22,0,0,10,6,13.6,22,0,23.8,74.8,516,25.1,49,17.1,27.8,27.8,2,3,4.64,2.38,0,4.41,,,,,,,,,,,,,,,,,,,,,,,,,,,,,,,,,,,,,,,,,,,,,,,,,,,,,,,,,,,,,,,,,,,,,,,,,,,,,,,,,,,,,,,,,,,,,
Noida,Uttar Pradesh,India,28.57,77.32,Asia/Kolkata,1789110023,11/9/2026 12:30,1789176600,12/9/2026 7:00,27.1,80.7,1,Overcast,http://cdn.weatherapi.com/weather/64x64/day/122.png,1009,7.4,11.9,121,ESE,1009,29.8,0,0,0,74,96,29.4,84.9,27.1,80.7,29.8,85.6,22.1,71.7,0,19,0,0,10,6,13.2,21.3,0.5,23.5,74.3,586,24.7,64,18.9,26.8,26.9,2,3,36.8,19.98,0.11,34.98,,,,,,,,,,,,,,,,,,,,,,,,,,,,,,,,,,,,,,,,,,,,,,,,,,,,,,,,,,,,,,,,,,,,,,,,,,,,,,,,,,,,,,,,,,,,,
Noida,Uttar Pradesh,India,28.57,77.32,Asia/Kolkata,1789110023,11/9/2026 12:30,1789180200,12/9/2026 8:00,27.1,80.8,1,Patchy rain nearby,http://cdn.weatherapi.com/weather/64x64/day/176.png,1063,9.4,15.1,118,ESE,1010,29.82,0,0,0,73,93,29.3,84.7,27.1,80.8,29.7,85.4,21.8,71.3,0,20,0,0,10,6,15.7,25.2,0.9,23.3,74,616,22.8,83,19.8,25.4,25.5,2,3,47.72,27.18,0.19,45.35,,,,,,,,,,,,,,,,,,,,,,,,,,,,,,,,,,,,,,,,,,,,,,,,,,,,,,,,,,,,,,,,,,,,,,,,,,,,,,,,,,,,,,,,,,,,,
Noida,Uttar Pradesh,India,28.57,77.32,Asia/Kolkata,1789110023,11/9/2026 12:30,1789183800,12/9/2026 9:00,27,80.6,1,Patchy rain nearby,http://cdn.weatherapi.com/weather/64x64/day/176.png,1063,8.7,14,117,ESE,1010,29.84,0,0,0,73,97,29.1,84.4,27,80.6,29.5,85.1,21.8,71.2,0,20,0,0,10,6,15.4,24.8,1.2,23.3,73.9,567,17.6,112,18.7,21.4,21.4,2,2,46.12,27.34,0.18,43.83,,,,,,,,,,,,,,,,,,,,,,,,,,,,,,,,,,,,,,,,,,,,,,,,,,,,,,,,,,,,,,,,,,,,,,,,,,,,,,,,,,,,,,,,,,,,,
Noida,Uttar Pradesh,India,28.57,77.32,Asia/Kolkata,1789110023,11/9/2026 12:30,1789187400,12/9/2026 10:00,27.4,81.3,1,Cloudy,http://cdn.weatherapi.com/weather/64x64/day/119.png,1006,7.4,11.9,104,ESE,1010,29.84,0,0,0,71,77,29.7,85.5,27.4,81.4,30,86,21.7,71,0,14,0,0,10,6,12.5,20.2,1.8,23.3,74,478,11,146,16.6,18.8,18.9,2,2,54.92,32.39,0.25,52.18,,,,,,,,,,,,,,,,,,,,,,,,,,,,,,,,,,,,,,,,,,,,,,,,,,,,,,,,,,,,,,,,,,,,,,,,,,,,,,,,,,,,,,,,,,,,,
Noida,Uttar Pradesh,India,28.57,77.32,Asia/Kolkata,1789110023,11/9/2026 12:30,1789191000,12/9/2026 11:00,29.3,84.7,1,Partly Cloudy,http://cdn.weatherapi.com/weather/64x64/day/116.png,1003,6.9,11.2,103,ESE,1010,29.81,0,0,0,62,50,31.8,89.2,29.3,84.7,32,89.7,21.2,70.1,0,7,0,0,10,6,11.7,18.8,4.1,23.5,74.3,411,6.1,173,14.9,18.5,18.6,2,2,119.31,60.5,1.18,113.21,,,,,,,,,,,,,,,,,,,,,,,,,,,,,,,,,,,,,,,,,,,,,,,,,,,,,,,,,,,,,,,,,,,,,,,,,,,,,,,,,,,,,,,,,,,,,
Noida,Uttar Pradesh,India,28.57,77.32,Asia/Kolkata,1789110023,11/9/2026 12:30,1789194600,12/9/2026 12:00,31,87.8,1,Cloudy,http://cdn.weatherapi.com/weather/64x64/day/119.png,1006,7.8,12.6,108,ESE,1009,29.79,0,0,0,54,65,33.5,92.3,31,87.8,33.9,93,20.7,69.3,0,7,0,0,10,6,11,17.7,6.4,23.7,74.6,385,3.8,189,14,18.7,18.7,2,2,703.6,280.93,409.24,570.19,,,,,,,,,,,,,,,,,,,,,,,,,,,,,,,,,,,,,,,,,,,,,,,,,,,,,,,,,,,,,,,,,,,,,,,,,,,,,,,,,,,,,,,,,,,,,
Noida,Uttar Pradesh,India,28.57,77.32,Asia/Kolkata,1789110023,11/9/2026 12:30,1789198200,12/9/2026 13:00,31.7,89.1,1,Partly Cloudy,http://cdn.weatherapi.com/weather/64x64/day/116.png,1003,8.5,13.7,111,ESE,1008,29.76,0,0,0,52,29,34.3,93.7,31.7,89.1,34.7,94.5,20.6,69.1,0,4,0,0,10,6,10.8,17.4,6.1,23.8,74.9,381,3.2,197,13.5,19.7,19.7,2,2,751.02,240.14,509.04,591.12,,,,,,,,,,,,,,,,,,,,,,,,,,,,,,,,,,,,,,,,,,,,,,,,,,,,,,,,,,,,,,,,,,,,,,,,,,,,,,,,,,,,,,,,,,,,,
Noida,Uttar Pradesh,India,28.57,77.32,Asia/Kolkata,1789110023,11/9/2026 12:30,1789201800,12/9/2026 14:00,32.1,89.8,1,Partly Cloudy,http://cdn.weatherapi.com/weather/64x64/day/116.png,1003,8.9,14.4,102,ESE,1007,29.73,0,0,0,50,30,34.7,94.5,32.1,89.8,35.2,95.3,20.5,68.9,0,3,0,0,10,6,10.7,17.3,5.3,23.9,75,397,5.3,196,13.6,20.5,20.6,2,2,745.41,212.76,496.94,588.71,,,,,,,,,,,,,,,,,,,,,,,,,,,,,,,,,,,,,,,,,,,,,,,,,,,,,,,,,,,,,,,,,,,,,,,,,,,,,,,,,,,,,,,,,,,,,
Noida,Uttar Pradesh,India,28.57,77.32,Asia/Kolkata,1789110023,11/9/2026 12:30,1789205400,12/9/2026 15:00,31.9,89.4,1,Partly Cloudy,http://cdn.weatherapi.com/weather/64x64/day/116.png,1003,9.2,14.8,92,E,1006,29.71,0,0,0,51,26,34.4,93.9,31.9,89.4,34.9,94.8,20.4,68.8,0,3,0,0,10,6,10.3,16.6,3.5,23.8,74.8,437,12,180,14.5,21,22.6,2,2,707.95,194.74,418.12,572.18,,,,,,,,,,,,,,,,,,,,,,,,,,,,,,,,,,,,,,,,,,,,,,,,,,,,,,,,,,,,,,,,,,,,,,,,,,,,,,,,,,,,,,,,,,,,,
Noida,Uttar Pradesh,India,28.57,77.32,Asia/Kolkata,1789110023,11/9/2026 12:30,1789209000,12/9/2026 16:00,31.4,88.6,1,Partly Cloudy,http://cdn.weatherapi.com/weather/64x64/day/116.png,1003,8.3,13.3,86,E,1006,29.71,0,0,0,54,26,34.2,93.6,31.4,88.6,34.6,94.3,20.9,69.6,0,4,0,0,10,6,9.2,14.8,1.5,23.9,75.1,498,21.3,153,16,21.7,22.6,2,2,648.75,179.11,304.16,543.47,,,,,,,,,,,,,,,,,,,,,,,,,,,,,,,,,,,,,,,,,,,,,,,,,,,,,,,,,,,,,,,,,,,,,,,,,,,,,,,,,,,,,,,,,,,,,
Noida,Uttar Pradesh,India,28.57,77.32,Asia/Kolkata,1789110023,11/9/2026 12:30,1789212600,12/9/2026 17:00,30.8,87.5,1,Sunny,http://cdn.weatherapi.com/weather/64x64/day/113.png,1000,7.2,11.5,75,ENE,1007,29.72,0,0,0,58,22,33.9,93,30.8,87.5,34.2,93.6,21.5,70.7,0,4,0,0,10,6,8.8,14.2,0.4,24.1,75.5,570,28.4,129,17.2,25.6,26,2,3,573.65,162.66,185.47,500.78,,,,,,,,,,,,,,,,,,,,,,,,,,,,,,,,,,,,,,,,,,,,,,,,,,,,,,,,,,,,,,,,,,,,,,,,,,,,,,,,,,,,,,,,,,,,,
Noida,Uttar Pradesh,India,28.57,77.32,Asia/Kolkata,1789110023,11/9/2026 12:30,1789216200,12/9/2026 18:00,30,86,0,Clear,http://cdn.weatherapi.com/weather/64x64/night/113.png,1000,6.9,11.2,70,ENE,1007,29.74,0,0,0,61,14,33,91.4,30,86,33.2,91.8,21.6,70.8,0,4,0,0,10,6,8.7,14.1,0,24,75.2,664,30.8,112,17.9,26.3,26.4,2,3,0,0,0,0,,,,,,,,,,,,,,,,,,,,,,,,,,,,,,,,,,,,,,,,,,,,,,,,,,,,,,,,,,,,,,,,,,,,,,,,,,,,,,,,,,,,,,,,,,,,,
Noida,Uttar Pradesh,India,28.57,77.32,Asia/Kolkata,1789110023,11/9/2026 12:30,1789219800,12/9/2026 19:00,29.5,85,0,Clear,http://cdn.weatherapi.com/weather/64x64/night/113.png,1000,6.9,11.2,81,E,1008,29.75,0,0,0,63,5,32.4,90.3,29.5,85,32.6,90.6,21.7,71,0,4,0,0,10,6,9.2,14.8,0,23.9,75,770,31,96,18.5,24.6,24.7,2,3,0,0,0,0,,,,,,,,,,,,,,,,,,,,,,,,,,,,,,,,,,,,,,,,,,,,,,,,,,,,,,,,,,,,,,,,,,,,,,,,,,,,,,,,,,,,,,,,,,,,,
Noida,Uttar Pradesh,India,28.57,77.32,Asia/Kolkata,1789110023,11/9/2026 12:30,1789223400,12/9/2026 20:00,28.9,84,0,Clear,http://cdn.weatherapi.com/weather/64x64/night/113.png,1000,6.7,10.8,93,E,1008,29.77,0,0,0,66,5,31.8,89.2,28.9,84,32,89.5,21.8,71.3,0,4,0,0,10,6,9.8,15.8,0,23.8,74.9,843,31,84,18.8,25.9,26,2,3,0,0,0,0,,,,,,,,,,,,,,,,,,,,,,,,,,,,,,,,,,,,,,,,,,,,,,,,,,,,,,,,,,,,,,,,,,,,,,,,,,,,,,,,,,,,,,,,,,,,,
Noida,Uttar Pradesh,India,28.57,77.32,Asia/Kolkata,1789110023,11/9/2026 12:30,1789227000,12/9/2026 21:00,28.5,83.3,0,Clear,http://cdn.weatherapi.com/weather/64x64/night/113.png,1000,6,9.7,100,E,1009,29.79,0,0,0,67,5,31.2,88.2,28.5,83.3,31.4,88.4,21.7,71.1,0,5,0,0,10,6,9.6,15.5,0,23.7,74.6,870,32.2,74,19.1,27.3,27.4,2,3,0,0,0,0,,,,,,,,,,,,,,,,,,,,,,,,,,,,,,,,,,,,,,,,,,,,,,,,,,,,,,,,,,,,,,,,,,,,,,,,,,,,,,,,,,,,,,,,,,,,,
Noida,Uttar Pradesh,India,28.57,77.32,Asia/Kolkata,1789110023,11/9/2026 12:30,1789230600,12/9/2026 22:00,28.2,82.7,0,Clear,http://cdn.weatherapi.com/weather/64x64/night/113.png,1000,6,9.7,104,ESE,1009,29.79,0,0,0,67,5,30.6,87.1,28.2,82.7,30.9,87.5,21.5,70.7,0,5,0,0,10,6,10.8,17.3,0,23.4,74.1,865,33.3,66,19.2,29,29,2,3,0,0,0,0,,,,,,,,,,,,,,,,,,,,,,,,,,,,,,,,,,,,,,,,,,,,,,,,,,,,,,,,,,,,,,,,,,,,,,,,,,,,,,,,,,,,,,,,,,,,,
Noida,Uttar Pradesh,India,28.57,77.32,Asia/Kolkata,1789110023,11/9/2026 12:30,1789234200,12/9/2026 23:00,27.9,82.3,0,Clear,http://cdn.weatherapi.com/weather/64x64/night/113.png,1000,6,9.7,101,ESE,1009,29.78,0,0,0,68,6,30.3,86.5,27.9,82.3,30.5,86.9,21.5,70.6,0,5,0,0,10,6,12.1,19.4,0,23.3,74,822,32.6,62,18.6,28.7,28.7,2,3,0,0,0,0,,,,,,,,,,,,,,,,,,,,,,,,,,,,,,,,,,,,,,,,,,,,,,,,,,,,,,,,,,,,,,,,,,,,,,,,,,,,,,,,,,,,,,,,,,,,,
Noida,Uttar Pradesh,India,28.57,77.32,Asia/Kolkata,1789110023,11/9/2026 12:30,1789237800,13-09-2026 00:00:00,29.5,85,0,Overcast,http://cdn.weatherapi.com/weather/64x64/night/122.png,1009,7.6,12.2,137,SE,1007,29.73,0,0,0,66,100,33,91.4,29.5,85,33.2,91.7,22.6,72.6,0,16,0,0,10,6,12.8,20.6,0,24.5,76,717,28.6,62,16.7,25.4,25.4,2,3,0,0,0,0,,,,,,,,,,,,,,,,,,,,,,,,,,,,,,,,,,,,,,,,,,,,,,,,,,,,,,,,,,,,,,,,,,,,,,,,,,,,,,,,,,,,,,,,,,,,,
Noida,Uttar Pradesh,India,28.57,77.32,Asia/Kolkata,1789110023,11/9/2026 12:30,1789241400,13-09-2026 01:00:00,29.1,84.3,0,Overcast,http://cdn.weatherapi.com/weather/64x64/night/122.png,1009,7.8,12.6,134,SE,1007,29.72,0,0,0,68,100,32.5,90.5,29.1,84.3,32.6,90.7,22.6,72.6,0,17,0,0,10,6,13.5,21.7,0,24.4,75.8,574,22.8,65,14.1,21.6,21.7,2,2,0,0,0,0,,,,,,,,,,,,,,,,,,,,,,,,,,,,,,,,,,,,,,,,,,,,,,,,,,,,,,,,,,,,,,,,,,,,,,,,,,,,,,,,,,,,,,,,,,,,,
Noida,Uttar Pradesh,India,28.57,77.32,Asia/Kolkata,1789110023,11/9/2026 12:30,1789245000,13-09-2026 02:00:00,28.7,83.6,0,Patchy rain nearby,http://cdn.weatherapi.com/weather/64x64/night/176.png,1063,6.3,10.1,134,SE,1006,29.72,0,0,0,69,89,31.9,89.4,28.7,83.6,32.1,89.7,22.5,72.5,0,16,0,0,10,6,12.8,20.6,0,24.2,75.6,466,18.5,67,12.3,18.7,18.7,2,2,0,0,0,0,,,,,,,,,,,,,,,,,,,,,,,,,,,,,,,,,,,,,,,,,,,,,,,,,,,,,,,,,,,,,,,,,,,,,,,,,,,,,,,,,,,,,,,,,,,,,
Noida,Uttar Pradesh,India,28.57,77.32,Asia/Kolkata,1789110023,11/9/2026 12:30,1789248600,13-09-2026 03:00:00,28,82.4,0,Partly Cloudy,http://cdn.weatherapi.com/weather/64x64/night/116.png,1003,4.9,7.9,151,SSE,1007,29.72,0,0,0,73,40,31.1,88,28,82.4,31.3,88.4,22.7,72.9,0,10,0,0,10,6,10.1,16.2,0,24.2,75.5,423,17.3,63,12,16.7,16.8,2,2,0,0,0,0,,,,,,,,,,,,,,,,,,,,,,,,,,,,,,,,,,,,,,,,,,,,,,,,,,,,,,,,,,,,,,,,,,,,,,,,,,,,,,,,,,,,,,,,,,,,,
Noida,Uttar Pradesh,India,28.57,77.32,Asia/Kolkata,1789110023,11/9/2026 12:30,1789252200,13-09-2026 04:00:00,27.7,81.9,0,Patchy rain nearby,http://cdn.weatherapi.com/weather/64x64/night/176.png,1063,5.4,8.6,153,SSE,1007,29.73,0,0,0,74,72,30.7,87.3,27.7,81.9,31,87.8,22.8,73,0,21,0,0,10,6,9.4,15.2,0,24.2,75.5,414,17.6,58,12.5,15.7,15.8,2,2,0,0,0,0,,,,,,,,,,,,,,,,,,,,,,,,,,,,,,,,,,,,,,,,,,,,,,,,,,,,,,,,,,,,,,,,,,,,,,,,,,,,,,,,,,,,,,,,,,,,,
Noida,Uttar Pradesh,India,28.57,77.32,Asia/Kolkata,1789110023,11/9/2026 12:30,1789255800,13-09-2026 05:00:00,27.6,81.6,0,Overcast,http://cdn.weatherapi.com/weather/64x64/night/122.png,1009,5.4,8.6,144,SE,1007,29.75,0,0,0,75,100,30.4,86.7,27.6,81.6,30.8,87.4,22.8,73,0,20,0,0,10,6,10.4,16.7,0,24.1,75.4,421,17.6,57,13.3,15.7,15.7,2,2,0,0,0,0,,,,,,,,,,,,,,,,,,,,,,,,,,,,,,,,,,,,,,,,,,,,,,,,,,,,,,,,,,,,,,,,,,,,,,,,,,,,,,,,,,,,,,,,,,,,,
Noida,Uttar Pradesh,India,28.57,77.32,Asia/Kolkata,1789110023,11/9/2026 12:30,1789259400,13-09-2026 06:00:00,27,80.6,1,Light rain shower,http://cdn.weatherapi.com/weather/64x64/day/353.png,1240,5.6,9,137,SE,1008,29.77,1,0,0,78,100,29.6,85.3,27,80.6,30.1,86.1,22.8,73,0,68,0,0,10,6,10.1,16.3,0,24,75.1,454,17,63,14.6,17.1,17.1,2,2,4.94,2.41,0,4.7,,,,,,,,,,,,,,,,,,,,,,,,,,,,,,,,,,,,,,,,,,,,,,,,,,,,,,,,,,,,,,,,,,,,,,,,,,,,,,,,,,,,,,,,,,,,,
Noida,Uttar Pradesh,India,28.57,77.32,Asia/Kolkata,1789110023,11/9/2026 12:30,1789263000,13-09-2026 07:00:00,27.3,81.1,1,Overcast,http://cdn.weatherapi.com/weather/64x64/day/122.png,1009,7.2,11.5,127,SE,1009,29.79,0,0,0,78,100,30.2,86.4,27.3,81.1,30.6,87.1,23.1,73.6,0,22,0,0,10,6,13.3,21.4,0.5,24.3,75.7,503,16.3,73,16.1,16.6,16.8,2,2,47.76,24.78,0.19,45.39,,,,,,,,,,,,,,,,,,,,,,,,,,,,,,,,,,,,,,,,,,,,,,,,,,,,,,,,,,,,,,,,,,,,,,,,,,,,,,,,,,,,,,,,,,,,,
Noida,Uttar Pradesh,India,28.57,77.32,Asia/Kolkata,1789110023,11/9/2026 12:30,1789266600,13-09-2026 08:00:00,28.5,83.3,1,Light rain shower,http://cdn.weatherapi.com/weather/64x64/day/353.png,1240,9.2,14.8,123,ESE,1009,29.8,1,0,0,72,100,32.1,89.8,28.5,83.3,32.2,89.9,23,73.5,0,56,0,0,10,6,15.3,24.6,1.8,24.5,76.2,518,14.7,87,17.1,18.6,25.4,2,2,118.52,57.88,1.17,112.46,,,,,,,,,,,,,,,,,,,,,,,,,,,,,,,,,,,,,,,,,,,,,,,,,,,,,,,,,,,,,,,,,,,,,,,,,,,,,,,,,,,,,,,,,,,,,
Noida,Uttar Pradesh,India,28.57,77.32,Asia/Kolkata,1789110023,11/9/2026 12:30,1789270200,13-09-2026 09:00:00,30.2,86.3,1,Overcast,http://cdn.weatherapi.com/weather/64x64/day/122.png,1009,9.2,14.8,109,ESE,1010,29.83,0,0,0,61,99,33.3,91.9,30.2,86.3,33.5,92.4,21.7,71.1,0,14,0,0,10,6,13.3,21.3,4.1,24.1,75.4,462,11.6,109,16.9,18.2,23.1,2,2,201.88,89.99,3.39,191.23,,,,,,,,,,,,,,,,,,,,,,,,,,,,,,,,,,,,,,,,,,,,,,,,,,,,,,,,,,,,,,,,,,,,,,,,,,,,,,,,,,,,,,,,,,,,,
Noida,Uttar Pradesh,India,28.57,77.32,Asia/Kolkata,1789110023,11/9/2026 12:30,1789273800,13-09-2026 10:00:00,31.5,88.7,1,Cloudy,http://cdn.weatherapi.com/weather/64x64/day/119.png,1006,9.6,15.5,111,ESE,1010,29.83,0,0,0,55,86,34.6,94.3,31.5,88.7,35,95,21.4,70.5,0,11,0,0,10,6,12.5,20.2,6.6,24.3,75.7,372,7.7,136,16.1,17.9,20.2,2,2,284.43,117.45,7.19,268.84,,,,,,,,,,,,,,,,,,,,,,,,,,,,,,,,,,,,,,,,,,,,,,,,,,,,,,,,,,,,,,,,,,,,,,,,,,,,,,,,,,,,,,,,,,,,,
Noida,Uttar Pradesh,India,28.57,77.32,Asia/Kolkata,1789110023,11/9/2026 12:30,1789277400,13-09-2026 11:00:00,32.7,90.8,1,Cloudy,http://cdn.weatherapi.com/weather/64x64/day/119.png,1006,9.4,15.1,109,ESE,1009,29.81,0,0,0,50,78,35.8,96.4,32.7,90.8,36.3,97.3,21.1,69.9,0,8,0,0,10,6,12.1,19.5,8.4,24.4,75.8,304,4.9,157,15.4,17.7,19,2,2,361.52,134.61,20.52,338.94,,,,,,,,,,,,,,,,,,,,,,,,,,,,,,,,,,,,,,,,,,,,,,,,,,,,,,,,,,,,,,,,,,,,,,,,,,,,,,,,,,,,,,,,,,,,,
Noida,Uttar Pradesh,India,28.57,77.32,Asia/Kolkata,1789110023,11/9/2026 12:30,1789281000,13-09-2026 12:00:00,33.6,92.6,1,Partly Cloudy,http://cdn.weatherapi.com/weather/64x64/day/116.png,1003,9.2,14.8,107,ESE,1009,29.79,0,0,0,47,45,36.6,97.9,33.7,92.6,37.3,99.1,20.7,69.3,0,4,0,0,10,6,11.6,18.7,9,24.4,75.9,277,3.5,169,15.1,18.6,19.6,2,2,816.84,200.3,652.41,619,,,,,,,,,,,,,,,,,,,,,,,,,,,,,,,,,,,,,,,,,,,,,,,,,,,,,,,,,,,,,,,,,,,,,,,,,,,,,,,,,,,,,,,,,,,,,
Noida,Uttar Pradesh,India,28.57,77.32,Asia/Kolkata,1789110023,11/9/2026 12:30,1789284600,13-09-2026 13:00:00,34.5,94,1,Sunny,http://cdn.weatherapi.com/weather/64x64/day/113.png,1000,9.4,15.1,104,ESE,1008,29.76,0,0,0,44,20,37.3,99.1,34.5,94,38.1,100.5,20.3,68.6,0,2,0,0,10,6,11.7,18.8,8.2,24.4,75.9,271,3.2,175,15,19.3,20,2,2,813.7,187.86,645.65,617.65,,,,,,,,,,,,,,,,,,,,,,,,,,,,,,,,,,,,,,,,,,,,,,,,,,,,,,,,,,,,,,,,,,,,,,,,,,,,,,,,,,,,,,,,,,,,,
Noida,Uttar Pradesh,India,28.57,77.32,Asia/Kolkata,1789110023,11/9/2026 12:30,1789288200,13-09-2026 14:00:00,35,94.9,1,Partly Cloudy,http://cdn.weatherapi.com/weather/64x64/day/116.png,1003,9.6,15.5,99,E,1007,29.73,0,0,0,42,35,37.7,99.9,35,94.9,38.4,101.2,20,68.1,0,3,0,0,10,6,11.2,18.1,6.1,24.4,75.8,290,4.4,173,15.1,19.8,20.4,2,2,785.17,181.82,583.51,605.57,,,,,,,,,,,,,,,,,,,,,,,,,,,,,,,,,,,,,,,,,,,,,,,,,,,,,,,,,,,,,,,,,,,,,,,,,,,,,,,,,,,,,,,,,,,,,
Noida,Uttar Pradesh,India,28.57,77.32,Asia/Kolkata,1789110023,11/9/2026 12:30,1789291800,13-09-2026 15:00:00,35,94.9,1,Partly Cloudy,http://cdn.weatherapi.com/weather/64x64/day/116.png,1003,9.8,15.8,96,E,1006,29.71,0,0,0,41,50,37.4,99.3,35,94.9,38.1,100.7,19.6,67.4,0,4,0,0,10,6,10.6,17.1,3.5,24.1,75.4,345,7.8,161,15.3,20.1,20.7,2,2,733.23,179.1,470.9,583.44,,,,,,,,,,,,,,,,,,,,,,,,,,,,,,,,,,,,,,,,,,,,,,,,,,,,,,,,,,,,,,,,,,,,,,,,,,,,,,,,,,,,,,,,,,,,,
Noida,Uttar Pradesh,India,28.57,77.32,Asia/Kolkata,1789110023,11/9/2026 12:30,1789295400,13-09-2026 16:00:00,34.5,94.1,1,Partly Cloudy,http://cdn.weatherapi.com/weather/64x64/day/116.png,1003,9.6,15.5,96,E,1006,29.7,0,0,0,42,44,36.9,98.4,34.5,94.1,37.6,99.7,19.7,67.5,0,4,0,0,10,6,10.3,16.6,1.4,24.1,75.3,424,12.7,142,15.6,19.7,20.3,2,2,668.38,166.47,340.2,553.41,,,,,,,,,,,,,,,,,,,,,,,,,,,,,,,,,,,,,,,,,,,,,,,,,,,,,,,,,,,,,,,,,,,,,,,,,,,,,,,,,,,,,,,,,,,,,
Noida,Uttar Pradesh,India,28.57,77.32,Asia/Kolkata,1789110023,11/9/2026 12:30,1789299000,13-09-2026 17:00:00,33.4,92.1,1,Partly Cloudy,http://cdn.weatherapi.com/weather/64x64/day/116.png,1003,10.5,16.9,105,ESE,1006,29.71,0,0,0,48,44,36.4,97.5,33.4,92.1,37,98.5,20.7,69.3,0,4,0,0,10,6,11.5,18.4,0.3,24.4,75.8,489,17.5,123,16.5,22.6,23.1,2,2,591.01,151.94,210.04,511.34,,,,,,,,,,,,,,,,,,,,,,,,,,,,,,,,,,,,,,,,,,,,,,,,,,,,,,,,,,,,,,,,,,,,,,,,,,,,,,,,,,,,,,,,,,,,,
Noida,Uttar Pradesh,India,28.57,77.32,Asia/Kolkata,1789110023,11/9/2026 12:30,1789302600,13-09-2026 18:00:00,31.8,89.2,0,Clear,http://cdn.weatherapi.com/weather/64x64/night/113.png,1000,9.4,15.1,111,ESE,1007,29.73,0,0,0,54,6,34.9,94.8,31.8,89.2,35.3,95.6,21.4,70.4,0,3,0,0,10,6,12.8,20.6,0,24.3,75.7,528,22.2,105,18.6,25.6,25.8,2,3,0,0,0,0,,,,,,,,,,,,,,,,,,,,,,,,,,,,,,,,,,,,,,,,,,,,,,,,,,,,,,,,,,,,,,,,,,,,,,,,,,,,,,,,,,,,,,,,,,,,,
Noida,Uttar Pradesh,India,28.57,77.32,Asia/Kolkata,1789110023,11/9/2026 12:30,1789306200,13-09-2026 19:00:00,31.1,88,0,Clear,http://cdn.weatherapi.com/weather/64x64/night/113.png,1000,8.3,13.3,104,ESE,1007,29.75,0,0,0,56,10,34.2,93.6,31.1,88,34.6,94.2,21.5,70.6,0,3,0,0,10,6,13.2,21.2,0,24.2,75.5,553,26.7,88,21.2,26.9,27.2,2,3,0,0,0,0,,,,,,,,,,,,,,,,,,,,,,,,,,,,,,,,,,,,,,,,,,,,,,,,,,,,,,,,,,,,,,,,,,,,,,,,,,,,,,,,,,,,,,,,,,,,,
Noida,Uttar Pradesh,India,28.57,77.32,Asia/Kolkata,1789110023,11/9/2026 12:30,1789309800,13-09-2026 20:00:00,30.7,87.3,0,Clear,http://cdn.weatherapi.com/weather/64x64/night/113.png,1000,8.3,13.3,105,ESE,1008,29.77,0,0,0,58,5,33.8,92.8,30.7,87.3,34.1,93.4,21.5,70.7,0,3,0,0,10,6,14.8,23.9,0,24.1,75.4,560,29,75,22.4,27.3,27.5,2,3,0,0,0,0,,,,,,,,,,,,,,,,,,,,,,,,,,,,,,,,,,,,,,,,,,,,,,,,,,,,,,,,,,,,,,,,,,,,,,,,,,,,,,,,,,,,,,,,,,,,,
Noida,Uttar Pradesh,India,28.57,77.32,Asia/Kolkata,1789110023,11/9/2026 12:30,1789313400,13-09-2026 21:00:00,30.1,86.1,0,Clear,http://cdn.weatherapi.com/weather/64x64/night/113.png,1000,8.5,13.7,118,ESE,1009,29.79,0,0,0,61,5,33.1,91.6,30.1,86.1,33.3,92,21.6,70.9,0,4,0,0,10,6,16.1,26,0,24,75.2,542,27.8,69,21.1,28.2,28.4,2,3,0,0,0,0,,,,,,,,,,,,,,,,,,,,,,,,,,,,,,,,,,,,,,,,,,,,,,,,,,,,,,,,,,,,,,,,,,,,,,,,,,,,,,,,,,,,,,,,,,,,,
Noida,Uttar Pradesh,India,28.57,77.32,Asia/Kolkata,1789110023,11/9/2026 12:30,1789317000,13-09-2026 22:00:00,29.4,84.9,0,Clear,http://cdn.weatherapi.com/weather/64x64/night/113.png,1000,8.1,13,123,ESE,1009,29.8,0,0,0,64,12,32.4,90.3,29.4,84.9,32.6,90.6,21.9,71.3,0,5,0,0,10,6,16.2,26,0,24,75.2,505,24.4,68,18.5,27.2,27.4,2,3,0,0,0,0,,,,,,,,,,,,,,,,,,,,,,,,,,,,,,,,,,,,,,,,,,,,,,,,,,,,,,,,,,,,,,,,,,,,,,,,,,,,,,,,,,,,,,,,,,,,,
Noida,Uttar Pradesh,India,28.57,77.32,Asia/Kolkata,1789110023,11/9/2026 12:30,1789320600,13-09-2026 23:00:00,29.1,84.3,0,Clear,http://cdn.weatherapi.com/weather/64x64/night/113.png,1000,7.4,11.9,115,ESE,1009,29.79,0,0,0,65,13,31.9,89.4,29.1,84.3,32.1,89.8,21.8,71.2,0,5,0,0,10,6,15.9,25.6,0,23.8,74.9,466,21.1,68,16.3,23.4,23.6,2,2,0,0,0,0,,,,,,,,,,,,,,,,,,,,,,,,,,,,,,,,,,,,,,,,,,,,,,,,,,,,,,,,,,,,,,,,,,,,,,,,,,,,,,,,,,,,,,,,,,,,,
Noida,Uttar Pradesh,India,28.57,77.32,Asia/Kolkata,1789110023,11/9/2026 12:30,1789324200,14-09-2026 00:00:00,28.7,83.7,0,Clear,http://cdn.weatherapi.com/weather/64x64/night/113.png,1000,7.4,11.9,114,ESE,1009,29.78,0,0,0,66,23,31.5,88.7,28.7,83.7,31.7,89.1,21.8,71.2,0,6,0,0,10,6,16.4,26.4,0,23.8,74.8,426,18.5,67,15.1,20.3,20.5,2,2,0,0,0,0,,,,,,,,,,,,,,,,,,,,,,,,,,,,,,,,,,,,,,,,,,,,,,,,,,,,,,,,,,,,,,,,,,,,,,,,,,,,,,,,,,,,,,,,,,,,,
Noida,Uttar Pradesh,India,28.57,77.32,Asia/Kolkata,1789110023,11/9/2026 12:30,1789327800,14-09-2026 01:00:00,28.6,83.4,0,Clear,http://cdn.weatherapi.com/weather/64x64/night/113.png,1000,6.7,10.8,113,ESE,1008,29.77,0,0,0,66,11,31.1,88,28.6,83.4,31.4,88.4,21.6,70.8,0,5,0,0,10,6,15.3,24.6,0,23.6,74.4,384,16.1,67,14.4,18.1,18.3,2,2,0,0,0,0,,,,,,,,,,,,,,,,,,,,,,,,,,,,,,,,,,,,,,,,,,,,,,,,,,,,,,,,,,,,,,,,,,,,,,,,,,,,,,,,,,,,,,,,,,,,,
Noida,Uttar Pradesh,India,28.57,77.32,Asia/Kolkata,1789110023,11/9/2026 12:30,1789331400,14-09-2026 02:00:00,28.3,82.9,0,Clear,http://cdn.weatherapi.com/weather/64x64/night/113.png,1000,6.9,11.2,116,ESE,1008,29.76,0,0,0,66,10,30.7,87.3,28.3,82.9,30.9,87.7,21.4,70.5,0,5,0,0,10,6,15.2,24.5,0,23.4,74.1,349,14.4,67,14.2,16.5,16.7,2,2,0,0,0,0,,,,,,,,,,,,,,,,,,,,,,,,,,,,,,,,,,,,,,,,,,,,,,,,,,,,,,,,,,,,,,,,,,,,,,,,,,,,,,,,,,,,,,,,,,,,,
Noida,Uttar Pradesh,India,28.57,77.32,Asia/Kolkata,1789110023,11/9/2026 12:30,1789335000,14-09-2026 03:00:00,27.8,82.1,0,Clear,http://cdn.weatherapi.com/weather/64x64/night/113.png,1000,7.6,12.2,114,ESE,1007,29.75,0,0,0,68,5,30.1,86.2,27.8,82.1,30.4,86.7,21.4,70.6,0,5,0,0,10,6,15.7,25.2,0,23.3,73.9,321,13.8,65,14.8,16,16.4,2,2,0,0,0,0,,,,,,,,,,,,,,,,,,,,,,,,,,,,,,,,,,,,,,,,,,,,,,,,,,,,,,,,,,,,,,,,,,,,,,,,,,,,,,,,,,,,,,,,,,,,,
Noida,Uttar Pradesh,India,28.57,77.32,Asia/Kolkata,1789110023,11/9/2026 12:30,1789338600,14-09-2026 04:00:00,27.4,81.3,0,Clear,http://cdn.weatherapi.com/weather/64x64/night/113.png,1000,8.1,13,113,ESE,1008,29.76,0,0,0,71,5,29.6,85.3,27.4,81.3,29.9,85.9,21.6,70.9,0,6,0,0,10,6,15.9,25.6,0,23.3,73.9,300,13.8,63,15.9,16.1,16.5,2,2,0,0,0,0,,,,,,,,,,,,,,,,,,,,,,,,,,,,,,,,,,,,,,,,,,,,,,,,,,,,,,,,,,,,,,,,,,,,,,,,,,,,,,,,,,,,,,,,,,,,,
Noida,Uttar Pradesh,India,28.57,77.32,Asia/Kolkata,1789110023,11/9/2026 12:30,1789342200,14-09-2026 05:00:00,27.2,81,0,Clear,http://cdn.weatherapi.com/weather/64x64/night/113.png,1000,7.6,12.2,114,ESE,1008,29.77,0,0,0,72,5,29.4,84.9,27.2,81,29.8,85.6,21.7,71.1,0,6,0,0,10,6,17,27.4,0,23.3,73.9,303,14,63,16.8,19.4,43.4,2,2,0,0,0,0,,,,,,,,,,,,,,,,,,,,,,,,,,,,,,,,,,,,,,,,,,,,,,,,,,,,,,,,,,,,,,,,,,,,,,,,,,,,,,,,,,,,,,,,,,,,,
Noida,Uttar Pradesh,India,28.57,77.32,Asia/Kolkata,1789110023,11/9/2026 12:30,1789345800,14-09-2026 06:00:00,27,80.6,1,Sunny,http://cdn.weatherapi.com/weather/64x64/day/113.png,1000,7.6,12.2,117,ESE,1009,29.79,0,0,0,73,5,29.1,84.4,27,80.6,29.5,85,21.7,71,0,7,0,0,10,6,17.3,27.8,0,23.2,73.8,353,14.3,66,17.4,17.2,21.7,2,2,4.48,2.5,0,4.26,,,,,,,,,,,,,,,,,,,,,,,,,,,,,,,,,,,,,,,,,,,,,,,,,,,,,,,,,,,,,,,,,,,,,,,,,,,,,,,,,,,,,,,,,,,,,
Noida,Uttar Pradesh,India,28.57,77.32,Asia/Kolkata,1789110023,11/9/2026 12:30,1789349400,14-09-2026 07:00:00,27.7,81.9,1,Sunny,http://cdn.weatherapi.com/weather/64x64/day/113.png,1000,8.3,13.3,113,ESE,1010,29.82,0,0,0,69,7,30.1,86.2,27.7,81.9,30.3,86.6,21.6,70.8,0,6,0,0,10,6,16.8,27.1,0.6,23.4,74,427,14.8,71,17.8,16.6,18.6,2,2,52.94,24.34,0.23,50.31,,,,,,,,,,,,,,,,,,,,,,,,,,,,,,,,,,,,,,,,,,,,,,,,,,,,,,,,,,,,,,,,,,,,,,,,,,,,,,,,,,,,,,,,,,,,,
Noida,Uttar Pradesh,India,28.57,77.32,Asia/Kolkata,1789110023,11/9/2026 12:30,1789353000,14-09-2026 08:00:00,29,84.2,1,Partly Cloudy,http://cdn.weatherapi.com/weather/64x64/day/116.png,1003,9.2,14.8,110,ESE,1010,29.83,0,0,0,63,56,31.5,88.7,29,84.2,31.7,89.1,21.2,70.2,0,8,0,0,10,6,15,24.1,2,23.5,74.2,468,14.3,80,18,12.8,13.4,1,2,134.38,48.2,1.5,127.47,,,,,,,,,,,,,,,,,,,,,,,,,,,,,,,,,,,,,,,,,,,,,,,,,,,,,,,,,,,,,,,,,,,,,,,,,,,,,,,,,,,,,,,,,,,,,
Noida,Uttar Pradesh,India,28.57,77.32,Asia/Kolkata,1789110023,11/9/2026 12:30,1789356600,14-09-2026 09:00:00,30.3,86.5,1,Overcast,http://cdn.weatherapi.com/weather/64x64/day/122.png,1009,9.6,15.5,111,ESE,1010,29.84,0,0,0,58,100,32.9,91.2,30.3,86.5,33.3,91.9,21.1,69.9,0,13,0,0,10,6,13,20.9,4.2,23.7,74.7,444,12,97,18,11.3,11.5,1,1,225.24,67.9,4.22,213.25,,,,,,,,,,,,,,,,,,,,,,,,,,,,,,,,,,,,,,,,,,,,,,,,,,,,,,,,,,,,,,,,,,,,,,,,,,,,,,,,,,,,,,,,,,,,,
Noida,Uttar Pradesh,India,28.57,77.32,Asia/Kolkata,1789110023,11/9/2026 12:30,1789360200,14-09-2026 10:00:00,31.3,88.4,1,Overcast,http://cdn.weatherapi.com/weather/64x64/day/122.png,1009,8.9,14.4,114,ESE,1010,29.83,0,0,0,55,100,34.2,93.6,31.3,88.4,34.6,94.3,21.2,70.1,0,13,0,0,10,6,11.7,18.8,6.5,24.1,75.3,388,8.8,117,17.8,11.3,11.4,1,1,309.49,91.44,9.88,292.02,,,,,,,,,,,,,,,,,,,,,,,,,,,,,,,,,,,,,,,,,,,,,,,,,,,,,,,,,,,,,,,,,,,,,,,,,,,,,,,,,,,,,,,,,,,,,
Noida,Uttar Pradesh,India,28.57,77.32,Asia/Kolkata,1789110023,11/9/2026 12:30,1789363800,14-09-2026 11:00:00,31.9,89.5,1,Patchy rain nearby,http://cdn.weatherapi.com/weather/64x64/day/176.png,1063,5.6,9,130,SE,1009,29.79,0,0,0,54,72,35.1,95.2,31.9,89.5,35.6,96,21.4,70.4,0,9,0,0,10,6,5.8,9.4,8.3,24.3,75.8,345,6.6,131,17.5,13.1,13.2,1,2,381.36,115.96,26.86,356.28,,,,,,,,,,,,,,,,,,,,,,,,,,,,,,,,,,,,,,,,,,,,,,,,,,,,,,,,,,,,,,,,,,,,,,,,,,,,,,,,,,,,,,,,,,,,,
Noida,Uttar Pradesh,India,28.57,77.32,Asia/Kolkata,1789110023,11/9/2026 12:30,1789367400,14-09-2026 12:00:00,33.9,92.9,1,Partly Cloudy,http://cdn.weatherapi.com/weather/64x64/day/116.png,1003,7.8,12.6,122,ESE,1009,29.78,0,0,0,45,32,36.6,97.9,33.9,92.9,37.3,99.1,20.4,68.7,0,3,0,0,10,6,8.3,13.4,7.4,24.3,75.7,321,6,134,17,13.3,13.4,1,2,649.82,323.94,306.07,544.02,,,,,,,,,,,,,,,,,,,,,,,,,,,,,,,,,,,,,,,,,,,,,,,,,,,,,,,,,,,,,,,,,,,,,,,,,,,,,,,,,,,,,,,,,,,,,
Noida,Uttar Pradesh,India,28.57,77.32,Asia/Kolkata,1789110023,11/9/2026 12:30,1789371000,14-09-2026 13:00:00,34.7,94.4,1,Partly Cloudy,http://cdn.weatherapi.com/weather/64x64/day/116.png,1003,7.8,12.6,121,ESE,1007,29.75,0,0,0,43,48,37.4,99.3,34.7,94.4,38.1,100.6,20.1,68.2,0,4,0,0,10,6,7.9,12.7,4.6,24.3,75.8,309,6.5,131,16.4,14.7,14.8,1,2,489.08,255.91,91.23,443.16,,,,,,,,,,,,,,,,,,,,,,,,,,,,,,,,,,,,,,,,,,,,,,,,,,,,,,,,,,,,,,,,,,,,,,,,,,,,,,,,,,,,,,,,,,,,,
Noida,Uttar Pradesh,India,28.57,77.32,Asia/Kolkata,1789110023,11/9/2026 12:30,1789374600,14-09-2026 14:00:00,33.5,92.3,1,Light rain shower,http://cdn.weatherapi.com/weather/64x64/day/353.png,1240,5.8,9.4,126,SE,1006,29.71,0,0,0,46,100,36.2,97.2,33.5,92.3,36.9,98.3,20.4,68.7,0,21,0,0,10,6,14.8,23.8,3.3,24.2,75.5,334,8.5,125,16.3,15.1,15.2,1,2,425.94,225.97,46.83,393.85,,,,,,,,,,,,,,,,,,,,,,,,,,,,,,,,,,,,,,,,,,,,,,,,,,,,,,,,,,,,,,,,,,,,,,,,,,,,,,,,,,,,,,,,,,,,,
Noida,Uttar Pradesh,India,28.57,77.32,Asia/Kolkata,1789110023,11/9/2026 12:30,1789378200,14-09-2026 15:00:00,34.3,93.7,1,Patchy rain nearby,http://cdn.weatherapi.com/weather/64x64/day/176.png,1063,8.5,13.7,121,ESE,1006,29.7,0,0,0,43,70,36.8,98.2,34.3,93.7,37.5,99.5,19.9,67.8,0,17,0,0,10,6,17.4,28.1,1.7,24.1,75.4,421,13.2,115,16.9,14.9,15,1,2,351.34,188.53,17.8,329.92,,,,,,,,,,,,,,,,,,,,,,,,,,,,,,,,,,,,,,,,,,,,,,,,,,,,,,,,,,,,,,,,,,,,,,,,,,,,,,,,,,,,,,,,,,,,,
Noida,Uttar Pradesh,India,28.57,77.32,Asia/Kolkata,1789110023,11/9/2026 12:30,1789381800,14-09-2026 16:00:00,33.2,91.7,1,Cloudy,http://cdn.weatherapi.com/weather/64x64/day/119.png,1006,8.5,13.7,122,ESE,1006,29.7,0,0,0,47,63,35.9,96.6,33.2,91.7,36.5,97.7,20.5,68.8,0,6,0,0,10,6,19.7,31.7,0.8,24.1,75.4,545,19.4,101,18,16.4,16.5,2,2,295.97,159.94,8.27,279.55,,,,,,,,,,,,,,,,,,,,,,,,,,,,,,,,,,,,,,,,,,,,,,,,,,,,,,,,,,,,,,,,,,,,,,,,,,,,,,,,,,,,,,,,,,,,,
Noida,Uttar Pradesh,India,28.57,77.32,Asia/Kolkata,1789110023,11/9/2026 12:30,1789385400,14-09-2026 17:00:00,31.9,89.4,1,Patchy rain nearby,http://cdn.weatherapi.com/weather/64x64/day/176.png,1063,4.5,7.2,104,ESE,1006,29.7,0,0,0,53,100,34.9,94.8,31.9,89.4,35.4,95.7,21.2,70.1,0,14,0,0,10,6,15.7,25.2,0.2,24.2,75.6,657,24.4,89,19,19.2,19.3,2,2,257.68,139.64,5.52,243.79,,,,,,,,,,,,,,,,,,,,,,,,,,,,,,,,,,,,,,,,,,,,,,,,,,,,,,,,,,,,,,,,,,,,,,,,,,,,,,,,,,,,,,,,,,,,,
Noida,Uttar Pradesh,India,28.57,77.32,Asia/Kolkata,1789110023,11/9/2026 12:30,1789389000,14-09-2026 18:00:00,31.8,89.3,0,Patchy rain nearby,http://cdn.weatherapi.com/weather/64x64/night/176.png,1063,6.3,10.1,100,E,1006,29.71,0,0,0,54,74,35,95,31.8,89.3,35.5,95.8,21.4,70.5,0,17,0,0,10,6,7,11.3,0,24.3,75.8,754,27.3,80,20,22.1,22.2,2,2,0,0,0,0,,,,,,,,,,,,,,,,,,,,,,,,,,,,,,,,,,,,,,,,,,,,,,,,,,,,,,,,,,,,,,,,,,,,,,,,,,,,,,,,,,,,,,,,,,,,,
Noida,Uttar Pradesh,India,28.57,77.32,Asia/Kolkata,1789110023,11/9/2026 12:30,1789392600,14-09-2026 19:00:00,31.5,88.7,0,Clear,http://cdn.weatherapi.com/weather/64x64/night/113.png,1000,6,9.7,93,E,1006,29.72,0,0,0,56,25,34.7,94.5,31.5,88.6,35.1,95.2,21.5,70.7,0,4,0,0,10,6,7,11.2,0,24.3,75.8,838,29,73,20.9,24,24,2,3,0,0,0,0,,,,,,,,,,,,,,,,,,,,,,,,,,,,,,,,,,,,,,,,,,,,,,,,,,,,,,,,,,,,,,,,,,,,,,,,,,,,,,,,,,,,,,,,,,,,,
Noida,Uttar Pradesh,India,28.57,77.32,Asia/Kolkata,1789110023,11/9/2026 12:30,1789396200,14-09-2026 20:00:00,29.8,85.6,0,Overcast,http://cdn.weatherapi.com/weather/64x64/night/122.png,1009,7.4,11.9,109,ESE,1007,29.73,0,0,0,62,100,32.8,91,29.8,85.6,33,91.4,21.7,71,0,15,0,0,10,6,9.6,15.5,0,24,75.2,866,29.3,68,21.3,23.6,23.7,2,2,0,0,0,0,,,,,,,,,,,,,,,,,,,,,,,,,,,,,,,,,,,,,,,,,,,,,,,,,,,,,,,,,,,,,,,,,,,,,,,,,,,,,,,,,,,,,,,,,,,,,
Noida,Uttar Pradesh,India,28.57,77.32,Asia/Kolkata,1789110023,11/9/2026 12:30,1789399800,14-09-2026 21:00:00,29.3,84.8,0,Clear,http://cdn.weatherapi.com/weather/64x64/night/113.png,1000,7.2,11.5,97,E,1008,29.77,0,0,0,65,5,32.6,90.7,29.4,84.8,32.7,90.9,22.2,71.9,0,4,0,0,10,6,11.4,18.4,0,24.2,75.5,800,27.6,67,20.9,22.5,22.6,2,2,0,0,0,0,,,,,,,,,,,,,,,,,,,,,,,,,,,,,,,,,,,,,,,,,,,,,,,,,,,,,,,,,,,,,,,,,,,,,,,,,,,,,,,,,,,,,,,,,,,,,
Noida,Uttar Pradesh,India,28.57,77.32,Asia/Kolkata,1789110023,11/9/2026 12:30,1789403400,14-09-2026 22:00:00,28.8,83.9,0,Clear,http://cdn.weatherapi.com/weather/64x64/night/113.png,1000,7.6,12.2,103,ESE,1008,29.77,0,0,0,68,5,32.1,89.8,28.9,83.9,32.2,90,22.4,72.2,0,5,0,0,10,6,12.5,20.2,0,24.2,75.5,678,24.6,69,20,21.9,22,2,2,0,0,0,0,,,,,,,,,,,,,,,,,,,,,,,,,,,,,,,,,,,,,,,,,,,,,,,,,,,,,,,,,,,,,,,,,,,,,,,,,,,,,,,,,,,,,,,,,,,,,
Noida,Uttar Pradesh,India,28.57,77.32,Asia/Kolkata,1789110023,11/9/2026 12:30,1789407000,14-09-2026 23:00:00,28.3,83,0,Clear,http://cdn.weatherapi.com/weather/64x64/night/113.png,1000,7.8,12.6,108,ESE,1008,29.76,0,0,0,71,6,31.4,88.5,28.3,83,31.6,88.9,22.5,72.5,0,6,0,0,10,6,13.2,21.3,0,24.1,75.4,568,21.3,71,18.8,20.3,20.4,2,2,0,0,0,0,,,,,,,,,,,,,,,,,,,,,,,,,,,,,,,,,,,,,,,,,,,,,,,,,,,,,,,,,,,,,,,,,,,,,,,,,,,,,,,,,,,,,,,,,,,,,
Noida,Uttar Pradesh,India,28.57,77.32,Asia/Kolkata,1789110023,11/9/2026 12:30,1789410600,15-09-2026 00:00:00,28,82.3,0,Clear,http://cdn.weatherapi.com/weather/64x64/night/113.png,1000,7.6,12.2,109,ESE,1008,29.75,0,0,0,72,4,30.9,87.6,28,82.3,31.1,88,22.5,72.4,0,6,0,0,10,6,13.2,21.3,0,24,75.2,492,17.8,73,17.3,17.9,18,2,2,0,0,0,0,,,,,,,,,,,,,,,,,,,,,,,,,,,,,,,,,,,,,,,,,,,,,,,,,,,,,,,,,,,,,,,,,,,,,,,,,,,,,,,,,,,,,,,,,,,,,
Noida,Uttar Pradesh,India,28.57,77.32,Asia/Kolkata,1789110023,11/9/2026 12:30,1789414200,15-09-2026 01:00:00,27.7,81.8,0,Clear,http://cdn.weatherapi.com/weather/64x64/night/113.png,1000,7.4,11.9,111,ESE,1007,29.74,0,0,0,74,5,30.5,86.9,27.7,81.8,30.7,87.3,22.5,72.5,0,7,0,0,10,6,13,21,0,23.9,75.1,429,14.2,76,15.4,16.5,16.6,2,2,0,0,0,0,,,,,,,,,,,,,,,,,,,,,,,,,,,,,,,,,,,,,,,,,,,,,,,,,,,,,,,,,,,,,,,,,,,,,,,,,,,,,,,,,,,,,,,,,,,,,
Noida,Uttar Pradesh,India,28.57,77.32,Asia/Kolkata,1789110023,11/9/2026 12:30,1789417800,15-09-2026 02:00:00,27.3,81.2,0,Clear,http://cdn.weatherapi.com/weather/64x64/night/113.png,1000,7.2,11.5,112,ESE,1007,29.73,0,0,0,75,6,29.9,85.8,27.3,81.2,30.3,86.6,22.6,72.6,0,7,0,0,10,6,12.8,20.6,0,23.9,75,386,11.7,77,14,12.9,13,1,2,0,0,0,0,,,,,,,,,,,,,,,,,,,,,,,,,,,,,,,,,,,,,,,,,,,,,,,,,,,,,,,,,,,,,,,,,,,,,,,,,,,,,,,,,,,,,,,,,,,,,
Noida,Uttar Pradesh,India,28.57,77.32,Asia/Kolkata,1789110023,11/9/2026 12:30,1789421400,15-09-2026 03:00:00,27.7,81.8,0,Clear,http://cdn.weatherapi.com/weather/64x64/night/113.png,1000,4.9,7.9,118,ESE,1006,29.71,0,0,0,71,11,30.2,86.4,27.7,81.8,30.5,86.9,22,71.6,0,6,0,0,10,6,9.2,14.8,0,23.6,74.5,372,10.8,76,13.1,9.2,9.2,1,1,0,0,0,0,,,,,,,,,,,,,,,,,,,,,,,,,,,,,,,,,,,,,,,,,,,,,,,,,,,,,,,,,,,,,,,,,,,,,,,,,,,,,,,,,,,,,,,,,,,,,
Noida,Uttar Pradesh,India,28.57,77.32,Asia/Kolkata,1789110023,11/9/2026 12:30,1789425000,15-09-2026 04:00:00,27.4,81.4,0,Clear,http://cdn.weatherapi.com/weather/64x64/night/113.png,1000,4.7,7.6,126,SE,1006,29.72,0,0,0,72,8,29.9,85.8,27.4,81.4,30.2,86.3,22,71.6,0,7,0,0,10,6,8.3,13.4,0,23.6,74.4,377,11.1,73,12.5,8.1,8.1,1,1,0,0,0,0,,,,,,,,,,,,,,,,,,,,,,,,,,,,,,,,,,,,,,,,,,,,,,,,,,,,,,,,,,,,,,,,,,,,,,,,,,,,,,,,,,,,,,,,,,,,,
Noida,Uttar Pradesh,India,28.57,77.32,Asia/Kolkata,1789110023,11/9/2026 12:30,1789428600,15-09-2026 05:00:00,27.2,81,0,Clear,http://cdn.weatherapi.com/weather/64x64/night/113.png,1000,4.7,7.6,121,ESE,1007,29.73,0,0,0,73,13,29.5,85.1,27.2,81,29.9,85.8,22,71.6,0,7,0,0,10,6,7.9,12.7,0,23.5,74.3,356,12.2,70,12.4,8.4,8.4,1,1,0,0,0,0,,,,,,,,,,,,,,,,,,,,,,,,,,,,,,,,,,,,,,,,,,,,,,,,,,,,,,,,,,,,,,,,,,,,,,,,,,,,,,,,,,,,,,,,,,,,,
Noida,Uttar Pradesh,India,28.57,77.32,Asia/Kolkata,1789110023,11/9/2026 12:30,1789432200,15-09-2026 06:00:00,27,80.6,1,Sunny,http://cdn.weatherapi.com/weather/64x64/day/113.png,1000,4.9,7.9,129,SE,1007,29.75,0,0,0,74,25,29.2,84.6,27,80.6,29.6,85.4,22,71.5,0,8,0,0,10,6,8.1,13,0,23.4,74.1,342,14.9,66,13.1,10.4,10.5,1,1,4.32,2.39,0,4.11,,,,,,,,,,,,,,,,,,,,,,,,,,,,,,,,,,,,,,,,,,,,,,,,,,,,,,,,,,,,,,,,,,,,,,,,,,,,,,,,,,,,,,,,,,,,,
Noida,Uttar Pradesh,India,28.57,77.32,Asia/Kolkata,1789110023,11/9/2026 12:30,1789435800,15-09-2026 07:00:00,27.8,82.1,1,Sunny,http://cdn.weatherapi.com/weather/64x64/day/113.png,1000,5.1,8.3,127,SE,1008,29.77,0,0,0,71,7,30.4,86.7,27.8,82.1,30.6,87.2,22,71.6,0,6,0,0,10,6,8.3,13.3,0.6,23.6,74.5,348,18.3,63,14.3,10.1,10.2,1,1,52.32,24.16,0.23,49.72,,,,,,,,,,,,,,,,,,,,,,,,,,,,,,,,,,,,,,,,,,,,,,,,,,,,,,,,,,,,,,,,,,,,,,,,,,,,,,,,,,,,,,,,,,,,,
Noida,Uttar Pradesh,India,28.57,77.32,Asia/Kolkata,1789110023,11/9/2026 12:30,1789439400,15-09-2026 08:00:00,29.2,84.5,1,Sunny,http://cdn.weatherapi.com/weather/64x64/day/113.png,1000,5.1,8.3,128,SE,1009,29.78,0,0,0,65,11,32.1,89.8,29.2,84.5,32.3,90.1,21.9,71.3,0,5,0,0,10,6,7.2,11.6,1.9,23.9,75.1,359,20,64,15.3,10.1,10.2,1,1,133.6,48.2,1.48,126.73,,,,,,,,,,,,,,,,,,,,,,,,,,,,,,,,,,,,,,,,,,,,,,,,,,,,,,,,,,,,,,,,,,,,,,,,,,,,,,,,,,,,,,,,,,,,,
Noida,Uttar Pradesh,India,28.57,77.32,Asia/Kolkata,1789110023,11/9/2026 12:30,1789443000,15-09-2026 09:00:00,30.6,87,1,Sunny,http://cdn.weatherapi.com/weather/64x64/day/113.png,1000,3.6,5.8,138,SE,1009,29.8,0,0,0,59,0,33.8,92.8,30.6,87,34,93.3,21.7,71.1,0,3,0,0,10,6,10.3,16.6,4.1,24.2,75.6,354,18.2,72,15.8,11.1,11.2,1,1,224.2,68.34,4.18,212.27,,,,,,,,,,,,,,,,,,,,,,,,,,,,,,,,,,,,,,,,,,,,,,,,,,,,,,,,,,,,,,,,,,,,,,,,,,,,,,,,,,,,,,,,,,,,,
Noida,Uttar Pradesh,India,28.57,77.32,Asia/Kolkata,1789110023,11/9/2026 12:30,1789446600,15-09-2026 10:00:00,32.3,90.1,1,Patchy rain nearby,http://cdn.weatherapi.com/weather/64x64/day/176.png,1063,2.7,4.3,168,SSE,1009,29.79,0,0,0,53,71,35.7,96.3,32.3,90.1,36.1,97.1,21.5,70.7,0,9,0,0,10,6,9.4,15.1,6.5,24.5,76.2,335,14.6,85,16.1,13,13.1,1,2,312.03,84.66,10.23,294.36,,,,,,,,,,,,,,,,,,,,,,,,,,,,,,,,,,,,,,,,,,,,,,,,,,,,,,,,,,,,,,,,,,,,,,,,,,,,,,,,,,,,,,,,,,,,,
Noida,Uttar Pradesh,India,28.57,77.32,Asia/Kolkata,1789110023,11/9/2026 12:30,1789450200,15-09-2026 11:00:00,33.8,92.9,1,Patchy rain nearby,http://cdn.weatherapi.com/weather/64x64/day/176.png,1063,2,3.2,177,S,1008,29.77,0,0,0,48,79,37.3,99.1,33.8,92.9,37.9,100.2,21.2,70.1,0,9,0,0,10,6,8.7,14,8.4,24.7,76.5,318,11.6,99,16.3,12.9,13.1,1,2,389.76,98.04,29.99,363.51,,,,,,,,,,,,,,,,,,,,,,,,,,,,,,,,,,,,,,,,,,,,,,,,,,,,,,,,,,,,,,,,,,,,,,,,,,,,,,,,,,,,,,,,,,,,,
Noida,Uttar Pradesh,India,28.57,77.32,Asia/Kolkata,1789110023,11/9/2026 12:30,1789453800,15-09-2026 12:00:00,34.9,94.8,1,Patchy rain nearby,http://cdn.weatherapi.com/weather/64x64/day/176.png,1063,0.9,1.4,127,SE,1007,29.74,0,0,0,44,88,38.2,100.8,34.9,94.9,38.9,102,20.7,69.3,0,9,0,0,10,6,2,3.2,8.3,24.7,76.5,302,9.1,117,16.6,13.4,13.7,1,2,813.78,208.01,645.82,617.69,,,,,,,,,,,,,,,,,,,,,,,,,,,,,,,,,,,,,,,,,,,,,,,,,,,,,,,,,,,,,,,,,,,,,,,,,,,,,,,,,,,,,,,,,,,,,
Noida,Uttar Pradesh,India,28.57,77.32,Asia/Kolkata,1789110023,11/9/2026 12:30,1789457400,15-09-2026 13:00:00,34.3,93.8,1,Overcast,http://cdn.weatherapi.com/weather/64x64/day/122.png,1009,2.2,3.6,75,ENE,1006,29.7,0,0,0,43,98,36.8,98.2,34.3,93.8,37.5,99.6,19.9,67.9,0,10,0,0,10,6,3.1,5,6.8,24.1,75.4,289,7.3,136,16.8,15.1,15.4,1,2,813.48,191.72,645.17,617.56,,,,,,,,,,,,,,,,,,,,,,,,,,,,,,,,,,,,,,,,,,,,,,,,,,,,,,,,,,,,,,,,,,,,,,,,,,,,,,,,,,,,,,,,,,,,,
Noida,Uttar Pradesh,India,28.57,77.32,Asia/Kolkata,1789110023,11/9/2026 12:30,1789461000,15-09-2026 14:00:00,33.9,93,1,Patchy rain nearby,http://cdn.weatherapi.com/weather/64x64/day/176.png,1063,3.8,6.1,92,E,1005,29.68,0,0,0,43,100,36.1,97,33.9,93,36.8,98.2,19.6,67.3,0,13,0,0,10,6,4.5,7.3,4,23.8,74.9,298,8.3,143,16.8,17.2,17.5,2,2,773.15,196.74,557.21,600.51,,,,,,,,,,,,,,,,,,,,,,,,,,,,,,,,,,,,,,,,,,,,,,,,,,,,,,,,,,,,,,,,,,,,,,,,,,,,,,,,,,,,,,,,,,,,,
Noida,Uttar Pradesh,India,28.57,77.32,Asia/Kolkata,1789110023,11/9/2026 12:30,1789464600,15-09-2026 15:00:00,33.7,92.6,1,Patchy rain nearby,http://cdn.weatherapi.com/weather/64x64/day/176.png,1063,4.9,7.9,98,E,1004,29.66,0,0,0,44,74,36,96.8,33.7,92.6,36.7,98.1,19.9,67.7,0,9,0,0,10,6,16.1,25.9,1.8,23.9,75,351,14.9,129,16.5,17.7,18,2,2,654.1,182.68,313.78,546.22,,,,,,,,,,,,,,,,,,,,,,,,,,,,,,,,,,,,,,,,,,,,,,,,,,,,,,,,,,,,,,,,,,,,,,,,,,,,,,,,,,,,,,,,,,,,,
Noida,Uttar Pradesh,India,28.57,77.32,Asia/Kolkata,1789110023,11/9/2026 12:30,1789468200,15-09-2026 16:00:00,33.8,92.8,1,Partly Cloudy,http://cdn.weatherapi.com/weather/64x64/day/116.png,1003,4.7,7.6,100,E,1004,29.64,0,0,0,44,60,36.2,97.2,33.8,92.8,36.8,98.3,19.9,67.8,0,5,0,0,10,6,11.4,18.4,0.6,24,75.1,427,24.4,103,15.9,18.7,19.1,2,2,532.45,152.06,134.32,473.97,,,,,,,,,,,,,,,,,,,,,,,,,,,,,,,,,,,,,,,,,,,,,,,,,,,,,,,,,,,,,,,,,,,,,,,,,,,,,,,,,,,,,,,,,,,,,
Noida,Uttar Pradesh,India,28.57,77.32,Asia/Kolkata,1789110023,11/9/2026 12:30,1789471800,15-09-2026 17:00:00,33.6,92.5,1,Patchy rain nearby,http://cdn.weatherapi.com/weather/64x64/day/176.png,1063,3.8,6.1,58,ENE,1004,29.66,0,0,0,46,70,36.2,97.2,33.6,92.5,36.8,98.3,20.2,68.4,0,8,0,0,10,6,4.7,7.6,0.2,24.1,75.3,482,31.3,84,15.5,21.9,22.2,2,2,451.54,131.24,62.37,414.43,,,,,,,,,,,,,,,,,,,,,,,,,,,,,,,,,,,,,,,,,,,,,,,,,,,,,,,,,,,,,,,,,,,,,,,,,,,,,,,,,,,,,,,,,,,,,
Noida,Uttar Pradesh,India,28.57,77.32,Asia/Kolkata,1789110023,11/9/2026 12:30,1789475400,15-09-2026 18:00:00,32.8,91,0,Clear,http://cdn.weatherapi.com/weather/64x64/night/113.png,1000,5.6,9,83,E,1004,29.66,0,0,0,48,7,35.4,95.7,32.8,91,36,96.8,20.5,68.8,0,2,0,0,10,6,6.3,10.1,0,24,75.2,null,null,null,null,null,null,null,null,0,0,0,0,,,,,,,,,,,,,,,,,,,,,,,,,,,,,,,,,,,,,,,,,,,,,,,,,,,,,,,,,,,,,,,,,,,,,,,,,,,,,,,,,,,,,,,,,,,,,
Noida,Uttar Pradesh,India,28.57,77.32,Asia/Kolkata,1789110023,11/9/2026 12:30,1789479000,15-09-2026 19:00:00,31.8,89.3,0,Clear,http://cdn.weatherapi.com/weather/64x64/night/113.png,1000,5.8,9.4,120,ESE,1005,29.67,0,0,0,53,4,34.7,94.5,31.8,89.3,35.2,95.3,21,69.8,0,2,0,0,10,6,7.7,12.3,0,24.1,75.4,null,null,null,null,null,null,null,null,0,0,0,0,,,,,,,,,,,,,,,,,,,,,,,,,,,,,,,,,,,,,,,,,,,,,,,,,,,,,,,,,,,,,,,,,,,,,,,,,,,,,,,,,,,,,,,,,,,,,
Noida,Uttar Pradesh,India,28.57,77.32,Asia/Kolkata,1789110023,11/9/2026 12:30,1789482600,15-09-2026 20:00:00,31.1,88,0,Clear,http://cdn.weatherapi.com/weather/64x64/night/113.png,1000,6.3,10.1,136,SE,1006,29.7,0,0,0,55,0,33.9,93,31.1,88,34.3,93.7,21.1,70,0,2,0,0,10,6,8.7,14.1,0,24,75.1,null,null,null,null,null,null,null,null,0,0,0,0,,,,,,,,,,,,,,,,,,,,,,,,,,,,,,,,,,,,,,,,,,,,,,,,,,,,,,,,,,,,,,,,,,,,,,,,,,,,,,,,,,,,,,,,,,,,,
Noida,Uttar Pradesh,India,28.57,77.32,Asia/Kolkata,1789110023,11/9/2026 12:30,1789486200,15-09-2026 21:00:00,30.6,87.1,0,Clear,http://cdn.weatherapi.com/weather/64x64/night/113.png,1000,6.3,10.1,146,SSE,1006,29.7,0,0,0,57,0,33.3,91.9,30.6,87.1,33.6,92.5,21,69.9,0,3,0,0,10,6,9.8,15.8,0,23.8,74.8,null,null,null,null,null,null,null,null,0,0,0,0,,,,,,,,,,,,,,,,,,,,,,,,,,,,,,,,,,,,,,,,,,,,,,,,,,,,,,,,,,,,,,,,,,,,,,,,,,,,,,,,,,,,,,,,,,,,,
Noida,Uttar Pradesh,India,28.57,77.32,Asia/Kolkata,1789110023,11/9/2026 12:30,1789489800,15-09-2026 22:00:00,30.2,86.4,0,Clear,http://cdn.weatherapi.com/weather/64x64/night/113.png,1000,5.8,9.4,163,SSE,1006,29.7,0,0,0,58,0,32.9,91.2,30.2,86.4,33.2,91.7,21.1,69.9,0,3,0,0,10,6,9.4,15.2,0,23.7,74.7,null,null,null,null,null,null,null,null,0,0,0,0,,,,,,,,,,,,,,,,,,,,,,,,,,,,,,,,,,,,,,,,,,,,,,,,,,,,,,,,,,,,,,,,,,,,,,,,,,,,,,,,,,,,,,,,,,,,,
Noida,Uttar Pradesh,India,28.57,77.32,Asia/Kolkata,1789110023,11/9/2026 12:30,1789493400,15-09-2026 23:00:00,29.9,85.8,0,Clear,http://cdn.weatherapi.com/weather/64x64/night/113.png,1000,6,9.7,169,S,1006,29.71,0,0,0,59,2,32.5,90.5,29.9,85.8,32.7,90.9,21,69.9,0,3,0,0,10,6,10.1,16.2,0,23.6,74.5,null,null,null,null,null,null,null,null,0,0,0,0,,,,,,,,,,,,,,,,,,,,,,,,,,,,,,,,,,,,,,,,,,,,,,,,,,,,,,,,,,,,,,,,,,,,,,,,,,,,,,,,,,,,,,,,,,,,,
Noida,Uttar Pradesh,India,28.57,77.32,Asia/Kolkata,1789110023,11/9/2026 12:30,1789497000,16-09-2026 00:00:00,29.6,85.3,0,Partly Cloudy,http://cdn.weatherapi.com/weather/64x64/night/116.png,1003,5.4,8.6,173,S,1006,29.7,0,0,0,60,13,32.1,89.8,29.6,85.3,32.4,90.3,21.1,70,0,4,0,0,10,6,8.7,14,0,23.5,74.3,null,null,null,null,null,null,null,null,0,0,0,0,,,,,,,,,,,,,,,,,,,,,,,,,,,,,,,,,,,,,,,,,,,,,,,,,,,,,,,,,,,,,,,,,,,,,,,,,,,,,,,,,,,,,,,,,,,,,
Noida,Uttar Pradesh,India,28.57,77.32,Asia/Kolkata,1789110023,11/9/2026 12:30,1789500600,16-09-2026 01:00:00,29.4,84.9,0,Clear,http://cdn.weatherapi.com/weather/64x64/night/113.png,1000,4.5,7.2,176,S,1005,29.68,0,0,0,61,23,31.9,89.4,29.4,84.9,32.1,89.8,21.1,70,0,5,0,0,10,6,7.6,12.2,0,23.5,74.3,null,null,null,null,null,null,null,null,0,0,0,0,,,,,,,,,,,,,,,,,,,,,,,,,,,,,,,,,,,,,,,,,,,,,,,,,,,,,,,,,,,,,,,,,,,,,,,,,,,,,,,,,,,,,,,,,,,,,
Noida,Uttar Pradesh,India,28.57,77.32,Asia/Kolkata,1789110023,11/9/2026 12:30,1789504200,16-09-2026 02:00:00,29.1,84.4,0,Partly Cloudy,http://cdn.weatherapi.com/weather/64x64/night/116.png,1003,3.8,6.1,179,S,1005,29.67,0,0,0,62,33,31.5,88.7,29.1,84.4,31.8,89.2,21.1,70,0,6,0,0,10,6,6.3,10.1,0,23.4,74.1,null,null,null,null,null,null,null,null,0,0,0,0,,,,,,,,,,,,,,,,,,,,,,,,,,,,,,,,,,,,,,,,,,,,,,,,,,,,,,,,,,,,,,,,,,,,,,,,,,,,,,,,,,,,,,,,,,,,,
Noida,Uttar Pradesh,India,28.57,77.32,Asia/Kolkata,1789110023,11/9/2026 12:30,1789507800,16-09-2026 03:00:00,28.9,84,0,Clear,http://cdn.weatherapi.com/weather/64x64/night/113.png,1000,4,6.5,184,S,1005,29.68,0,0,0,63,23,31.4,88.5,28.9,84,31.6,88.9,21.2,70.2,0,5,0,0,10,6,6.5,10.4,0,23.5,74.2,null,null,null,null,null,null,null,null,0,0,0,0,,,,,,,,,,,,,,,,,,,,,,,,,,,,,,,,,,,,,,,,,,,,,,,,,,,,,,,,,,,,,,,,,,,,,,,,,,,,,,,,,,,,,,,,,,,,,
Noida,Uttar Pradesh,India,28.57,77.32,Asia/Kolkata,1789110023,11/9/2026 12:30,1789511400,16-09-2026 04:00:00,28.7,83.7,0,Partly Cloudy,http://cdn.weatherapi.com/weather/64x64/night/116.png,1003,4,6.5,188,S,1005,29.69,0,0,0,65,13,31.2,88.2,28.7,83.7,31.3,88.3,21.3,70.3,0,5,0,0,10,6,6.7,10.8,0,23.5,74.3,null,null,null,null,null,null,null,null,0,0,0,0,,,,,,,,,,,,,,,,,,,,,,,,,,,,,,,,,,,,,,,,,,,,,,,,,,,,,,,,,,,,,,,,,,,,,,,,,,,,,,,,,,,,,,,,,,,,,
Noida,Uttar Pradesh,India,28.57,77.32,Asia/Kolkata,1789110023,11/9/2026 12:30,1789515000,16-09-2026 05:00:00,28.4,83.2,0,Clear,http://cdn.weatherapi.com/weather/64x64/night/113.png,1000,4.3,6.8,192,SSW,1005,29.69,0,0,0,66,4,30.9,87.6,28.4,83.2,31.1,88.1,21.5,70.6,0,4,0,0,10,6,6.9,11.2,0,23.5,74.2,null,null,null,null,null,null,null,null,0,0,0,0,,,,,,,,,,,,,,,,,,,,,,,,,,,,,,,,,,,,,,,,,,,,,,,,,,,,,,,,,,,,,,,,,,,,,,,,,,,,,,,,,,,,,,,,,,,,,
Noida,Uttar Pradesh,India,28.57,77.32,Asia/Kolkata,1789110023,11/9/2026 12:30,1789518600,16-09-2026 06:00:00,29.2,84.6,1,Sunny,http://cdn.weatherapi.com/weather/64x64/day/113.png,1000,4.5,7.2,206,SSW,1006,29.71,0,0,0,63,2,31.9,89.4,29.2,84.6,32.1,89.8,21.4,70.5,0,4,0,0,10,6,7.2,11.5,7,23.7,74.6,null,null,null,null,null,null,null,null,62.4,27.5,0.64,59.21,,,,,,,,,,,,,,,,,,,,,,,,,,,,,,,,,,,,,,,,,,,,,,,,,,,,,,,,,,,,,,,,,,,,,,,,,,,,,,,,,,,,,,,,,,,,,
Noida,Uttar Pradesh,India,28.57,77.32,Asia/Kolkata,1789110023,11/9/2026 12:30,1789522200,16-09-2026 07:00:00,29.9,85.8,1,Sunny,http://cdn.weatherapi.com/weather/64x64/day/113.png,1000,4.9,7.9,219,SW,1007,29.73,0,0,0,60,1,32.7,90.9,29.9,85.8,33,91.4,21.4,70.5,0,3,0,0,10,6,7.6,12.2,7,23.8,74.8,null,null,null,null,null,null,null,null,93.6,41.26,0.97,88.81,,,,,,,,,,,,,,,,,,,,,,,,,,,,,,,,,,,,,,,,,,,,,,,,,,,,,,,,,,,,,,,,,,,,,,,,,,,,,,,,,,,,,,,,,,,,,
Noida,Uttar Pradesh,India,28.57,77.32,Asia/Kolkata,1789110023,11/9/2026 12:30,1789525800,16-09-2026 08:00:00,30.7,87.3,1,Sunny,http://cdn.weatherapi.com/weather/64x64/day/113.png,1000,5.1,8.3,232,SW,1007,29.75,0,0,0,57,0,33.6,92.5,30.7,87.3,33.9,93.1,21.3,70.3,0,3,0,0,10,6,7.8,12.6,8,24,75.2,null,null,null,null,null,null,null,null,124.8,55.01,1.29,118.41,,,,,,,,,,,,,,,,,,,,,,,,,,,,,,,,,,,,,,,,,,,,,,,,,,,,,,,,,,,,,,,,,,,,,,,,,,,,,,,,,,,,,,,,,,,,,
Noida,Uttar Pradesh,India,28.57,77.32,Asia/Kolkata,1789110023,11/9/2026 12:30,1789529400,16-09-2026 09:00:00,32.2,90,1,Sunny,http://cdn.weatherapi.com/weather/64x64/day/113.png,1000,5.6,9,249,WSW,1007,29.74,0,0,0,52,2,35.2,95.4,32.2,90,35.5,95.9,20.8,69.4,0,2,0,0,10,6,8.3,13.3,8,24.2,75.6,null,null,null,null,null,null,null,null,253.91,78.03,14.38,238.07,,,,,,,,,,,,,,,,,,,,,,,,,,,,,,,,,,,,,,,,,,,,,,,,,,,,,,,,,,,,,,,,,,,,,,,,,,,,,,,,,,,,,,,,,,,,,
Noida,Uttar Pradesh,India,28.57,77.32,Asia/Kolkata,1789110023,11/9/2026 12:30,1789533000,16-09-2026 10:00:00,33.7,92.7,1,Sunny,http://cdn.weatherapi.com/weather/64x64/day/113.png,1000,6.3,10.1,266,W,1007,29.73,0,0,0,46,5,36.6,97.9,33.7,92.7,37.1,98.8,20.4,68.7,0,1,0,0,10,6,8.7,14,8,24.3,75.8,null,null,null,null,null,null,null,null,318.47,89.54,20.92,297.89,,,,,,,,,,,,,,,,,,,,,,,,,,,,,,,,,,,,,,,,,,,,,,,,,,,,,,,,,,,,,,,,,,,,,,,,,,,,,,,,,,,,,,,,,,,,,
Noida,Uttar Pradesh,India,28.57,77.32,Asia/Kolkata,1789110023,11/9/2026 12:30,1789536600,16-09-2026 11:00:00,35.2,95.4,1,Sunny,http://cdn.weatherapi.com/weather/64x64/day/113.png,1000,6.7,10.8,283,WNW,1007,29.72,0,0,0,41,7,37.9,100.2,35.2,95.4,38.7,101.6,19.9,67.9,0,1,0,0,10,6,9.2,14.9,9,24.4,75.9,null,null,null,null,null,null,null,null,383.02,101.06,27.46,357.72,,,,,,,,,,,,,,,,,,,,,,,,,,,,,,,,,,,,,,,,,,,,,,,,,,,,,,,,,,,,,,,,,,,,,,,,,,,,,,,,,,,,,,,,,,,,,
Noida,Uttar Pradesh,India,28.57,77.32,Asia/Kolkata,1789110023,11/9/2026 12:30,1789540200,16-09-2026 12:00:00,35.7,96.3,1,Thundery outbreaks in nearby,http://cdn.weatherapi.com/weather/64x64/day/200.png,1087,6.3,10.1,290,WNW,1006,29.69,0,0,0,39,37,37.3,99.1,35.7,96.3,39,102.2,19.6,67.3,0,3,0,0,9.7,6,9.8,15.8,8,24.3,75.8,null,null,null,null,null,null,null,null,417.4,128.59,44.99,386.17,,,,,,,,,,,,,,,,,,,,,,,,,,,,,,,,,,,,,,,,,,,,,,,,,,,,,,,,,,,,,,,,,,,,,,,,,,,,,,,,,,,,,,,,,,,,,
Noida,Uttar Pradesh,India,28.57,77.32,Asia/Kolkata,1789110023,11/9/2026 12:30,1789543800,16-09-2026 13:00:00,36.1,97,1,Sunny,http://cdn.weatherapi.com/weather/64x64/day/113.png,1000,5.8,9.4,298,WNW,1004,29.66,0,0,0,38,67,37.7,99.9,36.1,97,39.3,102.7,19.3,66.7,0,5,0,0,9.3,5,10.5,16.9,9,24.3,75.7,null,null,null,null,null,null,null,null,434.59,142.35,53.76,400.4,,,,,,,,,,,,,,,,,,,,,,,,,,,,,,,,,,,,,,,,,,,,,,,,,,,,,,,,,,,,,,,,,,,,,,,,,,,,,,,,,,,,,,,,,,,,,
Noida,Uttar Pradesh,India,28.57,77.32,Asia/Kolkata,1789110023,11/9/2026 12:30,1789547400,16-09-2026 14:00:00,36.6,97.8,1,Thundery outbreaks in nearby,http://cdn.weatherapi.com/weather/64x64/day/200.png,1087,5.4,8.6,306,NW,1003,29.63,0,0,0,36,96,38.2,100.8,36.6,97.8,39.6,103.4,19,66.2,0,9,0,0,9,5,11.2,18,8,24.2,75.5,null,null,null,null,null,null,null,null,451.78,156.12,62.53,414.63,,,,,,,,,,,,,,,,,,,,,,,,,,,,,,,,,,,,,,,,,,,,,,,,,,,,,,,,,,,,,,,,,,,,,,,,,,,,,,,,,,,,,,,,,,,,,
Noida,Uttar Pradesh,India,28.57,77.32,Asia/Kolkata,1789110023,11/9/2026 12:30,1789551000,16-09-2026 15:00:00,34.7,94.5,1,Light rain shower,http://cdn.weatherapi.com/weather/64x64/day/353.png,1240,7.8,12.6,266,W,1003,29.62,0,0,0,44,98,37.9,100.2,34.7,94.5,38.1,100.6,20.1,68.2,0,17,0,0,9.3,5,13.2,21.2,7,24.7,76.4,null,null,null,null,null,null,null,null,404.99,144.28,41.06,375.32,,,,,,,,,,,,,,,,,,,,,,,,,,,,,,,,,,,,,,,,,,,,,,,,,,,,,,,,,,,,,,,,,,,,,,,,,,,,,,,,,,,,,,,,,,,,,
Noida,Uttar Pradesh,India,28.57,77.32,Asia/Kolkata,1789110023,11/9/2026 12:30,1789554600,16-09-2026 16:00:00,32.8,91,1,Thundery outbreaks in nearby,http://cdn.weatherapi.com/weather/64x64/day/200.png,1087,10.1,16.2,226,SW,1003,29.61,0,0,0,52,99,36.5,97.7,32.8,91,36.5,97.7,21.2,70.2,0,19,0,0,9.7,6,15.2,24.5,7,24.8,76.7,null,null,null,null,null,null,null,null,381.6,138.36,30.33,355.67,,,,,,,,,,,,,,,,,,,,,,,,,,,,,,,,,,,,,,,,,,,,,,,,,,,,,,,,,,,,,,,,,,,,,,,,,,,,,,,,,,,,,,,,,,,,,
Noida,Uttar Pradesh,India,28.57,77.32,Asia/Kolkata,1789110023,11/9/2026 12:30,1789558200,16-09-2026 17:00:00,30.9,87.5,1,Light rain shower,http://cdn.weatherapi.com/weather/64x64/day/353.png,1240,12.5,20.2,187,S,1003,29.61,0,0,0,61,100,34.7,94.5,30.9,87.5,34.9,94.8,22.4,72.2,0,27,0,0,10,6,17.2,27.8,7,24.7,76.5,null,null,null,null,null,null,null,null,358.21,132.44,19.6,336.01,,,,,,,,,,,,,,,,,,,,,,,,,,,,,,,,,,,,,,,,,,,,,,,,,,,,,,,,,,,,,,,,,,,,,,,,,,,,,,,,,,,,,,,,,,,,,
Noida,Uttar Pradesh,India,28.57,77.32,Asia/Kolkata,1789110023,11/9/2026 12:30,1789561800,16-09-2026 18:00:00,29.6,85.3,0,Light rain shower,http://cdn.weatherapi.com/weather/64x64/night/353.png,1240,17.2,27.7,238,WSW,1004,29.65,0,0,0,63,99,32.6,90.7,29.6,85.3,32.9,91.2,21.7,71.1,0,36,0,0,10,6,23.3,37.4,0,23.9,75.1,null,null,null,null,null,null,null,null,0,0,0,0,,,,,,,,,,,,,,,,,,,,,,,,,,,,,,,,,,,,,,,,,,,,,,,,,,,,,,,,,,,,,,,,,,,,,,,,,,,,,,,,,,,,,,,,,,,,,
Noida,Uttar Pradesh,India,28.57,77.32,Asia/Kolkata,1789110023,11/9/2026 12:30,1789565400,16-09-2026 19:00:00,28.3,82.9,0,Light rain shower,http://cdn.weatherapi.com/weather/64x64/night/353.png,1240,21.7,34.9,289,WNW,1006,29.7,0,0,0,65,98,30.5,86.9,28.3,82.9,31,87.8,21,69.8,0,38,0,0,10,6,29.1,46.8,0,23.1,73.6,null,null,null,null,null,null,null,null,0,0,0,0,,,,,,,,,,,,,,,,,,,,,,,,,,,,,,,,,,,,,,,,,,,,,,,,,,,,,,,,,,,,,,,,,,,,,,,,,,,,,,,,,,,,,,,,,,,,,
Noida,Uttar Pradesh,India,28.57,77.32,Asia/Kolkata,1789110023,11/9/2026 12:30,1789569000,16-09-2026 20:00:00,27.1,80.7,0,Light rain shower,http://cdn.weatherapi.com/weather/64x64/night/353.png,1240,26.4,42.5,341,NNW,1007,29.75,1,0,0,67,96,28.7,83.7,27.1,80.7,29,84.2,20.3,68.6,0,44,0,0,10,6,35.1,56.6,0,22.3,72.2,null,null,null,null,null,null,null,null,0,0,0,0,,,,,,,,,,,,,,,,,,,,,,,,,,,,,,,,,,,,,,,,,,,,,,,,,,,,,,,,,,,,,,,,,,,,,,,,,,,,,,,,,,,,,,,,,,,,,
Noida,Uttar Pradesh,India,28.57,77.32,Asia/Kolkata,1789110023,11/9/2026 12:30,1789572600,16-09-2026 21:00:00,28,82.4,0,Overcast,http://cdn.weatherapi.com/weather/64x64/night/122.png,1009,18.6,29.9,282,WNW,1006,29.71,0,0,0,62,98,29.7,85.5,28,82.4,30,86,20.1,68.2,0,36,0,0,10,6,24.4,39.2,0,22.5,72.5,null,null,null,null,null,null,null,null,0,0,0,0,,,,,,,,,,,,,,,,,,,,,,,,,,,,,,,,,,,,,,,,,,,,,,,,,,,,,,,,,,,,,,,,,,,,,,,,,,,,,,,,,,,,,,,,,,,,,
Noida,Uttar Pradesh,India,28.57,77.32,Asia/Kolkata,1789110023,11/9/2026 12:30,1789576200,16-09-2026 22:00:00,29,84.2,0,Light rain shower,http://cdn.weatherapi.com/weather/64x64/night/353.png,1240,10.5,16.9,224,SW,1005,29.68,0,0,0,58,99,30.7,87.3,29,84.2,31,87.8,19.8,67.6,0,25,0,0,10,6,13.6,22,0,22.6,72.8,null,null,null,null,null,null,null,null,0,0,0,0,,,,,,,,,,,,,,,,,,,,,,,,,,,,,,,,,,,,,,,,,,,,,,,,,,,,,,,,,,,,,,,,,,,,,,,,,,,,,,,,,,,,,,,,,,,,,
Noida,Uttar Pradesh,India,28.57,77.32,Asia/Kolkata,1789110023,11/9/2026 12:30,1789579800,16-09-2026 23:00:00,29.9,85.9,0,Overcast,http://cdn.weatherapi.com/weather/64x64/night/122.png,1009,2.7,4.3,165,SSE,1004,29.64,0,0,0,54,100,31.6,88.9,29.9,85.9,32,89.6,19.6,67.3,0,12,0,0,10,6,2.9,4.7,0,22.7,72.9,null,null,null,null,null,null,null,null,0,0,0,0,,,,,,,,,,,,,,,,,,,,,,,,,,,,,,,,,,,,,,,,,,,,,,,,,,,,,,,,,,,,,,,,,,,,,,,,,,,,,,,,,,,,,,,,,,,,,
Noida,Uttar Pradesh,India,28.57,77.32,Asia/Kolkata,1789110023,11/9/2026 12:30,1789583400,17-09-2026 00:00:00,28.8,83.8,0,Overcast,http://cdn.weatherapi.com/weather/64x64/night/122.png,1009,2.5,4,111,ESE,1004,29.64,0,0,0,58,100,30.4,86.7,28.8,83.8,30.7,87.3,19.6,67.3,0,13,0,0,10,6,3.4,5.4,0,22.4,72.3,null,null,null,null,null,null,null,null,0,0,0,0,,,,,,,,,,,,,,,,,,,,,,,,,,,,,,,,,,,,,,,,,,,,,,,,,,,,,,,,,,,,,,,,,,,,,,,,,,,,,,,,,,,,,,,,,,,,,
Noida,Uttar Pradesh,India,28.57,77.32,Asia/Kolkata,1789110023,11/9/2026 12:30,1789587000,17-09-2026 01:00:00,27.7,81.9,0,Overcast,http://cdn.weatherapi.com/weather/64x64/night/122.png,1009,2.2,3.6,57,ENE,1004,29.64,0,0,0,62,100,29.2,84.6,27.7,81.9,29.5,85.1,19.6,67.3,0,15,0,0,10,6,3.8,6.1,0,22.1,71.8,null,null,null,null,null,null,null,null,0,0,0,0,,,,,,,,,,,,,,,,,,,,,,,,,,,,,,,,,,,,,,,,,,,,,,,,,,,,,,,,,,,,,,,,,,,,,,,,,,,,,,,,,,,,,,,,,,,,,
Noida,Uttar Pradesh,India,28.57,77.32,Asia/Kolkata,1789110023,11/9/2026 12:30,1789590600,17-09-2026 02:00:00,26.6,79.8,0,Overcast,http://cdn.weatherapi.com/weather/64x64/night/122.png,1009,2,3.2,4,N,1003,29.63,0,0,0,65,100,28.2,82.8,26.6,79.8,28.2,82.7,19.5,67.2,0,16,0,0,10,6,4.3,6.8,0,21.7,71,null,null,null,null,null,null,null,null,0,0,0,0,,,,,,,,,,,,,,,,,,,,,,,,,,,,,,,,,,,,,,,,,,,,,,,,,,,,,,,,,,,,,,,,,,,,,,,,,,,,,,,,,,,,,,,,,,,,,
Noida,Uttar Pradesh,India,28.57,77.32,Asia/Kolkata,1789110023,11/9/2026 12:30,1789594200,17-09-2026 03:00:00,26.7,80.1,0,Cloudy,http://cdn.weatherapi.com/weather/64x64/night/119.png,1006,2.7,4.3,118,ESE,1004,29.65,0,0,0,66,94,28.3,82.9,26.7,80.1,28.4,83.1,19.8,67.6,0,15,0,0,10,6,6.9,11.2,0,21.9,71.5,null,null,null,null,null,null,null,null,0,0,0,0,,,,,,,,,,,,,,,,,,,,,,,,,,,,,,,,,,,,,,,,,,,,,,,,,,,,,,,,,,,,,,,,,,,,,,,,,,,,,,,,,,,,,,,,,,,,,
Noida,Uttar Pradesh,India,28.57,77.32,Asia/Kolkata,1789110023,11/9/2026 12:30,1789597800,17-09-2026 04:00:00,26.8,80.2,0,Overcast,http://cdn.weatherapi.com/weather/64x64/night/122.png,1009,3.4,5.4,232,SW,1004,29.66,0,0,0,67,89,28.4,83.1,26.8,80.2,28.6,83.5,20.1,68.2,0,14,0,0,10,6,9.6,15.5,0,22.2,71.9,null,null,null,null,null,null,null,null,0,0,0,0,,,,,,,,,,,,,,,,,,,,,,,,,,,,,,,,,,,,,,,,,,,,,,,,,,,,,,,,,,,,,,,,,,,,,,,,,,,,,,,,,,,,,,,,,,,,,
Noida,Uttar Pradesh,India,28.57,77.32,Asia/Kolkata,1789110023,11/9/2026 12:30,1789601400,17-09-2026 05:00:00,26.9,80.4,0,Cloudy,http://cdn.weatherapi.com/weather/64x64/night/119.png,1006,4,6.5,346,NNW,1005,29.68,0,0,0,68,83,28.5,83.3,26.9,80.4,28.8,83.9,20.4,68.8,0,14,0,0,10,6,12.3,19.8,0,22.3,72.2,null,null,null,null,null,null,null,null,0,0,0,0,,,,,,,,,,,,,,,,,,,,,,,,,,,,,,,,,,,,,,,,,,,,,,,,,,,,,,,,,,,,,,,,,,,,,,,,,,,,,,,,,,,,,,,,,,,,,
Noida,Uttar Pradesh,India,28.57,77.32,Asia/Kolkata,1789110023,11/9/2026 12:30,1789605000,17-09-2026 06:00:00,27.6,81.7,1,Partly Cloudy,http://cdn.weatherapi.com/weather/64x64/day/116.png,1003,4.7,7.6,342,NNW,1006,29.7,0,0,0,66,72,29.4,84.9,27.6,81.7,29.7,85.5,20.5,68.9,0,11,0,0,10,6,12.3,19.8,7,22.6,72.8,null,null,null,null,null,null,null,null,66.3,23.36,0.73,62.9,,,,,,,,,,,,,,,,,,,,,,,,,,,,,,,,,,,,,,,,,,,,,,,,,,,,,,,,,,,,,,,,,,,,,,,,,,,,,,,,,,,,,,,,,,,,,
Noida,Uttar Pradesh,India,28.57,77.32,Asia/Kolkata,1789110023,11/9/2026 12:30,1789608600,17-09-2026 07:00:00,28.3,82.9,1,Cloudy,http://cdn.weatherapi.com/weather/64x64/day/119.png,1006,5.6,9,338,NNW,1006,29.72,0,0,0,63,60,30.3,86.5,28.3,82.9,30.6,87.1,20.6,69.1,0,9,0,0,10,6,12.5,20.2,6,22.9,73.2,null,null,null,null,null,null,null,null,99.45,35.05,1.1,94.34,,,,,,,,,,,,,,,,,,,,,,,,,,,,,,,,,,,,,,,,,,,,,,,,,,,,,,,,,,,,,,,,,,,,,,,,,,,,,,,,,,,,,,,,,,,,,
Noida,Uttar Pradesh,India,28.57,77.32,Asia/Kolkata,1789110023,11/9/2026 12:30,1789612200,17-09-2026 08:00:00,29.1,84.3,1,Partly Cloudy,http://cdn.weatherapi.com/weather/64x64/day/116.png,1003,6.3,10.1,334,NNW,1007,29.74,0,0,0,61,48,31.3,88.3,29.1,84.3,31.5,88.7,20.7,69.3,0,7,0,0,10,6,12.5,20.2,7,23.2,73.7,null,null,null,null,null,null,null,null,132.6,46.73,1.46,125.79,,,,,,,,,,,,,,,,,,,,,,,,,,,,,,,,,,,,,,,,,,,,,,,,,,,,,,,,,,,,,,,,,,,,,,,,,,,,,,,,,,,,,,,,,,,,,
Noida,Uttar Pradesh,India,28.57,77.32,Asia/Kolkata,1789110023,11/9/2026 12:30,1789615800,17-09-2026 09:00:00,30.6,87.1,1,Cloudy,http://cdn.weatherapi.com/weather/64x64/day/119.png,1006,6.3,10.1,310,NW,1007,29.74,0,0,0,56,55,33.1,91.6,30.5,86.9,33.2,91.8,20.5,68.9,0,6,0,0,10,6,11.2,18,7,23.6,74.4,null,null,null,null,null,null,null,null,260.19,70.14,15.34,243.8,,,,,,,,,,,,,,,,,,,,,,,,,,,,,,,,,,,,,,,,,,,,,,,,,,,,,,,,,,,,,,,,,,,,,,,,,,,,,,,,,,,,,,,,,,,,,
Noida,Uttar Pradesh,India,28.57,77.32,Asia/Kolkata,1789110023,11/9/2026 12:30,1789619400,17-09-2026 10:00:00,32,89.6,1,Partly Cloudy,http://cdn.weatherapi.com/weather/64x64/day/116.png,1003,6.3,10.1,286,WNW,1007,29.73,0,0,0,50,61,34.5,94.1,32,89.6,35,95,20.3,68.5,0,6,0,0,10,6,9.6,15.5,8,23.8,74.8,null,null,null,null,null,null,null,null,323.98,81.84,22.29,302.8,,,,,,,,,,,,,,,,,,,,,,,,,,,,,,,,,,,,,,,,,,,,,,,,,,,,,,,,,,,,,,,,,,,,,,,,,,,,,,,,,,,,,,,,,,,,,
Noida,Uttar Pradesh,India,28.57,77.32,Asia/Kolkata,1789110023,11/9/2026 12:30,1789623000,17-09-2026 11:00:00,33.5,92.4,1,Cloudy,http://cdn.weatherapi.com/weather/64x64/day/119.png,1006,6.3,10.1,262,W,1006,29.72,0,0,0,45,68,36,96.8,33.5,92.4,36.7,98,20.1,68.2,0,6,0,0,10,6,8.3,13.4,7,24,75.2,null,null,null,null,null,null,null,null,387.78,93.54,29.23,361.81,,,,,,,,,,,,,,,,,,,,,,,,,,,,,,,,,,,,,,,,,,,,,,,,,,,,,,,,,,,,,,,,,,,,,,,,,,,,,,,,,,,,,,,,,,,,,
Noida,Uttar Pradesh,India,28.57,77.32,Asia/Kolkata,1789110023,11/9/2026 12:30,1789626600,17-09-2026 12:00:00,34.7,94.5,1,Sunny,http://cdn.weatherapi.com/weather/64x64/day/113.png,1000,6.9,11.2,269,W,1006,29.69,0,0,0,41,47,37,98.6,34.7,94.5,37.6,99.7,19.5,67.1,0,4,0,0,10,6,9.8,15.8,8,24.1,75.3,null,null,null,null,null,null,null,null,588.16,123.42,310.06,484.4,,,,,,,,,,,,,,,,,,,,,,,,,,,,,,,,,,,,,,,,,,,,,,,,,,,,,,,,,,,,,,,,,,,,,,,,,,,,,,,,,,,,,,,,,,,,,
Noida,Uttar Pradesh,India,28.57,77.32,Asia/Kolkata,1789110023,11/9/2026 12:30,1789630200,17-09-2026 13:00:00,35.8,96.4,1,Cloudy,http://cdn.weatherapi.com/weather/64x64/day/119.png,1006,7.8,12.6,275,W,1004,29.66,0,0,0,37,26,36.6,97.9,35.8,96.4,38.6,101.5,18.8,65.8,0,2,0,0,10,6,11.2,18,8,24,75.2,null,null,null,null,null,null,null,null,688.35,138.36,450.48,545.7,,,,,,,,,,,,,,,,,,,,,,,,,,,,,,,,,,,,,,,,,,,,,,,,,,,,,,,,,,,,,,,,,,,,,,,,,,,,,,,,,,,,,,,,,,,,,
Noida,Uttar Pradesh,India,28.57,77.32,Asia/Kolkata,1789110023,11/9/2026 12:30,1789633800,17-09-2026 14:00:00,36.9,98.5,1,Sunny,http://cdn.weatherapi.com/weather/64x64/day/113.png,1000,8.5,13.7,282,WNW,1004,29.63,0,0,0,33,5,37.2,99,36.9,98.5,39.5,103.1,18.2,64.8,0,1,0,0,10,6,12.8,20.6,9,23.9,75,null,null,null,null,null,null,null,null,788.54,153.3,590.89,606.99,,,,,,,,,,,,,,,,,,,,,,,,,,,,,,,,,,,,,,,,,,,,,,,,,,,,,,,,,,,,,,,,,,,,,,,,,,,,,,,,,,,,,,,,,,,,,
Noida,Uttar Pradesh,India,28.57,77.32,Asia/Kolkata,1789110023,11/9/2026 12:30,1789637400,17-09-2026 15:00:00,36.8,98.2,1,Partly Cloudy,http://cdn.weatherapi.com/weather/64x64/day/116.png,1003,8.5,13.7,269,W,1003,29.62,0,0,0,34,16,37.1,98.8,36.8,98.2,39.3,102.7,18.3,64.9,0,1,0,0,10,6,13.6,22,9,23.9,74.9,null,null,null,null,null,null,null,null,689.54,141.43,400.11,559.02,,,,,,,,,,,,,,,,,,,,,,,,,,,,,,,,,,,,,,,,,,,,,,,,,,,,,,,,,,,,,,,,,,,,,,,,,,,,,,,,,,,,,,,,,,,,,
Noida,Uttar Pradesh,India,28.57,77.32,Asia/Kolkata,1789110023,11/9/2026 12:30,1789641000,17-09-2026 16:00:00,36.6,97.9,1,Sunny,http://cdn.weatherapi.com/weather/64x64/day/113.png,1000,8.7,14,257,WSW,1002,29.6,0,0,0,34,26,36.8,98.2,36.6,97.9,39.2,102.6,18.3,64.9,0,2,0,0,10,6,14.5,23.4,9,23.8,74.9,null,null,null,null,null,null,null,null,640.03,135.5,304.73,535.03,,,,,,,,,,,,,,,,,,,,,,,,,,,,,,,,,,,,,,,,,,,,,,,,,,,,,,,,,,,,,,,,,,,,,,,,,,,,,,,,,,,,,,,,,,,,,
Noida,Uttar Pradesh,India,28.57,77.32,Asia/Kolkata,1789110023,11/9/2026 12:30,1789644600,17-09-2026 17:00:00,36.4,97.6,1,Partly Cloudy,http://cdn.weatherapi.com/weather/64x64/day/116.png,1003,8.7,14,244,WSW,1002,29.58,0,0,0,35,37,36.7,98.1,36.4,97.6,39,102.2,18.4,65,0,3,0,0,10,6,15.4,24.8,9,23.8,74.8,null,null,null,null,null,null,null,null,590.53,129.56,209.34,511.05,,,,,,,,,,,,,,,,,,,,,,,,,,,,,,,,,,,,,,,,,,,,,,,,,,,,,,,,,,,,,,,,,,,,,,,,,,,,,,,,,,,,,,,,,,,,,
Noida,Uttar Pradesh,India,28.57,77.32,Asia/Kolkata,1789110023,11/9/2026 12:30,1789648200,17-09-2026 18:00:00,32.9,91.2,0,Light rain shower,http://cdn.weatherapi.com/weather/64x64/night/353.png,1240,7.8,12.6,271,W,1003,29.62,0,0,0,44,47,34.4,93.9,32.9,91.2,35,95,18.2,64.8,0,36,0,0,10,6,13.6,22,0,23.1,73.6,null,null,null,null,null,null,null,null,0,0,0,0,,,,,,,,,,,,,,,,,,,,,,,,,,,,,,,,,,,,,,,,,,,,,,,,,,,,,,,,,,,,,,,,,,,,,,,,,,,,,,,,,,,,,,,,,,,,,
Noida,Uttar Pradesh,India,28.57,77.32,Asia/Kolkata,1789110023,11/9/2026 12:30,1789651800,17-09-2026 19:00:00,29.4,84.9,0,Partly Cloudy,http://cdn.weatherapi.com/weather/64x64/night/116.png,1003,6.7,10.8,298,WNW,1005,29.67,1,0,0,53,56,30.6,87.1,29.4,84.9,31.1,88,18.1,64.6,0,36,0,0,10,6,11.9,19.1,0,22,71.6,null,null,null,null,null,null,null,null,0,0,0,0,,,,,,,,,,,,,,,,,,,,,,,,,,,,,,,,,,,,,,,,,,,,,,,,,,,,,,,,,,,,,,,,,,,,,,,,,,,,,,,,,,,,,,,,,,,,,
Noida,Uttar Pradesh,India,28.57,77.32,Asia/Kolkata,1789110023,11/9/2026 12:30,1789655400,17-09-2026 20:00:00,25.9,78.6,0,Light rain shower,http://cdn.weatherapi.com/weather/64x64/night/353.png,1240,5.8,9.4,325,NW,1006,29.71,1,0,0,62,65,26.8,80.2,25.9,78.6,27.1,80.8,17.9,64.3,0,45,0,0,10,6,10.1,16.2,0,20.5,68.9,null,null,null,null,null,null,null,null,0,0,0,0,,,,,,,,,,,,,,,,,,,,,,,,,,,,,,,,,,,,,,,,,,,,,,,,,,,,,,,,,,,,,,,,,,,,,,,,,,,,,,,,,,,,,,,,,,,,,
Noida,Uttar Pradesh,India,28.57,77.32,Asia/Kolkata,1789110023,11/9/2026 12:30,1789659000,17-09-2026 21:00:00,26.6,79.9,0,Clear,http://cdn.weatherapi.com/weather/64x64/night/113.png,1000,5.4,8.6,280,W,1006,29.71,1,0,0,62,45,27.8,82,26.6,79.9,28.1,82.6,18.7,65.7,0,36,0,0,10,6,8.9,14.4,0,21.2,70.1,null,null,null,null,null,null,null,null,0,0,0,0,,,,,,,,,,,,,,,,,,,,,,,,,,,,,,,,,,,,,,,,,,,,,,,,,,,,,,,,,,,,,,,,,,,,,,,,,,,,,,,,,,,,,,,,,,,,,
Noida,Uttar Pradesh,India,28.57,77.32,Asia/Kolkata,1789110023,11/9/2026 12:30,1789662600,17-09-2026 22:00:00,27.3,81.1,0,Light rain shower,http://cdn.weatherapi.com/weather/64x64/night/353.png,1240,5.1,8.3,235,SW,1006,29.71,0,0,0,62,25,28.7,83.7,27.3,81.1,29,84.2,19.5,67.1,0,36,0,0,10,6,7.6,12.2,0,21.9,71.4,null,null,null,null,null,null,null,null,0,0,0,0,,,,,,,,,,,,,,,,,,,,,,,,,,,,,,,,,,,,,,,,,,,,,,,,,,,,,,,,,,,,,,,,,,,,,,,,,,,,,,,,,,,,,,,,,,,,,
Noida,Uttar Pradesh,India,28.57,77.32,Asia/Kolkata,1789110023,11/9/2026 12:30,1789666200,17-09-2026 23:00:00,28,82.3,0,Clear,http://cdn.weatherapi.com/weather/64x64/night/113.png,1000,4.7,7.6,190,S,1006,29.71,0,0,0,63,5,29.7,85.5,28,82.3,30,85.9,20.2,68.4,0,4,0,0,10,6,6.5,10.4,0,22.5,72.6,null,null,null,null,null,null,null,null,0,0,0,0,,,,,,,,,,,,,,,,,,,,,,,,,,,,,,,,,,,,,,,,,,,,,,,,,,,,,,,,,,,,,,,,,,,,,,,,,,,,,,,,,,,,,,,,,,,,,
Mumbai,Maharashtra,India,18.975,72.826,Asia/Kolkata,1789110023,11/9/2026 12:30,1789065000,11/9/2026 0:00,27.4,81.3,0,Overcast,http://cdn.weatherapi.com/weather/64x64/night/122.png,1009,7.2,11.5,311,NW,1010,29.84,0,0,0,77,98,30.3,86.5,27.4,81.3,30.7,87.2,23.1,73.5,0,21,0,0,10,6,7.2,11.6,0,24.2,75.6,241,14.2,28,9.4,18.5,32.7,2,2,0,0,0,0,,,,,,,,,,,,,,,,,,,,,,,,,,,,,,,,,,,,,,,,,,,,,,,,,,,,,,,,,,,,,,,,,,,,,,,,,,,,,,,,,,,,,,,,,,,,,
Mumbai,Maharashtra,India,18.975,72.826,Asia/Kolkata,1789110023,11/9/2026 12:30,1789068600,11/9/2026 1:00,27.3,81.2,0,Patchy rain nearby,http://cdn.weatherapi.com/weather/64x64/night/176.png,1063,7.4,11.9,318,NW,1010,29.82,0,0,0,78,100,30.3,86.5,27.3,81.2,30.7,87.2,23.2,73.7,0,23,0,0,10,6,7.4,11.9,0,24.3,75.7,240,14.2,29,10.5,17.8,32,2,2,0,0,0,0,,,,,,,,,,,,,,,,,,,,,,,,,,,,,,,,,,,,,,,,,,,,,,,,,,,,,,,,,,,,,,,,,,,,,,,,,,,,,,,,,,,,,,,,,,,,,
Mumbai,Maharashtra,India,18.975,72.826,Asia/Kolkata,1789110023,11/9/2026 12:30,1789072200,11/9/2026 2:00,27.3,81.2,0,Patchy rain nearby,http://cdn.weatherapi.com/weather/64x64/night/176.png,1063,7.4,11.9,304,NW,1010,29.81,0,0,0,78,100,30.3,86.5,27.3,81.2,30.7,87.3,23.2,73.8,0,24,0,0,10,6,7.7,12.4,0,24.3,75.8,234,14.2,29,11.6,18.7,33.2,2,2,0,0,0,0,,,,,,,,,,,,,,,,,,,,,,,,,,,,,,,,,,,,,,,,,,,,,,,,,,,,,,,,,,,,,,,,,,,,,,,,,,,,,,,,,,,,,,,,,,,,,
Mumbai,Maharashtra,India,18.975,72.826,Asia/Kolkata,1789110023,11/9/2026 12:30,1789075800,11/9/2026 3:00,27.3,81.1,0,Patchy rain nearby,http://cdn.weatherapi.com/weather/64x64/night/176.png,1063,7.2,11.5,304,NW,1009,29.8,0,0,0,79,100,30.3,86.5,27.3,81.1,30.7,87.3,23.3,73.9,0,28,0,0,10,6,7.4,11.9,0,24.4,75.9,218,14.2,29,12.1,19.5,34.2,2,2,0,0,0,0,,,,,,,,,,,,,,,,,,,,,,,,,,,,,,,,,,,,,,,,,,,,,,,,,,,,,,,,,,,,,,,,,,,,,,,,,,,,,,,,,,,,,,,,,,,,,
Mumbai,Maharashtra,India,18.975,72.826,Asia/Kolkata,1789110023,11/9/2026 12:30,1789079400,11/9/2026 4:00,27.1,80.9,0,Patchy rain nearby,http://cdn.weatherapi.com/weather/64x64/night/176.png,1063,7.2,11.5,305,NW,1009,29.8,0,0,0,80,100,30,86,27.1,80.9,30.5,87,23.4,74.1,0,35,0,0,10,6,7.4,11.9,0,24.4,75.9,197,14.1,28,12.7,20.1,34.3,2,2,0,0,0,0,,,,,,,,,,,,,,,,,,,,,,,,,,,,,,,,,,,,,,,,,,,,,,,,,,,,,,,,,,,,,,,,,,,,,,,,,,,,,,,,,,,,,,,,,,,,,
Mumbai,Maharashtra,India,18.975,72.826,Asia/Kolkata,1789110023,11/9/2026 12:30,1789083000,11/9/2026 5:00,27.1,80.8,0,Light rain shower,http://cdn.weatherapi.com/weather/64x64/night/353.png,1240,8.3,13.3,320,NW,1010,29.82,0,0,0,79,100,29.9,85.8,27.1,80.8,30.4,86.8,23.2,73.8,0,36,0,0,10,6,8.5,13.8,0,24.3,75.7,190,14.3,28,14.6,20.1,34.5,2,2,0,0,0,0,,,,,,,,,,,,,,,,,,,,,,,,,,,,,,,,,,,,,,,,,,,,,,,,,,,,,,,,,,,,,,,,,,,,,,,,,,,,,,,,,,,,,,,,,,,,,
Mumbai,Maharashtra,India,18.975,72.826,Asia/Kolkata,1789110023,11/9/2026 12:30,1789086600,11/9/2026 6:00,27.3,81.1,1,Patchy rain nearby,http://cdn.weatherapi.com/weather/64x64/day/176.png,1063,7.8,12.6,328,NNW,1010,29.83,0,0,0,78,100,30.1,86.2,27.3,81.1,30.5,87,23,73.4,0,31,0,0,10,6,8.1,13,0,24.2,75.6,216,15.3,25,19.3,19.3,32.6,2,2,0,0,0,0,,,,,,,,,,,,,,,,,,,,,,,,,,,,,,,,,,,,,,,,,,,,,,,,,,,,,,,,,,,,,,,,,,,,,,,,,,,,,,,,,,,,,,,,,,,,,
Mumbai,Maharashtra,India,18.975,72.826,Asia/Kolkata,1789110023,11/9/2026 12:30,1789090200,11/9/2026 7:00,27.2,80.9,1,Patchy rain nearby,http://cdn.weatherapi.com/weather/64x64/day/176.png,1063,6.5,10.4,344,NNW,1011,29.85,0,0,0,78,100,29.9,85.8,27.2,80.9,30.3,86.6,22.9,73.2,0,24,0,0,10,6,6.7,10.8,0.3,24.1,75.4,257,16.5,22,25.4,20.8,33.4,2,2,21.8,11.52,0.04,21.32,,,,,,,,,,,,,,,,,,,,,,,,,,,,,,,,,,,,,,,,,,,,,,,,,,,,,,,,,,,,,,,,,,,,,,,,,,,,,,,,,,,,,,,,,,,,,
Mumbai,Maharashtra,India,18.975,72.826,Asia/Kolkata,1789110023,11/9/2026 12:30,1789093800,11/9/2026 8:00,27.3,81.1,1,Patchy rain nearby,http://cdn.weatherapi.com/weather/64x64/day/176.png,1063,5.6,9,350,N,1012,29.87,0,0,0,77,100,30.1,86.2,27.3,81.1,30.5,86.8,22.9,73.3,0,24,0,0,10,6,6.1,9.8,1.5,24.1,75.4,275,17,27,29.8,17.7,29.4,2,2,82.4,43.3,0.52,80.56,,,,,,,,,,,,,,,,,,,,,,,,,,,,,,,,,,,,,,,,,,,,,,,,,,,,,,,,,,,,,,,,,,,,,,,,,,,,,,,,,,,,,,,,,,,,,
Mumbai,Maharashtra,India,18.975,72.826,Asia/Kolkata,1789110023,11/9/2026 12:30,1789097400,11/9/2026 9:00,27.4,81.3,1,Patchy rain nearby,http://cdn.weatherapi.com/weather/64x64/day/176.png,1063,3.6,5.8,354,N,1012,29.88,0,0,0,76,81,30.2,86.4,27.4,81.3,30.6,87,22.8,73.1,0,21,0,0,10,6,4.6,7.4,3.7,24.1,75.4,248,16.1,46,31.3,17.9,28.9,2,2,168.24,81.92,2.18,164.36,,,,,,,,,,,,,,,,,,,,,,,,,,,,,,,,,,,,,,,,,,,,,,,,,,,,,,,,,,,,,,,,,,,,,,,,,,,,,,,,,,,,,,,,,,,,,
Mumbai,Maharashtra,India,18.975,72.826,Asia/Kolkata,1789110023,11/9/2026 12:30,1789101000,11/9/2026 10:00,27.5,81.5,1,Patchy rain nearby,http://cdn.weatherapi.com/weather/64x64/day/176.png,1063,2.9,4.7,319,NW,1012,29.88,0,0,0,75,58,30.3,86.5,27.5,81.4,30.6,87.1,22.7,72.9,0,13,0,0,10,6,4,6.5,6.5,24.1,75.3,199,14.5,73,31.1,21.7,33.6,2,2,255.4,119.24,5.02,249.34,,,,,,,,,,,,,,,,,,,,,,,,,,,,,,,,,,,,,,,,,,,,,,,,,,,,,,,,,,,,,,,,,,,,,,,,,,,,,,,,,,,,,,,,,,,,,
Mumbai,Maharashtra,India,18.975,72.826,Asia/Kolkata,1789110023,11/9/2026 12:30,1789104600,11/9/2026 11:00,27.7,81.8,1,Cloudy,http://cdn.weatherapi.com/weather/64x64/day/119.png,1006,4.5,7.2,285,WNW,1011,29.86,0,0,0,75,81,30.6,87.1,27.7,81.8,30.9,87.7,22.9,73.1,0,17,0,0,10,6,4.9,8,9.2,24.2,75.5,158,12.4,96,29.4,26.5,40.5,2,3,348.26,137.52,14.17,339.26,,,,,,,,,,,,,,,,,,,,,,,,,,,,,,,,,,,,,,,,,,,,,,,,,,,,,,,,,,,,,,,,,,,,,,,,,,,,,,,,,,,,,,,,,,,,,
Mumbai,Maharashtra,India,18.975,72.826,Asia/Kolkata,1789110023,11/9/2026 12:30,1789108200,11/9/2026 12:00,27.9,82.2,1,Sunny,http://cdn.weatherapi.com/weather/64x64/day/113.png,1000,6,9.7,281,WNW,1010,29.83,0,0,0,75,7,31.1,88,27.9,82.2,31.3,88.4,23,73.5,0,7,0,0,10,6,6.1,9.8,10.7,24.4,75.8,137,9.6,114,25.5,29.7,44.8,2,3,903.1,224.08,760.41,807.04,,,,,,,,,,,,,,,,,,,,,,,,,,,,,,,,,,,,,,,,,,,,,,,,,,,,,,,,,,,,,,,,,,,,,,,,,,,,,,,,,,,,,,,,,,,,,
Mumbai,Maharashtra,India,18.975,72.826,Asia/Kolkata,1789110023,11/9/2026 12:30,1789111800,11/9/2026 13:00,27.9,82.2,1,Cloudy,http://cdn.weatherapi.com/weather/64x64/day/119.png,1006,7.8,12.6,278,W,1009,29.8,0,0,0,74,74,31.1,88,27.9,82.2,31.3,88.4,22.9,73.3,0,15,0,0,10,6,7.8,12.6,9.9,24.3,75.7,125,6.4,128,20,29.2,43.9,2,3,914.46,207.56,781.02,816.08,,,,,,,,,,,,,,,,,,,,,,,,,,,,,,,,,,,,,,,,,,,,,,,,,,,,,,,,,,,,,,,,,,,,,,,,,,,,,,,,,,,,,,,,,,,,,
Mumbai,Maharashtra,India,18.975,72.826,Asia/Kolkata,1789110023,11/9/2026 12:30,1789115400,11/9/2026 14:00,28.2,82.8,1,Overcast,http://cdn.weatherapi.com/weather/64x64/day/122.png,1009,8.7,14,275,W,1008,29.78,0,0,0,73,99,31.5,88.7,28.2,82.8,31.7,89.1,23,73.3,0,19,0,0,10,6,9,14.5,7.9,24.4,75.9,117,4.4,130,15.4,25.7,39.1,2,3,896.58,197.74,748.21,801.88,,,,,,,,,,,,,,,,,,,,,,,,,,,,,,,,,,,,,,,,,,,,,,,,,,,,,,,,,,,,,,,,,,,,,,,,,,,,,,,,,,,,,,,,,,,,,
Mumbai,Maharashtra,India,18.975,72.826,Asia/Kolkata,1789110023,11/9/2026 12:30,1789119000,11/9/2026 15:00,28.3,83,1,Overcast,http://cdn.weatherapi.com/weather/64x64/day/122.png,1009,10.1,16.2,276,W,1008,29.77,0,0,0,73,100,31.8,89.2,28.4,83,31.9,89.5,23,73.4,0,19,0,0,10,6,10.3,16.6,5.1,24.4,76,113,4.3,113,12.6,21.2,33.3,2,2,853.68,189.02,663.05,768.48,,,,,,,,,,,,,,,,,,,,,,,,,,,,,,,,,,,,,,,,,,,,,,,,,,,,,,,,,,,,,,,,,,,,,,,,,,,,,,,,,,,,,,,,,,,,,
Mumbai,Maharashtra,India,18.975,72.826,Asia/Kolkata,1789110023,11/9/2026 12:30,1789122600,11/9/2026 16:00,28.4,83.1,1,Overcast,http://cdn.weatherapi.com/weather/64x64/day/122.png,1009,10.3,16.6,275,W,1008,29.76,0,0,0,73,100,31.9,89.4,28.4,83.2,32.1,89.7,23.1,73.5,0,19,0,0,10,6,10.4,16.7,2.4,24.5,76.1,113,5.3,83,10.7,16.8,27.9,2,2,788.86,180.33,527.21,718.72,,,,,,,,,,,,,,,,,,,,,,,,,,,,,,,,,,,,,,,,,,,,,,,,,,,,,,,,,,,,,,,,,,,,,,,,,,,,,,,,,,,,,,,,,,,,,
Mumbai,Maharashtra,India,18.975,72.826,Asia/Kolkata,1789110023,11/9/2026 12:30,1789126200,11/9/2026 17:00,28.3,82.9,1,Overcast,http://cdn.weatherapi.com/weather/64x64/day/122.png,1009,10.1,16.2,276,W,1008,29.77,0,0,0,73,100,31.7,89.1,28.3,82.9,31.9,89.3,23,73.5,0,19,0,0,10,6,10.1,16.3,0.7,24.5,76,118,6.6,59,9.2,13.6,23.7,1,2,707.09,169.32,363.71,655.16,,,,,,,,,,,,,,,,,,,,,,,,,,,,,,,,,,,,,,,,,,,,,,,,,,,,,,,,,,,,,,,,,,,,,,,,,,,,,,,,,,,,,,,,,,,,,
Mumbai,Maharashtra,India,18.975,72.826,Asia/Kolkata,1789110023,11/9/2026 12:30,1789129800,11/9/2026 18:00,28.2,82.8,1,Overcast,http://cdn.weatherapi.com/weather/64x64/day/122.png,1009,10.1,16.2,283,WNW,1009,29.78,0,0,0,74,100,31.7,89.1,28.2,82.8,31.9,89.5,23.2,73.8,0,20,0,0,10,6,10.1,16.2,0,24.6,76.2,127,8,45,8.2,11.5,20.3,1,1,89.06,44.07,0.61,87.06,,,,,,,,,,,,,,,,,,,,,,,,,,,,,,,,,,,,,,,,,,,,,,,,,,,,,,,,,,,,,,,,,,,,,,,,,,,,,,,,,,,,,,,,,,,,,
Mumbai,Maharashtra,India,18.975,72.826,Asia/Kolkata,1789110023,11/9/2026 12:30,1789133400,11/9/2026 19:00,28.1,82.6,0,Overcast,http://cdn.weatherapi.com/weather/64x64/night/122.png,1009,8.9,14.4,291,WNW,1009,29.79,0,0,0,75,100,31.5,88.7,28.1,82.6,31.7,89,23.2,73.7,0,20,0,0,10,6,9,14.5,0,24.5,76.1,141,9.7,37,7.6,10.8,18.8,1,1,0,0,0,0,,,,,,,,,,,,,,,,,,,,,,,,,,,,,,,,,,,,,,,,,,,,,,,,,,,,,,,,,,,,,,,,,,,,,,,,,,,,,,,,,,,,,,,,,,,,,
Mumbai,Maharashtra,India,18.975,72.826,Asia/Kolkata,1789110023,11/9/2026 12:30,1789137000,11/9/2026 20:00,28,82.4,0,Overcast,http://cdn.weatherapi.com/weather/64x64/night/122.png,1009,8.1,13,292,WNW,1009,29.8,0,0,0,75,100,31.4,88.5,28,82.4,31.6,88.9,23.2,73.7,0,20,0,0,10,6,14.8,23.8,0,24.5,76.1,158,10.9,31,7.3,10.8,18.7,1,1,0,0,0,0,,,,,,,,,,,,,,,,,,,,,,,,,,,,,,,,,,,,,,,,,,,,,,,,,,,,,,,,,,,,,,,,,,,,,,,,,,,,,,,,,,,,,,,,,,,,,
Mumbai,Maharashtra,India,18.975,72.826,Asia/Kolkata,1789110023,11/9/2026 12:30,1789140600,11/9/2026 21:00,27.9,82.3,0,Overcast,http://cdn.weatherapi.com/weather/64x64/night/122.png,1009,7.8,12.6,286,WNW,1010,29.81,0,0,0,76,100,31.3,88.3,27.9,82.3,31.6,88.8,23.2,73.8,0,21,0,0,10,6,16.8,27,0,24.5,76.1,184,11.3,29,7.3,10.7,18.5,1,1,0,0,0,0,,,,,,,,,,,,,,,,,,,,,,,,,,,,,,,,,,,,,,,,,,,,,,,,,,,,,,,,,,,,,,,,,,,,,,,,,,,,,,,,,,,,,,,,,,,,,
Mumbai,Maharashtra,India,18.975,72.826,Asia/Kolkata,1789110023,11/9/2026 12:30,1789144200,11/9/2026 22:00,27.8,82.1,0,Overcast,http://cdn.weatherapi.com/weather/64x64/night/122.png,1009,7.4,11.9,285,WNW,1010,29.81,0,0,0,76,100,31.1,88,27.8,82.1,31.4,88.5,23.2,73.8,0,21,0,0,10,6,14.1,22.7,0,24.5,76.1,213,11.3,30,7.6,11.5,19.3,1,1,0,0,0,0,,,,,,,,,,,,,,,,,,,,,,,,,,,,,,,,,,,,,,,,,,,,,,,,,,,,,,,,,,,,,,,,,,,,,,,,,,,,,,,,,,,,,,,,,,,,,
Mumbai,Maharashtra,India,18.975,72.826,Asia/Kolkata,1789110023,11/9/2026 12:30,1789147800,11/9/2026 23:00,27.7,81.8,0,Overcast,http://cdn.weatherapi.com/weather/64x64/night/122.png,1009,6.9,11.2,291,WNW,1009,29.8,0,0,0,76,100,30.8,87.4,27.7,81.8,31.1,88,23.1,73.7,0,21,0,0,10,6,13.6,22,0,24.4,75.9,231,11,31,7.9,12.6,20.4,1,2,0,0,0,0,,,,,,,,,,,,,,,,,,,,,,,,,,,,,,,,,,,,,,,,,,,,,,,,,,,,,,,,,,,,,,,,,,,,,,,,,,,,,,,,,,,,,,,,,,,,,
Mumbai,Maharashtra,India,18.975,72.826,Asia/Kolkata,1789110023,11/9/2026 12:30,1789151400,12/9/2026 0:00,27.6,81.6,0,Partly Cloudy,http://cdn.weatherapi.com/weather/64x64/night/116.png,1003,7.2,11.5,283,WNW,1008,29.78,0,0,0,77,43,30.7,87.3,27.6,81.6,31,87.8,23.1,73.7,0,12,0,0,10,6,16.1,25.9,0,24.4,75.8,229,10.5,31,7.9,12.2,20.8,1,2,0,0,0,0,,,,,,,,,,,,,,,,,,,,,,,,,,,,,,,,,,,,,,,,,,,,,,,,,,,,,,,,,,,,,,,,,,,,,,,,,,,,,,,,,,,,,,,,,,,,,
Mumbai,Maharashtra,India,18.975,72.826,Asia/Kolkata,1789110023,11/9/2026 12:30,1789155000,12/9/2026 1:00,27.3,81.2,0,Overcast,http://cdn.weatherapi.com/weather/64x64/night/122.png,1009,6,9.7,277,W,1008,29.77,0,0,0,77,100,30.2,86.4,27.4,81.2,30.6,87,23,73.3,0,21,0,0,10,6,17.2,27.7,0,24.2,75.5,214,9.8,32,7.9,13,21.7,1,2,0,0,0,0,,,,,,,,,,,,,,,,,,,,,,,,,,,,,,,,,,,,,,,,,,,,,,,,,,,,,,,,,,,,,,,,,,,,,,,,,,,,,,,,,,,,,,,,,,,,,
Mumbai,Maharashtra,India,18.975,72.826,Asia/Kolkata,1789110023,11/9/2026 12:30,1789158600,12/9/2026 2:00,27.2,80.9,0,Overcast,http://cdn.weatherapi.com/weather/64x64/night/122.png,1009,6.5,10.4,281,WNW,1008,29.76,0,0,0,77,100,29.8,85.6,27.2,80.9,30.2,86.4,22.8,73,0,22,0,0,10,6,15.4,24.8,0,24,75.2,198,9.3,32,8.2,14.4,23.5,1,2,0,0,0,0,,,,,,,,,,,,,,,,,,,,,,,,,,,,,,,,,,,,,,,,,,,,,,,,,,,,,,,,,,,,,,,,,,,,,,,,,,,,,,,,,,,,,,,,,,,,,
Mumbai,Maharashtra,India,18.975,72.826,Asia/Kolkata,1789110023,11/9/2026 12:30,1789162200,12/9/2026 3:00,27.2,80.9,0,Overcast,http://cdn.weatherapi.com/weather/64x64/night/122.png,1009,6.9,11.2,285,WNW,1008,29.76,0,0,0,77,95,29.8,85.6,27.2,80.9,30.2,86.4,22.7,72.9,0,20,0,0,10,6,15.9,25.6,0,24,75.1,179,9.5,31,9.3,14.1,23.2,1,2,0,0,0,0,,,,,,,,,,,,,,,,,,,,,,,,,,,,,,,,,,,,,,,,,,,,,,,,,,,,,,,,,,,,,,,,,,,,,,,,,,,,,,,,,,,,,,,,,,,,,
Mumbai,Maharashtra,India,18.975,72.826,Asia/Kolkata,1789110023,11/9/2026 12:30,1789165800,12/9/2026 4:00,27.1,80.8,0,Cloudy,http://cdn.weatherapi.com/weather/64x64/night/119.png,1006,6.7,10.8,282,WNW,1008,29.76,0,0,0,76,77,29.6,85.3,27.1,80.8,30.1,86.1,22.6,72.7,0,17,0,0,10,6,15.7,25.2,0,23.9,74.9,157,9.9,30,10.8,14,23.3,1,2,0,0,0,0,,,,,,,,,,,,,,,,,,,,,,,,,,,,,,,,,,,,,,,,,,,,,,,,,,,,,,,,,,,,,,,,,,,,,,,,,,,,,,,,,,,,,,,,,,,,,
Mumbai,Maharashtra,India,18.975,72.826,Asia/Kolkata,1789110023,11/9/2026 12:30,1789169400,12/9/2026 5:00,27.2,81,0,Patchy rain nearby,http://cdn.weatherapi.com/weather/64x64/night/176.png,1063,6,9.7,279,W,1008,29.78,0,0,0,76,84,29.8,85.6,27.2,81,30.3,86.5,22.7,72.8,0,19,0,0,10,6,15,24.1,0,23.9,75.1,145,10,30,12,14.2,24,1,2,0,0,0,0,,,,,,,,,,,,,,,,,,,,,,,,,,,,,,,,,,,,,,,,,,,,,,,,,,,,,,,,,,,,,,,,,,,,,,,,,,,,,,,,,,,,,,,,,,,,,
Mumbai,Maharashtra,India,18.975,72.826,Asia/Kolkata,1789110023,11/9/2026 12:30,1789173000,12/9/2026 6:00,27.2,80.9,1,Patchy rain nearby,http://cdn.weatherapi.com/weather/64x64/day/176.png,1063,6,9.7,274,W,1009,29.8,0,0,0,76,75,29.7,85.5,27.2,80.9,30.2,86.3,22.7,72.8,0,19,0,0,10,6,12.8,20.5,0,23.9,75,151,9.6,30,12.6,14.1,24.4,1,2,0,0,0,0,,,,,,,,,,,,,,,,,,,,,,,,,,,,,,,,,,,,,,,,,,,,,,,,,,,,,,,,,,,,,,,,,,,,,,,,,,,,,,,,,,,,,,,,,,,,,
Mumbai,Maharashtra,India,18.975,72.826,Asia/Kolkata,1789110023,11/9/2026 12:30,1789176600,12/9/2026 7:00,27.2,81,1,Patchy rain nearby,http://cdn.weatherapi.com/weather/64x64/day/176.png,1063,6,9.7,278,W,1010,29.82,0,0,0,77,94,29.9,85.8,27.2,81,30.3,86.5,22.8,73,0,24,0,0,10,6,12.8,20.5,0.4,24,75.2,166,8.9,30,12.9,15,25.7,1,2,27.38,14.4,0.06,26.78,,,,,,,,,,,,,,,,,,,,,,,,,,,,,,,,,,,,,,,,,,,,,,,,,,,,,,,,,,,,,,,,,,,,,,,,,,,,,,,,,,,,,,,,,,,,,
Mumbai,Maharashtra,India,18.975,72.826,Asia/Kolkata,1789110023,11/9/2026 12:30,1789180200,12/9/2026 8:00,27.3,81.1,1,Patchy rain nearby,http://cdn.weatherapi.com/weather/64x64/day/176.png,1063,5.6,9,277,W,1011,29.84,0,0,0,76,83,29.9,85.8,27.3,81.1,30.3,86.6,22.7,72.9,0,21,0,0,10,6,16.8,27,1.6,24,75.2,172,7.9,33,12.6,11.4,22.4,1,1,94.6,46.64,0.69,92.47,,,,,,,,,,,,,,,,,,,,,,,,,,,,,,,,,,,,,,,,,,,,,,,,,,,,,,,,,,,,,,,,,,,,,,,,,,,,,,,,,,,,,,,,,,,,,
Mumbai,Maharashtra,India,18.975,72.826,Asia/Kolkata,1789110023,11/9/2026 12:30,1789183800,12/9/2026 9:00,27.4,81.4,1,Patchy rain nearby,http://cdn.weatherapi.com/weather/64x64/day/176.png,1063,6.3,10.1,274,W,1011,29.85,0,0,0,76,100,30.3,86.5,27.4,81.4,30.6,87.2,22.9,73.2,0,25,0,0,10,6,17.4,28.1,4,24.1,75.5,156,6.6,41,11.4,11,22.5,1,1,188.28,76.54,2.73,183.91,,,,,,,,,,,,,,,,,,,,,,,,,,,,,,,,,,,,,,,,,,,,,,,,,,,,,,,,,,,,,,,,,,,,,,,,,,,,,,,,,,,,,,,,,,,,,
Mumbai,Maharashtra,India,18.975,72.826,Asia/Kolkata,1789110023,11/9/2026 12:30,1789187400,12/9/2026 10:00,27.6,81.6,1,Patchy rain nearby,http://cdn.weatherapi.com/weather/64x64/day/176.png,1063,6.9,11.2,271,W,1011,29.85,0,0,0,76,73,30.6,87.1,27.6,81.6,30.9,87.6,23,73.4,0,20,0,0,10,6,13.6,22,6.9,24.3,75.7,131,5,51,9.6,11.3,23.6,1,1,273.58,114.37,5.76,267.05,,,,,,,,,,,,,,,,,,,,,,,,,,,,,,,,,,,,,,,,,,,,,,,,,,,,,,,,,,,,,,,,,,,,,,,,,,,,,,,,,,,,,,,,,,,,,
Mumbai,Maharashtra,India,18.975,72.826,Asia/Kolkata,1789110023,11/9/2026 12:30,1789191000,12/9/2026 11:00,27.7,81.9,1,Patchy rain nearby,http://cdn.weatherapi.com/weather/64x64/day/176.png,1063,8.5,13.7,265,W,1010,29.84,0,0,0,76,59,30.9,87.6,27.7,81.9,31.2,88.2,23.2,73.7,0,15,0,0,10,6,19.7,31.7,9.8,24.4,76,113,3.8,59,8.1,11.9,25.3,1,1,365.46,128.59,17.92,355.71,,,,,,,,,,,,,,,,,,,,,,,,,,,,,,,,,,,,,,,,,,,,,,,,,,,,,,,,,,,,,,,,,,,,,,,,,,,,,,,,,,,,,,,,,,,,,
Mumbai,Maharashtra,India,18.975,72.826,Asia/Kolkata,1789110023,11/9/2026 12:30,1789194600,12/9/2026 12:00,27.8,82.1,1,Patchy rain nearby,http://cdn.weatherapi.com/weather/64x64/day/176.png,1063,10.1,16.2,268,W,1009,29.81,0,0,0,76,52,31.1,88,27.8,82.1,31.4,88.5,23.3,73.9,0,13,0,0,10,6,19,30.6,11.2,24.5,76.1,111,3.1,63,7.3,12.6,26.8,1,2,913.36,194.07,779.06,815.2,,,,,,,,,,,,,,,,,,,,,,,,,,,,,,,,,,,,,,,,,,,,,,,,,,,,,,,,,,,,,,,,,,,,,,,,,,,,,,,,,,,,,,,,,,,,,
Mumbai,Maharashtra,India,18.975,72.826,Asia/Kolkata,1789110023,11/9/2026 12:30,1789198200,12/9/2026 13:00,27.8,82.1,1,Patchy rain nearby,http://cdn.weatherapi.com/weather/64x64/day/176.png,1063,10.5,16.9,270,W,1008,29.78,0,0,0,76,60,31.1,88,27.8,82.1,31.4,88.4,23.2,73.7,0,14,0,0,10,6,19.5,31.3,10.5,24.4,76,115,2.8,65,6.9,13.3,28.4,1,2,903.3,225.44,760.78,807.2,,,,,,,,,,,,,,,,,,,,,,,,,,,,,,,,,,,,,,,,,,,,,,,,,,,,,,,,,,,,,,,,,,,,,,,,,,,,,,,,,,,,,,,,,,,,,
Mumbai,Maharashtra,India,18.975,72.826,Asia/Kolkata,1789110023,11/9/2026 12:30,1789201800,12/9/2026 14:00,27.9,82.2,1,Cloudy,http://cdn.weatherapi.com/weather/64x64/day/119.png,1006,10.3,16.6,267,W,1008,29.77,0,0,0,75,63,31.1,88,27.9,82.2,31.3,88.4,23,73.5,0,14,0,0,10,6,17,27.4,8.2,24.4,75.8,119,2.8,64,6.6,12.6,27.6,1,2,881.87,223.38,719.87,790.34,,,,,,,,,,,,,,,,,,,,,,,,,,,,,,,,,,,,,,,,,,,,,,,,,,,,,,,,,,,,,,,,,,,,,,,,,,,,,,,,,,,,,,,,,,,,,
Mumbai,Maharashtra,India,18.975,72.826,Asia/Kolkata,1789110023,11/9/2026 12:30,1789205400,12/9/2026 15:00,28,82.3,1,Partly Cloudy,http://cdn.weatherapi.com/weather/64x64/day/116.png,1003,10.5,16.9,270,W,1008,29.77,0,0,0,74,37,31.2,88.2,28,82.3,31.4,88.6,23,73.4,0,10,0,0,10,6,21.7,34.9,5.2,24.4,75.9,117,3.3,59,6.3,12,27.1,1,2,840.16,211.15,635.01,758.07,,,,,,,,,,,,,,,,,,,,,,,,,,,,,,,,,,,,,,,,,,,,,,,,,,,,,,,,,,,,,,,,,,,,,,,,,,,,,,,,,,,,,,,,,,,,,
Mumbai,Maharashtra,India,18.975,72.826,Asia/Kolkata,1789110023,11/9/2026 12:30,1789209000,12/9/2026 16:00,28.1,82.5,1,Patchy rain nearby,http://cdn.weatherapi.com/weather/64x64/day/176.png,1063,11.4,18.4,274,W,1008,29.77,0,0,0,74,100,31.4,88.5,28.1,82.5,31.6,89,23.1,73.6,0,21,0,0,10,6,11.7,18.8,2.4,24.5,76,115,4.2,52,6.2,11.8,27.2,1,1,776.03,199.76,500.47,708.86,,,,,,,,,,,,,,,,,,,,,,,,,,,,,,,,,,,,,,,,,,,,,,,,,,,,,,,,,,,,,,,,,,,,,,,,,,,,,,,,,,,,,,,,,,,,,
Mumbai,Maharashtra,India,18.975,72.826,Asia/Kolkata,1789110023,11/9/2026 12:30,1789212600,12/9/2026 17:00,28.1,82.5,1,Patchy rain nearby,http://cdn.weatherapi.com/weather/64x64/day/176.png,1063,11,17.6,277,W,1009,29.79,0,0,0,74,100,31.5,88.7,28.1,82.5,31.7,89,23.1,73.6,0,22,0,0,10,6,11.3,18.1,0.7,24.5,76.1,115,5.2,45,6,11.7,27.4,1,1,694.34,186.49,340.24,645.04,,,,,,,,,,,,,,,,,,,,,,,,,,,,,,,,,,,,,,,,,,,,,,,,,,,,,,,,,,,,,,,,,,,,,,,,,,,,,,,,,,,,,,,,,,,,,
Mumbai,Maharashtra,India,18.975,72.826,Asia/Kolkata,1789110023,11/9/2026 12:30,1789216200,12/9/2026 18:00,28,82.3,1,Patchy rain nearby,http://cdn.weatherapi.com/weather/64x64/day/176.png,1063,10.5,16.9,275,W,1009,29.8,0,0,0,76,100,31.4,88.5,28,82.3,31.6,88.9,23.3,73.9,0,24,0,0,10,6,11.2,18,0,24.6,76.2,122,6.4,41,5.9,11.8,27.3,1,1,76.86,40.74,0.45,75.14,,,,,,,,,,,,,,,,,,,,,,,,,,,,,,,,,,,,,,,,,,,,,,,,,,,,,,,,,,,,,,,,,,,,,,,,,,,,,,,,,,,,,,,,,,,,,
Mumbai,Maharashtra,India,18.975,72.826,Asia/Kolkata,1789110023,11/9/2026 12:30,1789219800,12/9/2026 19:00,27.9,82.2,0,Patchy rain nearby,http://cdn.weatherapi.com/weather/64x64/night/176.png,1063,8.9,14.4,276,W,1010,29.81,0,0,0,76,100,31.3,88.3,27.9,82.2,31.5,88.8,23.3,74,0,25,0,0,10,6,9.6,15.5,0,24.6,76.2,132,7.7,37,5.7,12.5,28.3,1,2,0,0,0,0,,,,,,,,,,,,,,,,,,,,,,,,,,,,,,,,,,,,,,,,,,,,,,,,,,,,,,,,,,,,,,,,,,,,,,,,,,,,,,,,,,,,,,,,,,,,,
Mumbai,Maharashtra,India,18.975,72.826,Asia/Kolkata,1789110023,11/9/2026 12:30,1789223400,12/9/2026 20:00,27.9,82.1,0,Patchy rain nearby,http://cdn.weatherapi.com/weather/64x64/night/176.png,1063,8.5,13.7,276,W,1010,29.82,0,0,0,77,100,31.3,88.3,27.9,82.1,31.6,88.8,23.5,74.2,0,28,0,0,10,6,9.4,15.1,0,24.6,76.4,137,8.6,35,5.6,13.4,29.5,1,2,0,0,0,0,,,,,,,,,,,,,,,,,,,,,,,,,,,,,,,,,,,,,,,,,,,,,,,,,,,,,,,,,,,,,,,,,,,,,,,,,,,,,,,,,,,,,,,,,,,,,
Mumbai,Maharashtra,India,18.975,72.826,Asia/Kolkata,1789110023,11/9/2026 12:30,1789227000,12/9/2026 21:00,27.9,82.3,0,Patchy rain nearby,http://cdn.weatherapi.com/weather/64x64/night/176.png,1063,8.1,13,265,W,1010,29.83,0,0,0,78,100,31.6,88.9,27.9,82.3,31.8,89.3,23.7,74.6,0,25,0,0,10,6,8.7,14.1,0,24.8,76.7,134,8.9,34,5.4,14.7,30.9,1,2,0,0,0,0,,,,,,,,,,,,,,,,,,,,,,,,,,,,,,,,,,,,,,,,,,,,,,,,,,,,,,,,,,,,,,,,,,,,,,,,,,,,,,,,,,,,,,,,,,,,,
Mumbai,Maharashtra,India,18.975,72.826,Asia/Kolkata,1789110023,11/9/2026 12:30,1789230600,12/9/2026 22:00,27.9,82.3,0,Patchy rain nearby,http://cdn.weatherapi.com/weather/64x64/night/176.png,1063,9.2,14.8,265,W,1010,29.83,0,0,0,78,100,31.7,89.1,27.9,82.3,31.9,89.4,23.8,74.8,0,23,0,0,10,6,9.6,15.5,0,24.9,76.8,125,8.8,33,5.2,15.7,31.9,2,2,0,0,0,0,,,,,,,,,,,,,,,,,,,,,,,,,,,,,,,,,,,,,,,,,,,,,,,,,,,,,,,,,,,,,,,,,,,,,,,,,,,,,,,,,,,,,,,,,,,,,
Mumbai,Maharashtra,India,18.975,72.826,Asia/Kolkata,1789110023,11/9/2026 12:30,1789234200,12/9/2026 23:00,27.9,82.2,0,Patchy rain nearby,http://cdn.weatherapi.com/weather/64x64/night/176.png,1063,9.4,15.1,275,W,1010,29.83,0,0,0,78,100,31.5,88.7,27.9,82.2,31.8,89.2,23.7,74.6,0,26,0,0,10,6,9.4,15.1,0,24.8,76.7,116,8.5,33,5,14.7,31.1,1,2,0,0,0,0,,,,,,,,,,,,,,,,,,,,,,,,,,,,,,,,,,,,,,,,,,,,,,,,,,,,,,,,,,,,,,,,,,,,,,,,,,,,,,,,,,,,,,,,,,,,,
Mumbai,Maharashtra,India,18.975,72.826,Asia/Kolkata,1789110023,11/9/2026 12:30,1789237800,13-09-2026 00:00:00,27.4,81.3,0,Overcast,http://cdn.weatherapi.com/weather/64x64/night/122.png,1009,8.1,13,240,WSW,1010,29.83,0,0,0,76,100,30.1,86.2,27.4,81.3,30.5,86.9,22.7,72.9,0,21,0,0,10,6,8.1,13.1,0,24,75.2,105,8,33,4.9,13.6,29.6,1,2,0,0,0,0,,,,,,,,,,,,,,,,,,,,,,,,,,,,,,,,,,,,,,,,,,,,,,,,,,,,,,,,,,,,,,,,,,,,,,,,,,,,,,,,,,,,,,,,,,,,,
Mumbai,Maharashtra,India,18.975,72.826,Asia/Kolkata,1789110023,11/9/2026 12:30,1789241400,13-09-2026 01:00:00,27.2,81,0,Overcast,http://cdn.weatherapi.com/weather/64x64/night/122.png,1009,8.9,14.4,243,WSW,1009,29.81,0,0,0,77,100,29.9,85.8,27.2,81,30.3,86.5,22.8,73,0,21,0,0,10,6,9.3,14.9,0,24,75.2,94,7.3,33,4.8,12.5,28.1,1,2,0,0,0,0,,,,,,,,,,,,,,,,,,,,,,,,,,,,,,,,,,,,,,,,,,,,,,,,,,,,,,,,,,,,,,,,,,,,,,,,,,,,,,,,,,,,,,,,,,,,,
Mumbai,Maharashtra,India,18.975,72.826,Asia/Kolkata,1789110023,11/9/2026 12:30,1789245000,13-09-2026 02:00:00,27.1,80.8,0,Overcast,http://cdn.weatherapi.com/weather/64x64/night/122.png,1009,8.9,14.4,238,WSW,1009,29.8,0,0,0,77,100,29.7,85.5,27.1,80.8,30.1,86.2,22.7,72.9,0,21,0,0,10,6,9.2,14.8,0,23.9,75.1,86,6.7,33,4.8,12.1,27.6,1,2,0,0,0,0,,,,,,,,,,,,,,,,,,,,,,,,,,,,,,,,,,,,,,,,,,,,,,,,,,,,,,,,,,,,,,,,,,,,,,,,,,,,,,,,,,,,,,,,,,,,,
Mumbai,Maharashtra,India,18.975,72.826,Asia/Kolkata,1789110023,11/9/2026 12:30,1789248600,13-09-2026 03:00:00,27.1,80.7,0,Patchy rain nearby,http://cdn.weatherapi.com/weather/64x64/night/176.png,1063,8.7,14,245,WSW,1009,29.78,0,0,0,77,100,29.6,85.3,27.1,80.7,30.1,86.1,22.7,72.9,0,22,0,0,10,6,9,14.4,0,23.9,75.1,84,6.4,33,5,11.4,26.2,1,1,0,0,0,0,,,,,,,,,,,,,,,,,,,,,,,,,,,,,,,,,,,,,,,,,,,,,,,,,,,,,,,,,,,,,,,,,,,,,,,,,,,,,,,,,,,,,,,,,,,,,
Mumbai,Maharashtra,India,18.975,72.826,Asia/Kolkata,1789110023,11/9/2026 12:30,1789252200,13-09-2026 04:00:00,27.1,80.8,0,Overcast,http://cdn.weatherapi.com/weather/64x64/night/122.png,1009,8.1,13,245,WSW,1009,29.79,0,0,0,77,100,29.6,85.3,27.1,80.7,30.1,86.1,22.7,72.8,0,22,0,0,10,6,8.1,13,0,23.9,75,85,6.3,32,5.3,11,25.4,1,1,0,0,0,0,,,,,,,,,,,,,,,,,,,,,,,,,,,,,,,,,,,,,,,,,,,,,,,,,,,,,,,,,,,,,,,,,,,,,,,,,,,,,,,,,,,,,,,,,,,,,
Mumbai,Maharashtra,India,18.975,72.826,Asia/Kolkata,1789110023,11/9/2026 12:30,1789255800,13-09-2026 05:00:00,27.1,80.8,0,Patchy rain nearby,http://cdn.weatherapi.com/weather/64x64/night/176.png,1063,8.5,13.7,245,WSW,1009,29.8,0,0,0,77,96,29.7,85.5,27.1,80.8,30.1,86.3,22.7,72.9,0,22,0,0,10,6,8.8,14.1,0,24,75.1,89,6.2,32,5.6,10.6,24.2,1,1,0,0,0,0,,,,,,,,,,,,,,,,,,,,,,,,,,,,,,,,,,,,,,,,,,,,,,,,,,,,,,,,,,,,,,,,,,,,,,,,,,,,,,,,,,,,,,,,,,,,,
Mumbai,Maharashtra,India,18.975,72.826,Asia/Kolkata,1789110023,11/9/2026 12:30,1789259400,13-09-2026 06:00:00,27.1,80.7,1,Patchy rain nearby,http://cdn.weatherapi.com/weather/64x64/day/176.png,1063,8.1,13,239,WSW,1010,29.81,0,0,0,77,100,29.6,85.3,27.1,80.7,30.1,86.1,22.7,72.9,0,23,0,0,10,6,8.3,13.4,0,23.9,75.1,99,6.3,33,6,10.5,24.2,1,1,0,0,0,0,,,,,,,,,,,,,,,,,,,,,,,,,,,,,,,,,,,,,,,,,,,,,,,,,,,,,,,,,,,,,,,,,,,,,,,,,,,,,,,,,,,,,,,,,,,,,
Mumbai,Maharashtra,India,18.975,72.826,Asia/Kolkata,1789110023,11/9/2026 12:30,1789263000,13-09-2026 07:00:00,27.1,80.9,1,Patchy rain nearby,http://cdn.weatherapi.com/weather/64x64/day/176.png,1063,8.5,13.7,239,WSW,1010,29.83,0,0,0,77,100,29.8,85.6,27.2,80.9,30.2,86.4,22.8,73.1,0,29,0,0,10,6,9,14.5,0.3,24,75.2,111,6.5,34,6.5,10,22.8,1,1,22.12,11.66,0.04,21.64,,,,,,,,,,,,,,,,,,,,,,,,,,,,,,,,,,,,,,,,,,,,,,,,,,,,,,,,,,,,,,,,,,,,,,,,,,,,,,,,,,,,,,,,,,,,,
Mumbai,Maharashtra,India,18.975,72.826,Asia/Kolkata,1789110023,11/9/2026 12:30,1789266600,13-09-2026 08:00:00,27.3,81.1,1,Patchy rain nearby,http://cdn.weatherapi.com/weather/64x64/day/176.png,1063,8.3,13.3,241,WSW,1011,29.85,0,0,0,77,100,30,86,27.3,81.1,30.4,86.8,22.9,73.2,0,26,0,0,10,6,8.6,13.8,1.1,24.1,75.4,118,6.4,36,6.9,10.1,22.1,1,1,56.36,31.65,0.24,55.11,,,,,,,,,,,,,,,,,,,,,,,,,,,,,,,,,,,,,,,,,,,,,,,,,,,,,,,,,,,,,,,,,,,,,,,,,,,,,,,,,,,,,,,,,,,,,
Mumbai,Maharashtra,India,18.975,72.826,Asia/Kolkata,1789110023,11/9/2026 12:30,1789270200,13-09-2026 09:00:00,27.4,81.3,1,Patchy rain nearby,http://cdn.weatherapi.com/weather/64x64/day/176.png,1063,8.7,14,256,WSW,1011,29.85,0,0,0,78,100,30.4,86.7,27.4,81.3,30.8,87.4,23.1,73.6,0,27,0,0,10,6,17.7,28.4,3,24.3,75.8,114,5.8,39,7.2,10,21.2,1,1,113.38,63.3,0.99,110.82,,,,,,,,,,,,,,,,,,,,,,,,,,,,,,,,,,,,,,,,,,,,,,,,,,,,,,,,,,,,,,,,,,,,,,,,,,,,,,,,,,,,,,,,,,,,,
Mumbai,Maharashtra,India,18.975,72.826,Asia/Kolkata,1789110023,11/9/2026 12:30,1789273800,13-09-2026 10:00:00,27.5,81.6,1,Light rain shower,http://cdn.weatherapi.com/weather/64x64/day/353.png,1240,9.4,15.1,254,WSW,1011,29.86,0,0,0,77,96,30.6,87.1,27.5,81.6,31,87.7,23.2,73.8,0,32,0,0,10,6,9.4,15.1,6.1,24.4,75.9,105,5,42,7.4,10.2,20.9,1,1,207.5,105.1,3.32,202.66,,,,,,,,,,,,,,,,,,,,,,,,,,,,,,,,,,,,,,,,,,,,,,,,,,,,,,,,,,,,,,,,,,,,,,,,,,,,,,,,,,,,,,,,,,,,,
Mumbai,Maharashtra,India,18.975,72.826,Asia/Kolkata,1789110023,11/9/2026 12:30,1789277400,13-09-2026 11:00:00,27.7,81.9,1,Patchy rain nearby,http://cdn.weatherapi.com/weather/64x64/day/176.png,1063,10.3,16.6,260,W,1011,29.86,0,0,0,77,100,31,87.8,27.7,81.9,31.3,88.3,23.3,74,0,26,0,0,10,6,10.8,17.4,9.1,24.5,76.2,98,4.5,44,7.6,10.1,21,1,1,307.68,125,8.29,300.16,,,,,,,,,,,,,,,,,,,,,,,,,,,,,,,,,,,,,,,,,,,,,,,,,,,,,,,,,,,,,,,,,,,,,,,,,,,,,,,,,,,,,,,,,,,,,
Mumbai,Maharashtra,India,18.975,72.826,Asia/Kolkata,1789110023,11/9/2026 12:30,1789281000,13-09-2026 12:00:00,27.8,82,1,Patchy rain nearby,http://cdn.weatherapi.com/weather/64x64/day/176.png,1063,11.2,18,267,W,1011,29.85,0,0,0,77,100,31.2,88.2,27.8,82,31.4,88.6,23.4,74.1,0,32,0,0,10,6,11.9,19.1,10,24.6,76.2,97,4.7,46,7.7,10.5,21.7,1,1,830.62,312.55,615.05,750.74,,,,,,,,,,,,,,,,,,,,,,,,,,,,,,,,,,,,,,,,,,,,,,,,,,,,,,,,,,,,,,,,,,,,,,,,,,,,,,,,,,,,,,,,,,,,,
Mumbai,Maharashtra,India,18.975,72.826,Asia/Kolkata,1789110023,11/9/2026 12:30,1789284600,13-09-2026 13:00:00,27.9,82.3,1,Light rain shower,http://cdn.weatherapi.com/weather/64x64/day/353.png,1240,13,20.9,274,W,1010,29.82,1,0,0,76,100,31.4,88.5,27.9,82.3,31.6,88.9,23.4,74.1,0,65,0,0,10,6,13.4,21.6,9.7,24.6,76.3,100,5.3,47,7.8,10.7,22.6,1,1,836.56,315.26,627.49,755.3,,,,,,,,,,,,,,,,,,,,,,,,,,,,,,,,,,,,,,,,,,,,,,,,,,,,,,,,,,,,,,,,,,,,,,,,,,,,,,,,,,,,,,,,,,,,,
Mumbai,Maharashtra,India,18.975,72.826,Asia/Kolkata,1789110023,11/9/2026 12:30,1789288200,13-09-2026 14:00:00,28,82.4,1,Light rain shower,http://cdn.weatherapi.com/weather/64x64/day/353.png,1240,13,20.9,275,W,1009,29.8,0,0,0,76,100,31.5,88.7,28,82.4,31.7,89.1,23.3,74,0,44,0,0,10,6,13.5,21.7,7.5,24.6,76.3,103,5.8,47,7.8,11.8,24.3,1,1,824.03,302.24,601.2,745.69,,,,,,,,,,,,,,,,,,,,,,,,,,,,,,,,,,,,,,,,,,,,,,,,,,,,,,,,,,,,,,,,,,,,,,,,,,,,,,,,,,,,,,,,,,,,,
Mumbai,Maharashtra,India,18.975,72.826,Asia/Kolkata,1789110023,11/9/2026 12:30,1789291800,13-09-2026 15:00:00,28,82.4,1,Light rain shower,http://cdn.weatherapi.com/weather/64x64/day/353.png,1240,13.2,21.2,292,WNW,1009,29.79,0,0,0,75,92,31.4,88.5,28,82.4,31.7,89,23.2,73.8,0,37,0,0,10,6,13.5,21.7,4.8,24.5,76.2,108,6.2,47,7.8,12.2,25.7,1,2,787.04,284.23,523.4,717.32,,,,,,,,,,,,,,,,,,,,,,,,,,,,,,,,,,,,,,,,,,,,,,,,,,,,,,,,,,,,,,,,,,,,,,,,,,,,,,,,,,,,,,,,,,,,,
Mumbai,Maharashtra,India,18.975,72.826,Asia/Kolkata,1789110023,11/9/2026 12:30,1789295400,13-09-2026 16:00:00,27.4,81.2,1,Light rain shower,http://cdn.weatherapi.com/weather/64x64/day/353.png,1240,15.7,25.2,323,NW,1009,29.8,0,0,0,78,80,30.3,86.5,27.4,81.2,30.8,87.4,23.2,73.8,0,37,0,0,10,6,26.8,43.2,2.2,24.4,75.9,113,6.5,46,7.8,12.5,26.5,1,2,728.14,262.63,403.87,671.72,,,,,,,,,,,,,,,,,,,,,,,,,,,,,,,,,,,,,,,,,,,,,,,,,,,,,,,,,,,,,,,,,,,,,,,,,,,,,,,,,,,,,,,,,,,,,
Mumbai,Maharashtra,India,18.975,72.826,Asia/Kolkata,1789110023,11/9/2026 12:30,1789299000,13-09-2026 17:00:00,26.8,80.3,1,Overcast,http://cdn.weatherapi.com/weather/64x64/day/122.png,1009,14.1,22.7,340,NNW,1010,29.82,0,0,0,81,98,29.3,84.7,26.8,80.3,30.1,86.1,23.3,74,0,24,0,0,10,6,25.3,40.7,0.6,24.3,75.7,117,7,45,7.9,12.6,26.6,1,2,655.31,237.12,272.99,613.63,,,,,,,,,,,,,,,,,,,,,,,,,,,,,,,,,,,,,,,,,,,,,,,,,,,,,,,,,,,,,,,,,,,,,,,,,,,,,,,,,,,,,,,,,,,,,
Mumbai,Maharashtra,India,18.975,72.826,Asia/Kolkata,1789110023,11/9/2026 12:30,1789302600,13-09-2026 18:00:00,26.5,79.7,1,Patchy rain nearby,http://cdn.weatherapi.com/weather/64x64/day/176.png,1063,11.9,19.1,343,NNW,1010,29.84,0,0,0,80,82,28.5,83.3,26.5,79.7,29.3,84.8,22.7,72.9,0,26,0,0,10,6,23,37.1,0,23.8,74.8,117,7.8,43,8.1,13.2,28.1,1,2,76.66,40.73,0.45,74.95,,,,,,,,,,,,,,,,,,,,,,,,,,,,,,,,,,,,,,,,,,,,,,,,,,,,,,,,,,,,,,,,,,,,,,,,,,,,,,,,,,,,,,,,,,,,,
Mumbai,Maharashtra,India,18.975,72.826,Asia/Kolkata,1789110023,11/9/2026 12:30,1789306200,13-09-2026 19:00:00,26.6,79.8,0,Overcast,http://cdn.weatherapi.com/weather/64x64/night/122.png,1009,9.8,15.8,340,NNW,1011,29.85,0,0,0,76,88,28.5,83.3,26.6,79.8,29.1,84.4,22,71.7,0,19,0,0,10,6,9.8,15.8,0,23.3,74,114,8.8,41,8.3,14.1,29.8,1,2,0,0,0,0,,,,,,,,,,,,,,,,,,,,,,,,,,,,,,,,,,,,,,,,,,,,,,,,,,,,,,,,,,,,,,,,,,,,,,,,,,,,,,,,,,,,,,,,,,,,,
Mumbai,Maharashtra,India,18.975,72.826,Asia/Kolkata,1789110023,11/9/2026 12:30,1789309800,13-09-2026 20:00:00,26.6,79.8,0,Overcast,http://cdn.weatherapi.com/weather/64x64/night/122.png,1009,6.5,10.4,332,NNW,1011,29.87,0,0,0,74,95,28.5,83.3,26.6,79.8,28.9,84,21.5,70.6,0,19,0,0,10,6,7,11.3,0,22.9,73.3,111,9.2,39,8.3,14.2,30.2,1,2,0,0,0,0,,,,,,,,,,,,,,,,,,,,,,,,,,,,,,,,,,,,,,,,,,,,,,,,,,,,,,,,,,,,,,,,,,,,,,,,,,,,,,,,,,,,,,,,,,,,,
Mumbai,Maharashtra,India,18.975,72.826,Asia/Kolkata,1789110023,11/9/2026 12:30,1789313400,13-09-2026 21:00:00,26.7,80.1,0,Overcast,http://cdn.weatherapi.com/weather/64x64/night/122.png,1009,4.5,7.2,322,NW,1012,29.88,0,0,0,72,94,28.7,83.7,26.7,80.1,29,84.2,21.3,70.4,0,18,0,0,10,6,5.2,8.3,0,22.9,73.2,108,8.7,39,7.9,14.9,32.8,1,2,0,0,0,0,,,,,,,,,,,,,,,,,,,,,,,,,,,,,,,,,,,,,,,,,,,,,,,,,,,,,,,,,,,,,,,,,,,,,,,,,,,,,,,,,,,,,,,,,,,,,
Mumbai,Maharashtra,India,18.975,72.826,Asia/Kolkata,1789110023,11/9/2026 12:30,1789317000,13-09-2026 22:00:00,26.6,79.9,0,Overcast,http://cdn.weatherapi.com/weather/64x64/night/122.png,1009,2.2,3.6,269,W,1012,29.88,0,0,0,72,100,28.7,83.7,26.6,79.9,28.8,83.9,21.2,70.1,0,19,0,0,10,6,3,4.8,0,22.8,73,106,7.7,39,7.2,13.9,31,1,2,0,0,0,0,,,,,,,,,,,,,,,,,,,,,,,,,,,,,,,,,,,,,,,,,,,,,,,,,,,,,,,,,,,,,,,,,,,,,,,,,,,,,,,,,,,,,,,,,,,,,
Mumbai,Maharashtra,India,18.975,72.826,Asia/Kolkata,1789110023,11/9/2026 12:30,1789320600,13-09-2026 23:00:00,26.6,79.9,0,Overcast,http://cdn.weatherapi.com/weather/64x64/night/122.png,1009,3.4,5.4,229,SW,1011,29.87,0,0,0,74,100,28.8,83.8,26.6,79.9,29,84.1,21.6,70.8,0,20,0,0,10,6,4,6.5,0,23,73.4,102,6.8,40,6.6,12.7,28.8,1,2,0,0,0,0,,,,,,,,,,,,,,,,,,,,,,,,,,,,,,,,,,,,,,,,,,,,,,,,,,,,,,,,,,,,,,,,,,,,,,,,,,,,,,,,,,,,,,,,,,,,,
Mumbai,Maharashtra,India,18.975,72.826,Asia/Kolkata,1789110023,11/9/2026 12:30,1789324200,14-09-2026 00:00:00,26.6,79.9,0,Overcast,http://cdn.weatherapi.com/weather/64x64/night/122.png,1009,4.9,7.9,196,SSW,1011,29.85,0,0,0,77,95,28.9,84,26.6,79.9,29.2,84.5,22.1,71.9,0,20,0,0,10,6,5,8,0,23.4,74.1,96,6.1,40,6,12,28.3,1,2,0,0,0,0,,,,,,,,,,,,,,,,,,,,,,,,,,,,,,,,,,,,,,,,,,,,,,,,,,,,,,,,,,,,,,,,,,,,,,,,,,,,,,,,,,,,,,,,,,,,,
Mumbai,Maharashtra,India,18.975,72.826,Asia/Kolkata,1789110023,11/9/2026 12:30,1789327800,14-09-2026 01:00:00,26.4,79.5,0,Patchy rain nearby,http://cdn.weatherapi.com/weather/64x64/night/176.png,1063,6.3,10.1,183,S,1010,29.83,0,0,0,79,100,28.7,83.7,26.4,79.5,29.1,84.4,22.5,72.5,0,25,0,0,10,6,6.3,10.2,0,23.6,74.5,90,5.4,41,5.5,11.8,29,1,1,0,0,0,0,,,,,,,,,,,,,,,,,,,,,,,,,,,,,,,,,,,,,,,,,,,,,,,,,,,,,,,,,,,,,,,,,,,,,,,,,,,,,,,,,,,,,,,,,,,,,
Mumbai,Maharashtra,India,18.975,72.826,Asia/Kolkata,1789110023,11/9/2026 12:30,1789331400,14-09-2026 02:00:00,26.4,79.6,0,Light rain shower,http://cdn.weatherapi.com/weather/64x64/night/353.png,1240,6.9,11.2,189,S,1010,29.82,0,0,0,80,100,28.8,83.8,26.5,79.6,29.3,84.7,22.7,72.8,0,41,0,0,10,6,7.2,11.5,0,23.7,74.7,86,4.9,41,5.1,11.4,28.3,1,1,0,0,0,0,,,,,,,,,,,,,,,,,,,,,,,,,,,,,,,,,,,,,,,,,,,,,,,,,,,,,,,,,,,,,,,,,,,,,,,,,,,,,,,,,,,,,,,,,,,,,
Mumbai,Maharashtra,India,18.975,72.826,Asia/Kolkata,1789110023,11/9/2026 12:30,1789335000,14-09-2026 03:00:00,26.3,79.3,0,Light rain shower,http://cdn.weatherapi.com/weather/64x64/night/353.png,1240,7.4,11.9,195,SSW,1010,29.81,1,0,0,81,94,28.6,83.5,26.3,79.3,29.1,84.3,22.7,72.9,0,65,0,0,10,6,7.9,12.6,0,23.7,74.7,85,4.6,41,4.8,11.6,29.7,1,1,0,0,0,0,,,,,,,,,,,,,,,,,,,,,,,,,,,,,,,,,,,,,,,,,,,,,,,,,,,,,,,,,,,,,,,,,,,,,,,,,,,,,,,,,,,,,,,,,,,,,
Mumbai,Maharashtra,India,18.975,72.826,Asia/Kolkata,1789110023,11/9/2026 12:30,1789338600,14-09-2026 04:00:00,26.4,79.6,0,Light rain shower,http://cdn.weatherapi.com/weather/64x64/night/353.png,1240,7.2,11.5,206,SSW,1010,29.82,1,0,0,80,100,28.8,83.8,26.5,79.6,29.3,84.7,22.7,72.9,0,60,0,0,10,6,7.8,12.6,0,23.8,74.8,85,4.5,41,4.7,11.2,29.2,1,1,0,0,0,0,,,,,,,,,,,,,,,,,,,,,,,,,,,,,,,,,,,,,,,,,,,,,,,,,,,,,,,,,,,,,,,,,,,,,,,,,,,,,,,,,,,,,,,,,,,,,
Mumbai,Maharashtra,India,18.975,72.826,Asia/Kolkata,1789110023,11/9/2026 12:30,1789342200,14-09-2026 05:00:00,26.7,80,0,Light rain shower,http://cdn.weatherapi.com/weather/64x64/night/353.png,1240,7.2,11.5,204,SSW,1010,29.83,1,0,0,79,82,29,84.2,26.7,80,29.5,85.1,22.6,72.7,0,55,0,0,10,6,8.1,13,0,23.8,74.8,90,4.5,41,4.8,11.2,28.3,1,1,0,0,0,0,,,,,,,,,,,,,,,,,,,,,,,,,,,,,,,,,,,,,,,,,,,,,,,,,,,,,,,,,,,,,,,,,,,,,,,,,,,,,,,,,,,,,,,,,,,,,
Mumbai,Maharashtra,India,18.975,72.826,Asia/Kolkata,1789110023,11/9/2026 12:30,1789345800,14-09-2026 06:00:00,26.8,80.3,1,Light rain shower,http://cdn.weatherapi.com/weather/64x64/day/353.png,1240,7.8,12.6,210,SSW,1011,29.84,0,0,0,77,50,29.2,84.6,26.9,80.3,29.7,85.4,22.5,72.5,0,36,0,0,10,6,8.5,13.8,0,23.7,74.7,102,4.9,41,5.2,11.3,27.6,1,1,0,0,0,0,,,,,,,,,,,,,,,,,,,,,,,,,,,,,,,,,,,,,,,,,,,,,,,,,,,,,,,,,,,,,,,,,,,,,,,,,,,,,,,,,,,,,,,,,,,,,
Mumbai,Maharashtra,India,18.975,72.826,Asia/Kolkata,1789110023,11/9/2026 12:30,1789349400,14-09-2026 07:00:00,26.9,80.4,1,Patchy rain nearby,http://cdn.weatherapi.com/weather/64x64/day/176.png,1063,8.1,13,221,SW,1011,29.86,1,0,0,78,77,29.3,84.7,26.9,80.4,29.8,85.6,22.6,72.7,0,53,0,0,9,5,9,14.5,0.4,23.8,74.9,118,5.5,41,5.8,11.5,27.2,1,1,27.08,14.51,0.06,26.49,,,,,,,,,,,,,,,,,,,,,,,,,,,,,,,,,,,,,,,,,,,,,,,,,,,,,,,,,,,,,,,,,,,,,,,,,,,,,,,,,,,,,,,,,,,,,
Mumbai,Maharashtra,India,18.975,72.826,Asia/Kolkata,1789110023,11/9/2026 12:30,1789353000,14-09-2026 08:00:00,27,80.5,1,Patchy rain nearby,http://cdn.weatherapi.com/weather/64x64/day/176.png,1063,7.8,12.6,228,SW,1012,29.89,1,0,0,77,85,29.4,84.9,27,80.5,29.9,85.7,22.6,72.7,0,61,0,0,9,5,8.9,14.4,1.6,23.8,74.9,129,5.7,42,6.3,11.5,27.1,1,1,86.14,40.96,0.57,84.21,,,,,,,,,,,,,,,,,,,,,,,,,,,,,,,,,,,,,,,,,,,,,,,,,,,,,,,,,,,,,,,,,,,,,,,,,,,,,,,,,,,,,,,,,,,,,
Mumbai,Maharashtra,India,18.975,72.826,Asia/Kolkata,1789110023,11/9/2026 12:30,1789356600,14-09-2026 09:00:00,27,80.7,1,Light rain shower,http://cdn.weatherapi.com/weather/64x64/day/353.png,1240,8.3,13.3,240,WSW,1013,29.9,1,0,0,77,56,29.6,85.3,27,80.7,30.1,86.1,22.7,72.9,0,57,0,0,10,6,9.4,15.2,3.8,23.9,75.1,131,5.2,44,6.5,11.4,26.5,1,1,154.64,72.81,1.84,151.09,,,,,,,,,,,,,,,,,,,,,,,,,,,,,,,,,,,,,,,,,,,,,,,,,,,,,,,,,,,,,,,,,,,,,,,,,,,,,,,,,,,,,,,,,,,,,
Mumbai,Maharashtra,India,18.975,72.826,Asia/Kolkata,1789110023,11/9/2026 12:30,1789360200,14-09-2026 10:00:00,27.2,80.9,1,Light rain shower,http://cdn.weatherapi.com/weather/64x64/day/353.png,1240,9.4,15.1,248,WSW,1013,29.9,1,0,0,77,100,29.8,85.6,27.2,80.9,30.2,86.4,22.7,72.9,0,52,0,0,10,6,10.3,16.6,6.7,23.9,75.1,127,4.4,46,6.7,11.1,24.9,1,1,257.3,93.96,5.1,251.19,,,,,,,,,,,,,,,,,,,,,,,,,,,,,,,,,,,,,,,,,,,,,,,,,,,,,,,,,,,,,,,,,,,,,,,,,,,,,,,,,,,,,,,,,,,,,
Mumbai,Maharashtra,India,18.975,72.826,Asia/Kolkata,1789110023,11/9/2026 12:30,1789363800,14-09-2026 11:00:00,26.9,80.4,1,Light rain shower,http://cdn.weatherapi.com/weather/64x64/day/353.png,1240,10.1,16.2,257,WSW,1011,29.86,1,0,0,80,100,29.5,85.1,26.9,80.4,30.1,86.1,23.2,73.7,0,67,0,0,10,6,11.9,19.1,8.8,24.2,75.5,125,3.8,48,6.8,10.9,24.2,1,1,310.08,126.08,8.54,302.48,,,,,,,,,,,,,,,,,,,,,,,,,,,,,,,,,,,,,,,,,,,,,,,,,,,,,,,,,,,,,,,,,,,,,,,,,,,,,,,,,,,,,,,,,,,,,
Mumbai,Maharashtra,India,18.975,72.826,Asia/Kolkata,1789110023,11/9/2026 12:30,1789367400,14-09-2026 12:00:00,27.2,81,1,Light rain shower,http://cdn.weatherapi.com/weather/64x64/day/353.png,1240,11,17.6,264,W,1010,29.84,1,0,0,78,74,30,86,27.2,81,30.5,86.9,23.1,73.7,0,60,0,0,10,6,12.1,19.5,7.9,24.3,75.7,126,3.7,50,7.1,11,24,1,1,493.1,286.62,79.28,474.41,,,,,,,,,,,,,,,,,,,,,,,,,,,,,,,,,,,,,,,,,,,,,,,,,,,,,,,,,,,,,,,,,,,,,,,,,,,,,,,,,,,,,,,,,,,,,
Mumbai,Maharashtra,India,18.975,72.826,Asia/Kolkata,1789110023,11/9/2026 12:30,1789371000,14-09-2026 13:00:00,27.4,81.4,1,Light rain shower,http://cdn.weatherapi.com/weather/64x64/day/353.png,1240,12.5,20.2,266,W,1009,29.81,1,0,0,78,77,30.4,86.7,27.4,81.4,30.8,87.5,23.2,73.8,0,58,0,0,10,6,13.9,22.4,7.9,24.4,75.8,127,3.9,51,7.4,12,25.3,1,2,518.54,296.62,100.3,497.19,,,,,,,,,,,,,,,,,,,,,,,,,,,,,,,,,,,,,,,,,,,,,,,,,,,,,,,,,,,,,,,,,,,,,,,,,,,,,,,,,,,,,,,,,,,,,
Mumbai,Maharashtra,India,18.975,72.826,Asia/Kolkata,1789110023,11/9/2026 12:30,1789374600,14-09-2026 14:00:00,27,80.7,1,Light rain shower,http://cdn.weatherapi.com/weather/64x64/day/353.png,1240,12.1,19.4,269,W,1009,29.8,0,0,0,79,100,29.7,85.5,27,80.7,30.2,86.4,23.1,73.5,0,52,0,0,10,6,14.1,22.8,6.1,24.1,75.5,129,4.1,51,7.4,12.4,25.7,1,2,551.06,285.51,132.13,525.8,,,,,,,,,,,,,,,,,,,,,,,,,,,,,,,,,,,,,,,,,,,,,,,,,,,,,,,,,,,,,,,,,,,,,,,,,,,,,,,,,,,,,,,,,,,,,
Mumbai,Maharashtra,India,18.975,72.826,Asia/Kolkata,1789110023,11/9/2026 12:30,1789378200,14-09-2026 15:00:00,27.5,81.6,1,Light rain shower,http://cdn.weatherapi.com/weather/64x64/day/353.png,1240,15,24.1,280,W,1009,29.79,1,0,0,77,92,30.6,87.1,27.5,81.6,31,87.7,23.2,73.7,0,61,0,0,10,6,16.6,26.7,4.6,24.4,75.8,133,4.3,50,7,12,25.8,1,2,539.2,269.19,119.87,515.43,,,,,,,,,,,,,,,,,,,,,,,,,,,,,,,,,,,,,,,,,,,,,,,,,,,,,,,,,,,,,,,,,,,,,,,,,,,,,,,,,,,,,,,,,,,,,
Mumbai,Maharashtra,India,18.975,72.826,Asia/Kolkata,1789110023,11/9/2026 12:30,1789381800,14-09-2026 16:00:00,27.8,82.1,1,Patchy rain nearby,http://cdn.weatherapi.com/weather/64x64/day/176.png,1063,14.3,23,282,WNW,1009,29.79,0,0,0,74,89,30.9,87.6,27.8,82.1,31.1,88,22.8,73.1,0,21,0,0,10,6,15.4,24.8,2.1,24.2,75.6,138,4.7,47,6.4,11.7,24.3,1,1,503.49,247.96,87.46,483.75,,,,,,,,,,,,,,,,,,,,,,,,,,,,,,,,,,,,,,,,,,,,,,,,,,,,,,,,,,,,,,,,,,,,,,,,,,,,,,,,,,,,,,,,,,,,,
Mumbai,Maharashtra,India,18.975,72.826,Asia/Kolkata,1789110023,11/9/2026 12:30,1789385400,14-09-2026 17:00:00,27.6,81.8,1,Light rain shower,http://cdn.weatherapi.com/weather/64x64/day/353.png,1240,13,20.9,283,WNW,1009,29.8,1,0,0,73,100,30.4,86.7,27.6,81.8,30.7,87.2,22.4,72.3,0,53,0,0,10,6,14.2,22.8,0.7,23.9,75,139,5,45,5.9,11.6,24.3,1,1,467.94,224.06,61.65,451.57,,,,,,,,,,,,,,,,,,,,,,,,,,,,,,,,,,,,,,,,,,,,,,,,,,,,,,,,,,,,,,,,,,,,,,,,,,,,,,,,,,,,,,,,,,,,,
Mumbai,Maharashtra,India,18.975,72.826,Asia/Kolkata,1789110023,11/9/2026 12:30,1789389000,14-09-2026 18:00:00,28,82.4,1,Patchy rain nearby,http://cdn.weatherapi.com/weather/64x64/day/176.png,1063,11.9,19.1,288,WNW,1010,29.81,0,0,0,73,98,31,87.8,28,82.4,31.2,88.2,22.7,72.8,0,22,0,0,10,6,12.6,20.3,0,24.1,75.5,132,5.4,44,5.8,11.9,25.3,1,1,80.24,40.34,0.5,78.45,,,,,,,,,,,,,,,,,,,,,,,,,,,,,,,,,,,,,,,,,,,,,,,,,,,,,,,,,,,,,,,,,,,,,,,,,,,,,,,,,,,,,,,,,,,,,
Mumbai,Maharashtra,India,18.975,72.826,Asia/Kolkata,1789110023,11/9/2026 12:30,1789392600,14-09-2026 19:00:00,28,82.4,0,Patchy rain nearby,http://cdn.weatherapi.com/weather/64x64/night/176.png,1063,11,17.6,286,WNW,1010,29.83,0,0,0,73,100,31.2,88.2,28,82.4,31.4,88.5,22.8,73,0,26,0,0,10,6,11.4,18.4,0,24.2,75.6,122,5.8,43,5.8,12,25.4,1,2,0,0,0,0,,,,,,,,,,,,,,,,,,,,,,,,,,,,,,,,,,,,,,,,,,,,,,,,,,,,,,,,,,,,,,,,,,,,,,,,,,,,,,,,,,,,,,,,,,,,,
Mumbai,Maharashtra,India,18.975,72.826,Asia/Kolkata,1789110023,11/9/2026 12:30,1789396200,14-09-2026 20:00:00,27.6,81.7,0,Patchy rain nearby,http://cdn.weatherapi.com/weather/64x64/night/176.png,1063,11.2,18,290,WNW,1010,29.83,0,0,0,74,88,30.4,86.7,27.6,81.7,30.7,87.3,22.6,72.6,0,19,0,0,10,6,11.9,19.1,0,24,75.1,113,6.1,42,5.9,11.8,24.8,1,1,0,0,0,0,,,,,,,,,,,,,,,,,,,,,,,,,,,,,,,,,,,,,,,,,,,,,,,,,,,,,,,,,,,,,,,,,,,,,,,,,,,,,,,,,,,,,,,,,,,,,
Mumbai,Maharashtra,India,18.975,72.826,Asia/Kolkata,1789110023,11/9/2026 12:30,1789399800,14-09-2026 21:00:00,26.6,79.9,0,Patchy rain nearby,http://cdn.weatherapi.com/weather/64x64/night/176.png,1063,6.9,11.2,267,W,1012,29.88,1,0,0,78,85,28.8,83.8,26.6,79.9,29.3,84.7,22.3,72.2,0,52,0,0,9,5,7.4,11.9,0,23.5,74.4,108,6.1,41,5.9,12,24.9,1,2,0,0,0,0,,,,,,,,,,,,,,,,,,,,,,,,,,,,,,,,,,,,,,,,,,,,,,,,,,,,,,,,,,,,,,,,,,,,,,,,,,,,,,,,,,,,,,,,,,,,,
Mumbai,Maharashtra,India,18.975,72.826,Asia/Kolkata,1789110023,11/9/2026 12:30,1789403400,14-09-2026 22:00:00,26.6,79.9,0,Patchy rain nearby,http://cdn.weatherapi.com/weather/64x64/night/176.png,1063,7.6,12.2,269,W,1012,29.88,1,0,0,78,73,28.8,83.8,26.6,79.9,29.4,84.8,22.5,72.5,0,47,0,0,9,5,8.1,13,0,23.6,74.6,105,6,41,6,12.2,25.2,1,2,0,0,0,0,,,,,,,,,,,,,,,,,,,,,,,,,,,,,,,,,,,,,,,,,,,,,,,,,,,,,,,,,,,,,,,,,,,,,,,,,,,,,,,,,,,,,,,,,,,,,
Mumbai,Maharashtra,India,18.975,72.826,Asia/Kolkata,1789110023,11/9/2026 12:30,1789407000,14-09-2026 23:00:00,26.5,79.7,0,Patchy rain nearby,http://cdn.weatherapi.com/weather/64x64/night/176.png,1063,7.6,12.2,275,W,1011,29.87,0,0,0,79,77,28.7,83.7,26.5,79.7,29.2,84.6,22.5,72.5,0,36,0,0,9,5,7.9,12.6,0,23.6,74.5,103,5.8,40,5.9,12.2,25.4,1,2,0,0,0,0,,,,,,,,,,,,,,,,,,,,,,,,,,,,,,,,,,,,,,,,,,,,,,,,,,,,,,,,,,,,,,,,,,,,,,,,,,,,,,,,,,,,,,,,,,,,,
Mumbai,Maharashtra,India,18.975,72.826,Asia/Kolkata,1789110023,11/9/2026 12:30,1789410600,15-09-2026 00:00:00,26.6,79.9,0,Patchy rain nearby,http://cdn.weatherapi.com/weather/64x64/night/176.png,1063,7.2,11.5,270,W,1011,29.85,0,0,0,78,79,28.9,84,26.6,79.9,29.4,84.9,22.5,72.5,0,28,0,0,10,6,7.4,11.9,0,23.6,74.6,103,5.3,40,5.6,11.8,25.1,1,1,0,0,0,0,,,,,,,,,,,,,,,,,,,,,,,,,,,,,,,,,,,,,,,,,,,,,,,,,,,,,,,,,,,,,,,,,,,,,,,,,,,,,,,,,,,,,,,,,,,,,
Mumbai,Maharashtra,India,18.975,72.826,Asia/Kolkata,1789110023,11/9/2026 12:30,1789414200,15-09-2026 01:00:00,26.5,79.7,0,Patchy rain nearby,http://cdn.weatherapi.com/weather/64x64/night/176.png,1063,5.8,9.4,262,W,1011,29.84,0,0,0,78,80,28.8,83.8,26.5,79.7,29.2,84.5,22.3,72.1,0,42,0,0,9,5,6.1,9.8,0,23.5,74.3,105,4.7,39,5.1,11.9,25.1,1,1,0,0,0,0,,,,,,,,,,,,,,,,,,,,,,,,,,,,,,,,,,,,,,,,,,,,,,,,,,,,,,,,,,,,,,,,,,,,,,,,,,,,,,,,,,,,,,,,,,,,,
Mumbai,Maharashtra,India,18.975,72.826,Asia/Kolkata,1789110023,11/9/2026 12:30,1789417800,15-09-2026 02:00:00,26.6,79.8,0,Patchy rain nearby,http://cdn.weatherapi.com/weather/64x64/night/176.png,1063,4.5,7.2,255,WSW,1010,29.83,0,0,0,77,86,28.9,84,26.6,79.8,29.2,84.5,22.1,71.9,0,19,0,0,10,6,4.9,8,0,23.4,74.1,106,4.3,39,4.9,11.6,24.8,1,1,0,0,0,0,,,,,,,,,,,,,,,,,,,,,,,,,,,,,,,,,,,,,,,,,,,,,,,,,,,,,,,,,,,,,,,,,,,,,,,,,,,,,,,,,,,,,,,,,,,,,
Mumbai,Maharashtra,India,18.975,72.826,Asia/Kolkata,1789110023,11/9/2026 12:30,1789421400,15-09-2026 03:00:00,27,80.6,0,Patchy rain nearby,http://cdn.weatherapi.com/weather/64x64/night/176.png,1063,9.6,15.5,237,WSW,1010,29.83,0,0,0,78,76,29.6,85.3,27,80.7,30,86.1,22.8,73,0,23,0,0,10,6,10.1,16.2,0,23.9,75.1,106,4.4,38,5,11.3,24.2,1,1,0,0,0,0,,,,,,,,,,,,,,,,,,,,,,,,,,,,,,,,,,,,,,,,,,,,,,,,,,,,,,,,,,,,,,,,,,,,,,,,,,,,,,,,,,,,,,,,,,,,,
Mumbai,Maharashtra,India,18.975,72.826,Asia/Kolkata,1789110023,11/9/2026 12:30,1789425000,15-09-2026 04:00:00,27,80.6,0,Patchy rain nearby,http://cdn.weatherapi.com/weather/64x64/night/176.png,1063,9.4,15.1,234,SW,1010,29.83,0,0,0,78,75,29.5,85.1,27,80.6,30,86,22.7,72.9,0,20,0,0,10,6,9.9,15.9,0,23.9,75.1,105,4.7,38,5.3,11.6,25.4,1,1,0,0,0,0,,,,,,,,,,,,,,,,,,,,,,,,,,,,,,,,,,,,,,,,,,,,,,,,,,,,,,,,,,,,,,,,,,,,,,,,,,,,,,,,,,,,,,,,,,,,,
Mumbai,Maharashtra,India,18.975,72.826,Asia/Kolkata,1789110023,11/9/2026 12:30,1789428600,15-09-2026 05:00:00,27,80.7,0,Patchy rain nearby,http://cdn.weatherapi.com/weather/64x64/night/176.png,1063,9.4,15.1,231,SW,1011,29.84,0,0,0,78,73,29.6,85.3,27.1,80.7,30.1,86.2,22.8,73.1,0,25,0,0,10,6,9.9,15.9,0,24,75.2,103,5,37,5.6,11.6,25.2,1,1,0,0,0,0,,,,,,,,,,,,,,,,,,,,,,,,,,,,,,,,,,,,,,,,,,,,,,,,,,,,,,,,,,,,,,,,,,,,,,,,,,,,,,,,,,,,,,,,,,,,,
Mumbai,Maharashtra,India,18.975,72.826,Asia/Kolkata,1789110023,11/9/2026 12:30,1789432200,15-09-2026 06:00:00,27.1,80.7,1,Patchy rain nearby,http://cdn.weatherapi.com/weather/64x64/day/176.png,1063,9.6,15.5,220,SW,1011,29.86,0,0,0,78,86,29.7,85.5,27.1,80.7,30.1,86.3,22.8,73.1,0,33,0,0,10,6,10.1,16.2,0,24,75.2,104,5.3,36,5.9,11.4,24,1,1,0,0,0,0,,,,,,,,,,,,,,,,,,,,,,,,,,,,,,,,,,,,,,,,,,,,,,,,,,,,,,,,,,,,,,,,,,,,,,,,,,,,,,,,,,,,,,,,,,,,,
Mumbai,Maharashtra,India,18.975,72.826,Asia/Kolkata,1789110023,11/9/2026 12:30,1789435800,15-09-2026 07:00:00,26.9,80.4,1,Patchy rain nearby,http://cdn.weatherapi.com/weather/64x64/day/176.png,1063,9.4,15.1,213,SSW,1012,29.87,0,0,0,78,72,29.3,84.7,26.9,80.3,29.8,85.7,22.8,73,0,29,0,0,10,6,9.8,15.8,0.4,23.9,75,110,5.5,36,6.3,11.1,23.3,1,1,27.16,14.46,0.06,26.56,,,,,,,,,,,,,,,,,,,,,,,,,,,,,,,,,,,,,,,,,,,,,,,,,,,,,,,,,,,,,,,,,,,,,,,,,,,,,,,,,,,,,,,,,,,,,
Mumbai,Maharashtra,India,18.975,72.826,Asia/Kolkata,1789110023,11/9/2026 12:30,1789439400,15-09-2026 08:00:00,27,80.6,1,Patchy rain nearby,http://cdn.weatherapi.com/weather/64x64/day/176.png,1063,8.9,14.4,212,SSW,1012,29.9,0,0,0,78,84,29.5,85.1,27,80.6,30,86.1,22.8,73,0,22,0,0,10,6,9.4,15.2,1.7,24,75.1,115,5.4,36,6.5,11.1,22.9,1,1,102.86,42.86,0.81,100.54,,,,,,,,,,,,,,,,,,,,,,,,,,,,,,,,,,,,,,,,,,,,,,,,,,,,,,,,,,,,,,,,,,,,,,,,,,,,,,,,,,,,,,,,,,,,,
Mumbai,Maharashtra,India,18.975,72.826,Asia/Kolkata,1789110023,11/9/2026 12:30,1789443000,15-09-2026 09:00:00,26.7,80.1,1,Patchy rain nearby,http://cdn.weatherapi.com/weather/64x64/day/176.png,1063,6,9.7,201,SSW,1013,29.91,0,0,0,78,81,29.1,84.4,26.7,80.1,29.6,85.2,22.6,72.6,0,29,0,0,10,6,6.5,10.4,4.2,23.7,74.7,113,4.6,38,6.5,10.7,22.5,1,1,196.52,68.22,2.97,191.95,,,,,,,,,,,,,,,,,,,,,,,,,,,,,,,,,,,,,,,,,,,,,,,,,,,,,,,,,,,,,,,,,,,,,,,,,,,,,,,,,,,,,,,,,,,,,
Mumbai,Maharashtra,India,18.975,72.826,Asia/Kolkata,1789110023,11/9/2026 12:30,1789446600,15-09-2026 10:00:00,26.8,80.3,1,Patchy rain nearby,http://cdn.weatherapi.com/weather/64x64/day/176.png,1063,6.7,10.8,204,SSW,1013,29.91,0,0,0,78,81,29.2,84.6,26.8,80.3,29.7,85.5,22.7,72.8,0,25,0,0,10,6,7.2,11.5,7.4,23.8,74.9,107,3.5,42,6.3,10.2,20.6,1,1,292.05,89.18,6.93,285,,,,,,,,,,,,,,,,,,,,,,,,,,,,,,,,,,,,,,,,,,,,,,,,,,,,,,,,,,,,,,,,,,,,,,,,,,,,,,,,,,,,,,,,,,,,,
Mumbai,Maharashtra,India,18.975,72.826,Asia/Kolkata,1789110023,11/9/2026 12:30,1789450200,15-09-2026 11:00:00,27,80.6,1,Patchy rain nearby,http://cdn.weatherapi.com/weather/64x64/day/176.png,1063,7.8,12.6,203,SSW,1013,29.9,0,0,0,78,85,29.5,85.1,27,80.6,30,86,22.8,73,0,24,0,0,10,6,8.5,13.7,10.1,23.9,75.1,103,2.7,45,6.2,9.7,18.8,1,1,379.81,106.04,21.72,369.37,,,,,,,,,,,,,,,,,,,,,,,,,,,,,,,,,,,,,,,,,,,,,,,,,,,,,,,,,,,,,,,,,,,,,,,,,,,,,,,,,,,,,,,,,,,,,
Mumbai,Maharashtra,India,18.975,72.826,Asia/Kolkata,1789110023,11/9/2026 12:30,1789453800,15-09-2026 12:00:00,27.4,81.3,1,Patchy rain nearby,http://cdn.weatherapi.com/weather/64x64/day/176.png,1063,9.4,15.1,209,SSW,1012,29.88,0,0,0,76,82,30.2,86.4,27.4,81.2,30.5,87,22.9,73.1,0,18,0,0,10,6,9.8,15.8,11.4,24.1,75.4,103,2.6,47,6.1,9,17.5,1,1,896.7,198.3,748.44,801.98,,,,,,,,,,,,,,,,,,,,,,,,,,,,,,,,,,,,,,,,,,,,,,,,,,,,,,,,,,,,,,,,,,,,,,,,,,,,,,,,,,,,,,,,,,,,,
Mumbai,Maharashtra,India,18.975,72.826,Asia/Kolkata,1789110023,11/9/2026 12:30,1789457400,15-09-2026 13:00:00,27.6,81.6,1,Patchy rain nearby,http://cdn.weatherapi.com/weather/64x64/day/176.png,1063,10.3,16.6,221,SW,1011,29.85,0,0,0,75,81,30.4,86.7,27.6,81.6,30.7,87.3,22.7,72.9,0,17,0,0,10,6,10.7,17.3,10.7,24.1,75.3,106,2.8,49,6,8.1,14.8,1,1,899.48,197.35,753.67,804.17,,,,,,,,,,,,,,,,,,,,,,,,,,,,,,,,,,,,,,,,,,,,,,,,,,,,,,,,,,,,,,,,,,,,,,,,,,,,,,,,,,,,,,,,,,,,,
Mumbai,Maharashtra,India,18.975,72.826,Asia/Kolkata,1789110023,11/9/2026 12:30,1789461000,15-09-2026 14:00:00,27.7,81.9,1,Patchy rain nearby,http://cdn.weatherapi.com/weather/64x64/day/176.png,1063,10.3,16.6,226,SW,1010,29.83,0,0,0,74,89,30.7,87.3,27.7,81.9,31,87.7,22.8,73,0,18,0,0,10,6,11,17.7,8.4,24.1,75.4,108,3.1,49,5.9,8.3,14,1,1,877.47,193.89,711.2,786.91,,,,,,,,,,,,,,,,,,,,,,,,,,,,,,,,,,,,,,,,,,,,,,,,,,,,,,,,,,,,,,,,,,,,,,,,,,,,,,,,,,,,,,,,,,,,,
Mumbai,Maharashtra,India,18.975,72.826,Asia/Kolkata,1789110023,11/9/2026 12:30,1789464600,15-09-2026 15:00:00,27.8,82.1,1,Patchy rain nearby,http://cdn.weatherapi.com/weather/64x64/day/176.png,1063,11.2,18,225,SW,1010,29.81,0,0,0,74,71,30.9,87.6,27.8,82.1,31.1,88,22.8,73,0,15,0,0,10,6,11.7,18.8,5.2,24.2,75.5,110,3.6,48,5.6,8.3,13.5,1,1,832.22,188.04,618.41,751.97,,,,,,,,,,,,,,,,,,,,,,,,,,,,,,,,,,,,,,,,,,,,,,,,,,,,,,,,,,,,,,,,,,,,,,,,,,,,,,,,,,,,,,,,,,,,,
Mumbai,Maharashtra,India,18.975,72.826,Asia/Kolkata,1789110023,11/9/2026 12:30,1789468200,15-09-2026 16:00:00,27.9,82.3,1,Patchy rain nearby,http://cdn.weatherapi.com/weather/64x64/day/176.png,1063,11.2,18,230,SW,1010,29.82,0,0,0,74,73,31,87.8,27.9,82.3,31.3,88.3,22.8,73.1,0,15,0,0,10,6,11.9,19.2,2.4,24.2,75.6,112,4.3,45,5.3,7.7,13.3,1,1,766.66,179.74,481.11,701.63,,,,,,,,,,,,,,,,,,,,,,,,,,,,,,,,,,,,,,,,,,,,,,,,,,,,,,,,,,,,,,,,,,,,,,,,,,,,,,,,,,,,,,,,,,,,,
Mumbai,Maharashtra,India,18.975,72.826,Asia/Kolkata,1789110023,11/9/2026 12:30,1789471800,15-09-2026 17:00:00,27.9,82.3,1,Patchy rain nearby,http://cdn.weatherapi.com/weather/64x64/day/176.png,1063,11.9,19.1,238,WSW,1010,29.82,0,0,0,74,72,31.1,88,27.9,82.3,31.3,88.4,22.9,73.3,0,15,0,0,10,6,12.8,20.5,0.7,24.3,75.7,114,4.8,43,5.1,7.5,12.9,1,1,686.05,167.5,325.36,638.43,,,,,,,,,,,,,,,,,,,,,,,,,,,,,,,,,,,,,,,,,,,,,,,,,,,,,,,,,,,,,,,,,,,,,,,,,,,,,,,,,,,,,,,,,,,,,
Mumbai,Maharashtra,India,18.975,72.826,Asia/Kolkata,1789110023,11/9/2026 12:30,1789475400,15-09-2026 18:00:00,27.9,82.3,1,Patchy rain nearby,http://cdn.weatherapi.com/weather/64x64/day/176.png,1063,11.4,18.4,237,WSW,1010,29.83,0,0,0,75,84,31.1,88,27.9,82.3,31.4,88.5,23,73.4,0,18,0,0,10,6,12.5,20.2,6,24.4,75.9,null,null,null,null,null,null,null,null,355.74,90.35,162.7,331.65,,,,,,,,,,,,,,,,,,,,,,,,,,,,,,,,,,,,,,,,,,,,,,,,,,,,,,,,,,,,,,,,,,,,,,,,,,,,,,,,,,,,,,,,,,,,,
Mumbai,Maharashtra,India,18.975,72.826,Asia/Kolkata,1789110023,11/9/2026 12:30,1789479000,15-09-2026 19:00:00,27.8,82,0,Patchy rain nearby,http://cdn.weatherapi.com/weather/64x64/night/176.png,1063,11.6,18.7,242,WSW,1010,29.84,0,0,0,76,80,30.9,87.6,27.8,82,31.2,88.2,23.1,73.6,0,19,0,0,10,6,12.6,20.3,0,24.4,75.9,null,null,null,null,null,null,null,null,0,0,0,0,,,,,,,,,,,,,,,,,,,,,,,,,,,,,,,,,,,,,,,,,,,,,,,,,,,,,,,,,,,,,,,,,,,,,,,,,,,,,,,,,,,,,,,,,,,,,
Mumbai,Maharashtra,India,18.975,72.826,Asia/Kolkata,1789110023,11/9/2026 12:30,1789482600,15-09-2026 20:00:00,27.4,81.4,0,Patchy rain nearby,http://cdn.weatherapi.com/weather/64x64/night/176.png,1063,11.2,18,243,WSW,1011,29.85,0,0,0,78,81,30.5,86.9,27.4,81.4,30.8,87.5,23.2,73.8,0,27,0,0,10,6,11.9,19.1,0,24.4,75.9,null,null,null,null,null,null,null,null,0,0,0,0,,,,,,,,,,,,,,,,,,,,,,,,,,,,,,,,,,,,,,,,,,,,,,,,,,,,,,,,,,,,,,,,,,,,,,,,,,,,,,,,,,,,,,,,,,,,,
Mumbai,Maharashtra,India,18.975,72.826,Asia/Kolkata,1789110023,11/9/2026 12:30,1789486200,15-09-2026 21:00:00,27.6,81.8,0,Patchy rain nearby,http://cdn.weatherapi.com/weather/64x64/night/176.png,1063,11.6,18.7,248,WSW,1012,29.87,1,0,0,78,71,30.9,87.6,27.6,81.8,31.3,88.3,23.4,74.2,0,52,0,0,9,5,12.3,19.8,0,24.6,76.2,null,null,null,null,null,null,null,null,0,0,0,0,,,,,,,,,,,,,,,,,,,,,,,,,,,,,,,,,,,,,,,,,,,,,,,,,,,,,,,,,,,,,,,,,,,,,,,,,,,,,,,,,,,,,,,,,,,,,
Mumbai,Maharashtra,India,18.975,72.826,Asia/Kolkata,1789110023,11/9/2026 12:30,1789489800,15-09-2026 22:00:00,27.7,81.8,0,Patchy rain nearby,http://cdn.weatherapi.com/weather/64x64/night/176.png,1063,12.1,19.4,251,WSW,1012,29.87,0,0,0,77,78,30.9,87.6,27.7,81.8,31.2,88.1,23.2,73.8,0,18,0,0,10,6,12.3,19.8,0,24.4,76,null,null,null,null,null,null,null,null,0,0,0,0,,,,,,,,,,,,,,,,,,,,,,,,,,,,,,,,,,,,,,,,,,,,,,,,,,,,,,,,,,,,,,,,,,,,,,,,,,,,,,,,,,,,,,,,,,,,,
Mumbai,Maharashtra,India,18.975,72.826,Asia/Kolkata,1789110023,11/9/2026 12:30,1789493400,15-09-2026 23:00:00,27.6,81.8,0,Patchy rain nearby,http://cdn.weatherapi.com/weather/64x64/night/176.png,1063,11.6,18.7,249,WSW,1011,29.87,0,0,0,77,74,30.8,87.4,27.7,81.8,31.1,88,23.2,73.8,0,34,0,0,10,6,12.1,19.5,0,24.4,76,null,null,null,null,null,null,null,null,0,0,0,0,,,,,,,,,,,,,,,,,,,,,,,,,,,,,,,,,,,,,,,,,,,,,,,,,,,,,,,,,,,,,,,,,,,,,,,,,,,,,,,,,,,,,,,,,,,,,
Mumbai,Maharashtra,India,18.975,72.826,Asia/Kolkata,1789110023,11/9/2026 12:30,1789497000,16-09-2026 00:00:00,27.5,81.5,0,Patchy rain nearby,http://cdn.weatherapi.com/weather/64x64/night/176.png,1063,11.6,18.7,245,WSW,1011,29.85,0,0,0,78,77,30.6,87.1,27.5,81.5,31,87.8,23.2,73.8,0,46,0,0,9.7,6,12.3,19.8,0,24.4,75.9,null,null,null,null,null,null,null,null,0,0,0,0,,,,,,,,,,,,,,,,,,,,,,,,,,,,,,,,,,,,,,,,,,,,,,,,,,,,,,,,,,,,,,,,,,,,,,,,,,,,,,,,,,,,,,,,,,,,,
Mumbai,Maharashtra,India,18.975,72.826,Asia/Kolkata,1789110023,11/9/2026 12:30,1789500600,16-09-2026 01:00:00,27.4,81.3,0,Patchy rain nearby,http://cdn.weatherapi.com/weather/64x64/night/176.png,1063,11.6,18.7,241,WSW,1011,29.84,1,0,0,78,81,30.5,86.9,27.4,81.3,30.8,87.4,23.3,73.9,0,53,0,0,9.3,5,12.3,19.8,0,24.4,75.9,null,null,null,null,null,null,null,null,0,0,0,0,,,,,,,,,,,,,,,,,,,,,,,,,,,,,,,,,,,,,,,,,,,,,,,,,,,,,,,,,,,,,,,,,,,,,,,,,,,,,,,,,,,,,,,,,,,,,
Mumbai,Maharashtra,India,18.975,72.826,Asia/Kolkata,1789110023,11/9/2026 12:30,1789504200,16-09-2026 02:00:00,27.2,81,0,Patchy rain nearby,http://cdn.weatherapi.com/weather/64x64/night/176.png,1063,11.6,18.7,236,WSW,1010,29.83,1,0,0,79,84,30.2,86.4,27.2,81,30.6,87.1,23.3,73.9,0,60,0,0,9,5,12.5,20.2,0,24.4,75.8,null,null,null,null,null,null,null,null,0,0,0,0,,,,,,,,,,,,,,,,,,,,,,,,,,,,,,,,,,,,,,,,,,,,,,,,,,,,,,,,,,,,,,,,,,,,,,,,,,,,,,,,,,,,,,,,,,,,,
Mumbai,Maharashtra,India,18.975,72.826,Asia/Kolkata,1789110023,11/9/2026 12:30,1789507800,16-09-2026 03:00:00,27.2,81,0,Patchy rain nearby,http://cdn.weatherapi.com/weather/64x64/night/176.png,1063,12.1,19.4,236,WSW,1010,29.83,1,0,0,79,80,30.1,86.2,27.2,81,30.6,87.1,23.3,73.9,0,61,0,0,9,5,12.8,20.5,0,24.4,75.8,null,null,null,null,null,null,null,null,0,0,0,0,,,,,,,,,,,,,,,,,,,,,,,,,,,,,,,,,,,,,,,,,,,,,,,,,,,,,,,,,,,,,,,,,,,,,,,,,,,,,,,,,,,,,,,,,,,,,
Mumbai,Maharashtra,India,18.975,72.826,Asia/Kolkata,1789110023,11/9/2026 12:30,1789511400,16-09-2026 04:00:00,27.2,81,0,Patchy rain nearby,http://cdn.weatherapi.com/weather/64x64/night/176.png,1063,12.3,19.8,237,WSW,1010,29.83,1,0,0,79,77,30.1,86.2,27.2,81,30.6,87.1,23.3,73.9,0,62,0,0,9,5,13.2,21.2,0,24.4,75.9,null,null,null,null,null,null,null,null,0,0,0,0,,,,,,,,,,,,,,,,,,,,,,,,,,,,,,,,,,,,,,,,,,,,,,,,,,,,,,,,,,,,,,,,,,,,,,,,,,,,,,,,,,,,,,,,,,,,,
Mumbai,Maharashtra,India,18.975,72.826,Asia/Kolkata,1789110023,11/9/2026 12:30,1789515000,16-09-2026 05:00:00,27.2,80.9,0,Patchy rain nearby,http://cdn.weatherapi.com/weather/64x64/night/176.png,1063,12.8,20.5,237,WSW,1010,29.83,1,0,0,80,73,30.1,86.2,27.2,80.9,30.6,87,23.3,74,0,62,0,0,9,5,13.4,21.6,0,24.4,75.9,null,null,null,null,null,null,null,null,0,0,0,0,,,,,,,,,,,,,,,,,,,,,,,,,,,,,,,,,,,,,,,,,,,,,,,,,,,,,,,,,,,,,,,,,,,,,,,,,,,,,,,,,,,,,,,,,,,,,
Mumbai,Maharashtra,India,18.975,72.826,Asia/Kolkata,1789110023,11/9/2026 12:30,1789518600,16-09-2026 06:00:00,27.3,81.1,1,Patchy rain nearby,http://cdn.weatherapi.com/weather/64x64/day/176.png,1063,12.8,20.5,239,WSW,1011,29.85,2,0,0,79,72,30.3,86.5,27.3,81.1,30.7,87.3,23.3,73.9,0,62,0,0,9,5,13.4,21.6,6,24.4,75.9,null,null,null,null,null,null,null,null,50.85,21.3,0.4,49.71,,,,,,,,,,,,,,,,,,,,,,,,,,,,,,,,,,,,,,,,,,,,,,,,,,,,,,,,,,,,,,,,,,,,,,,,,,,,,,,,,,,,,,,,,,,,,
Mumbai,Maharashtra,India,18.975,72.826,Asia/Kolkata,1789110023,11/9/2026 12:30,1789522200,16-09-2026 07:00:00,27.4,81.3,1,Patchy rain nearby,http://cdn.weatherapi.com/weather/64x64/day/176.png,1063,12.8,20.5,241,WSW,1012,29.88,2,0,0,78,71,30.5,86.9,27.4,81.3,30.8,87.4,23.3,73.9,0,64,0,0,9,5,13.2,21.2,6,24.4,76,null,null,null,null,null,null,null,null,76.27,31.96,0.6,74.56,,,,,,,,,,,,,,,,,,,,,,,,,,,,,,,,,,,,,,,,,,,,,,,,,,,,,,,,,,,,,,,,,,,,,,,,,,,,,,,,,,,,,,,,,,,,,
Mumbai,Maharashtra,India,18.975,72.826,Asia/Kolkata,1789110023,11/9/2026 12:30,1789525800,16-09-2026 08:00:00,27.4,81.4,1,Patchy rain nearby,http://cdn.weatherapi.com/weather/64x64/day/176.png,1063,12.8,20.5,243,WSW,1012,29.9,2,0,0,78,70,30.5,86.9,27.5,81.4,30.9,87.6,23.2,73.8,0,65,0,0,9,5,13.2,21.2,6,24.4,75.9,null,null,null,null,null,null,null,null,101.7,42.61,0.8,99.41,,,,,,,,,,,,,,,,,,,,,,,,,,,,,,,,,,,,,,,,,,,,,,,,,,,,,,,,,,,,,,,,,,,,,,,,,,,,,,,,,,,,,,,,,,,,,
Mumbai,Maharashtra,India,18.975,72.826,Asia/Kolkata,1789110023,11/9/2026 12:30,1789529400,16-09-2026 09:00:00,27.6,81.7,1,Patchy rain nearby,http://cdn.weatherapi.com/weather/64x64/day/176.png,1063,12.8,20.5,249,WSW,1012,29.9,2,0,0,77,75,30.8,87.4,27.6,81.7,31.1,88,23.2,73.8,0,64,0,0,9,5,15.9,25.6,6,24.4,76,null,null,null,null,null,null,null,null,239.16,74.54,10.81,232.88,,,,,,,,,,,,,,,,,,,,,,,,,,,,,,,,,,,,,,,,,,,,,,,,,,,,,,,,,,,,,,,,,,,,,,,,,,,,,,,,,,,,,,,,,,,,,
Mumbai,Maharashtra,India,18.975,72.826,Asia/Kolkata,1789110023,11/9/2026 12:30,1789533000,16-09-2026 10:00:00,27.7,81.9,1,Patchy rain nearby,http://cdn.weatherapi.com/weather/64x64/day/176.png,1063,12.5,20.2,255,WSW,1012,29.89,2,0,0,76,79,30.9,87.6,27.7,81.9,31.3,88.3,23.2,73.8,0,63,0,0,9,5,18.8,30.2,6,24.4,75.9,null,null,null,null,null,null,null,null,307.89,90.51,15.81,299.61,,,,,,,,,,,,,,,,,,,,,,,,,,,,,,,,,,,,,,,,,,,,,,,,,,,,,,,,,,,,,,,,,,,,,,,,,,,,,,,,,,,,,,,,,,,,,
Mumbai,Maharashtra,India,18.975,72.826,Asia/Kolkata,1789110023,11/9/2026 12:30,1789536600,16-09-2026 11:00:00,27.9,82.2,1,Patchy rain nearby,http://cdn.weatherapi.com/weather/64x64/day/176.png,1063,12.5,20.2,261,W,1012,29.89,1,0,0,76,84,31.2,88.2,27.9,82.2,31.4,88.6,23.2,73.8,0,62,0,0,9,5,21.5,34.6,6,24.5,76.1,null,null,null,null,null,null,null,null,376.62,106.47,20.82,366.35,,,,,,,,,,,,,,,,,,,,,,,,,,,,,,,,,,,,,,,,,,,,,,,,,,,,,,,,,,,,,,,,,,,,,,,,,,,,,,,,,,,,,,,,,,,,,
Mumbai,Maharashtra,India,18.975,72.826,Asia/Kolkata,1789110023,11/9/2026 12:30,1789540200,16-09-2026 12:00:00,28,82.4,1,Patchy rain nearby,http://cdn.weatherapi.com/weather/64x64/day/176.png,1063,12.3,19.8,263,W,1011,29.87,1,0,0,75,86,31.4,88.5,28,82.4,31.6,88.9,23.2,73.8,0,57,0,0,9.3,5,18.6,29.9,6,24.5,76.1,null,null,null,null,null,null,null,null,624.19,153.12,360.32,574.41,,,,,,,,,,,,,,,,,,,,,,,,,,,,,,,,,,,,,,,,,,,,,,,,,,,,,,,,,,,,,,,,,,,,,,,,,,,,,,,,,,,,,,,,,,,,,
Mumbai,Maharashtra,India,18.975,72.826,Asia/Kolkata,1789110023,11/9/2026 12:30,1789543800,16-09-2026 13:00:00,28.1,82.6,1,Patchy rain nearby,http://cdn.weatherapi.com/weather/64x64/day/176.png,1063,12.3,19.8,265,W,1011,29.84,0,0,0,75,87,31.6,88.9,28.1,82.6,31.8,89.2,23.2,73.8,0,42,0,0,9.7,6,15.9,25.6,6,24.6,76.2,null,null,null,null,null,null,null,null,747.98,176.45,530.06,678.44,,,,,,,,,,,,,,,,,,,,,,,,,,,,,,,,,,,,,,,,,,,,,,,,,,,,,,,,,,,,,,,,,,,,,,,,,,,,,,,,,,,,,,,,,,,,,
Mumbai,Maharashtra,India,18.975,72.826,Asia/Kolkata,1789110023,11/9/2026 12:30,1789547400,16-09-2026 14:00:00,28.2,82.8,1,Patchy rain nearby,http://cdn.weatherapi.com/weather/64x64/day/176.png,1063,12.1,19.4,268,W,1010,29.82,0,0,0,74,89,31.8,89.2,28.2,82.8,32,89.5,23.3,73.9,0,19,0,0,10,6,13,20.9,6,24.6,76.3,null,null,null,null,null,null,null,null,871.76,199.78,699.81,782.47,,,,,,,,,,,,,,,,,,,,,,,,,,,,,,,,,,,,,,,,,,,,,,,,,,,,,,,,,,,,,,,,,,,,,,,,,,,,,,,,,,,,,,,,,,,,,
Mumbai,Maharashtra,India,18.975,72.826,Asia/Kolkata,1789110023,11/9/2026 12:30,1789551000,16-09-2026 15:00:00,28.3,82.9,1,Patchy rain nearby,http://cdn.weatherapi.com/weather/64x64/day/176.png,1063,12.1,19.4,273,W,1010,29.82,0,0,0,74,88,31.9,89.4,28.3,82.9,32,89.6,23.2,73.8,0,18,0,0,10,6,13,20.9,6,24.6,76.3,null,null,null,null,null,null,null,null,776.52,185.92,508.38,708.54,,,,,,,,,,,,,,,,,,,,,,,,,,,,,,,,,,,,,,,,,,,,,,,,,,,,,,,,,,,,,,,,,,,,,,,,,,,,,,,,,,,,,,,,,,,,,
Mumbai,Maharashtra,India,18.975,72.826,Asia/Kolkata,1789110023,11/9/2026 12:30,1789554600,16-09-2026 16:00:00,28.3,82.9,1,Patchy rain nearby,http://cdn.weatherapi.com/weather/64x64/day/176.png,1063,12.1,19.4,279,W,1010,29.81,0,0,0,74,87,31.9,89.4,28.3,82.9,32,89.6,23.2,73.8,0,26,0,0,10,6,12.8,20.5,6,24.6,76.3,null,null,null,null,null,null,null,null,728.9,178.99,412.67,671.57,,,,,,,,,,,,,,,,,,,,,,,,,,,,,,,,,,,,,,,,,,,,,,,,,,,,,,,,,,,,,,,,,,,,,,,,,,,,,,,,,,,,,,,,,,,,,
Mumbai,Maharashtra,India,18.975,72.826,Asia/Kolkata,1789110023,11/9/2026 12:30,1789558200,16-09-2026 17:00:00,28.3,83,1,Patchy rain nearby,http://cdn.weatherapi.com/weather/64x64/day/176.png,1063,12.1,19.4,284,WNW,1010,29.81,0,0,0,74,86,31.9,89.4,28.3,83,32,89.6,23.2,73.7,0,25,0,0,10,6,12.8,20.6,6,24.6,76.2,null,null,null,null,null,null,null,null,681.28,172.06,316.95,634.61,,,,,,,,,,,,,,,,,,,,,,,,,,,,,,,,,,,,,,,,,,,,,,,,,,,,,,,,,,,,,,,,,,,,,,,,,,,,,,,,,,,,,,,,,,,,,
Mumbai,Maharashtra,India,18.975,72.826,Asia/Kolkata,1789110023,11/9/2026 12:30,1789561800,16-09-2026 18:00:00,28.1,82.6,1,Moderate rain at times,http://cdn.weatherapi.com/weather/64x64/day/299.png,1186,12.1,19.4,284,WNW,1010,29.83,0,0,0,76,85,31.7,89.1,28.1,82.6,31.9,89.4,23.4,74.1,0,41,0,0,10,6,12.8,20.5,6,24.6,76.4,null,null,null,null,null,null,null,null,353.04,92.44,158.5,329.43,,,,,,,,,,,,,,,,,,,,,,,,,,,,,,,,,,,,,,,,,,,,,,,,,,,,,,,,,,,,,,,,,,,,,,,,,,,,,,,,,,,,,,,,,,,,,
Mumbai,Maharashtra,India,18.975,72.826,Asia/Kolkata,1789110023,11/9/2026 12:30,1789565400,16-09-2026 19:00:00,27.9,82.2,0,Patchy rain nearby,http://cdn.weatherapi.com/weather/64x64/night/176.png,1063,12.1,19.4,284,WNW,1010,29.84,1,0,0,77,83,31.5,88.7,27.9,82.2,31.7,89.1,23.6,74.5,0,53,0,0,10,6,13,20.9,0,24.7,76.5,null,null,null,null,null,null,null,null,0,0,0,0,,,,,,,,,,,,,,,,,,,,,,,,,,,,,,,,,,,,,,,,,,,,,,,,,,,,,,,,,,,,,,,,,,,,,,,,,,,,,,,,,,,,,,,,,,,,,
Mumbai,Maharashtra,India,18.975,72.826,Asia/Kolkata,1789110023,11/9/2026 12:30,1789569000,16-09-2026 20:00:00,27.7,81.9,0,Moderate rain at times,http://cdn.weatherapi.com/weather/64x64/night/299.png,1186,12.1,19.4,284,WNW,1011,29.85,1,0,0,79,82,31.3,88.3,27.7,81.9,31.6,88.9,23.8,74.8,0,60,0,0,10,6,13,20.9,0,24.8,76.7,null,null,null,null,null,null,null,null,0,0,0,0,,,,,,,,,,,,,,,,,,,,,,,,,,,,,,,,,,,,,,,,,,,,,,,,,,,,,,,,,,,,,,,,,,,,,,,,,,,,,,,,,,,,,,,,,,,,,
Mumbai,Maharashtra,India,18.975,72.826,Asia/Kolkata,1789110023,11/9/2026 12:30,1789572600,16-09-2026 21:00:00,27.5,81.5,0,Patchy rain nearby,http://cdn.weatherapi.com/weather/64x64/night/176.png,1063,11.4,18.4,279,W,1011,29.85,1,0,0,80,84,30.9,87.6,27.5,81.5,31.3,88.3,23.8,74.8,0,63,0,0,9.7,6,12.3,19.8,0,24.8,76.6,null,null,null,null,null,null,null,null,0,0,0,0,,,,,,,,,,,,,,,,,,,,,,,,,,,,,,,,,,,,,,,,,,,,,,,,,,,,,,,,,,,,,,,,,,,,,,,,,,,,,,,,,,,,,,,,,,,,,
Mumbai,Maharashtra,India,18.975,72.826,Asia/Kolkata,1789110023,11/9/2026 12:30,1789576200,16-09-2026 22:00:00,27.3,81.1,0,Moderate rain at times,http://cdn.weatherapi.com/weather/64x64/night/299.png,1186,10.5,16.9,274,W,1011,29.85,1,0,0,81,85,30.5,86.9,27.3,81.1,31.1,88,23.8,74.8,0,65,0,0,9.3,5,11.4,18.4,0,24.7,76.5,null,null,null,null,null,null,null,null,0,0,0,0,,,,,,,,,,,,,,,,,,,,,,,,,,,,,,,,,,,,,,,,,,,,,,,,,,,,,,,,,,,,,,,,,,,,,,,,,,,,,,,,,,,,,,,,,,,,,
Mumbai,Maharashtra,India,18.975,72.826,Asia/Kolkata,1789110023,11/9/2026 12:30,1789579800,16-09-2026 23:00:00,27.1,80.9,0,Patchy rain nearby,http://cdn.weatherapi.com/weather/64x64/night/176.png,1063,9.8,15.8,269,W,1011,29.86,1,0,0,82,87,30.3,86.5,27.1,80.9,30.8,87.4,23.8,74.8,0,67,0,0,9,5,10.8,17.3,0,24.7,76.4,null,null,null,null,null,null,null,null,0,0,0,0,,,,,,,,,,,,,,,,,,,,,,,,,,,,,,,,,,,,,,,,,,,,,,,,,,,,,,,,,,,,,,,,,,,,,,,,,,,,,,,,,,,,,,,,,,,,,
Mumbai,Maharashtra,India,18.975,72.826,Asia/Kolkata,1789110023,11/9/2026 12:30,1789583400,17-09-2026 00:00:00,27.1,80.8,0,Patchy rain nearby,http://cdn.weatherapi.com/weather/64x64/night/176.png,1063,9.2,14.8,266,W,1010,29.84,1,0,0,82,87,30.1,86.2,27.1,80.8,30.7,87.3,23.7,74.7,0,66,0,0,9,5,10.1,16.2,0,24.6,76.3,null,null,null,null,null,null,null,null,0,0,0,0,,,,,,,,,,,,,,,,,,,,,,,,,,,,,,,,,,,,,,,,,,,,,,,,,,,,,,,,,,,,,,,,,,,,,,,,,,,,,,,,,,,,,,,,,,,,,
Mumbai,Maharashtra,India,18.975,72.826,Asia/Kolkata,1789110023,11/9/2026 12:30,1789587000,17-09-2026 01:00:00,27,80.6,0,Patchy rain nearby,http://cdn.weatherapi.com/weather/64x64/night/176.png,1063,8.7,14,263,W,1010,29.82,1,0,0,81,88,29.9,85.8,27,80.6,30.6,87.1,23.6,74.5,0,62,0,0,9,5,9.2,14.8,0,24.5,76.1,null,null,null,null,null,null,null,null,0,0,0,0,,,,,,,,,,,,,,,,,,,,,,,,,,,,,,,,,,,,,,,,,,,,,,,,,,,,,,,,,,,,,,,,,,,,,,,,,,,,,,,,,,,,,,,,,,,,,
Mumbai,Maharashtra,India,18.975,72.826,Asia/Kolkata,1789110023,11/9/2026 12:30,1789590600,17-09-2026 02:00:00,27,80.6,0,Patchy rain nearby,http://cdn.weatherapi.com/weather/64x64/night/176.png,1063,8.1,13,259,W,1009,29.8,1,0,0,81,88,29.9,85.8,27,80.6,30.4,86.8,23.5,74.3,0,56,0,0,9,5,8.5,13.7,0,24.4,76,null,null,null,null,null,null,null,null,0,0,0,0,,,,,,,,,,,,,,,,,,,,,,,,,,,,,,,,,,,,,,,,,,,,,,,,,,,,,,,,,,,,,,,,,,,,,,,,,,,,,,,,,,,,,,,,,,,,,
Mumbai,Maharashtra,India,18.975,72.826,Asia/Kolkata,1789110023,11/9/2026 12:30,1789594200,17-09-2026 03:00:00,27,80.6,0,Patchy rain nearby,http://cdn.weatherapi.com/weather/64x64/night/176.png,1063,8.3,13.3,255,WSW,1009,29.81,0,0,0,81,84,29.8,85.6,27,80.6,30.4,86.7,23.5,74.3,0,51,0,0,9.3,5,8.7,14,0,24.4,76,null,null,null,null,null,null,null,null,0,0,0,0,,,,,,,,,,,,,,,,,,,,,,,,,,,,,,,,,,,,,,,,,,,,,,,,,,,,,,,,,,,,,,,,,,,,,,,,,,,,,,,,,,,,,,,,,,,,,
Mumbai,Maharashtra,India,18.975,72.826,Asia/Kolkata,1789110023,11/9/2026 12:30,1789597800,17-09-2026 04:00:00,27,80.6,0,Patchy rain nearby,http://cdn.weatherapi.com/weather/64x64/night/176.png,1063,8.3,13.3,250,WSW,1009,29.81,0,0,0,81,81,29.8,85.6,27,80.6,30.4,86.7,23.5,74.3,0,50,0,0,9.7,6,8.7,14,0,24.4,76,null,null,null,null,null,null,null,null,0,0,0,0,,,,,,,,,,,,,,,,,,,,,,,,,,,,,,,,,,,,,,,,,,,,,,,,,,,,,,,,,,,,,,,,,,,,,,,,,,,,,,,,,,,,,,,,,,,,,
Mumbai,Maharashtra,India,18.975,72.826,Asia/Kolkata,1789110023,11/9/2026 12:30,1789601400,17-09-2026 05:00:00,27,80.6,0,Patchy rain nearby,http://cdn.weatherapi.com/weather/64x64/night/176.png,1063,8.5,13.7,246,WSW,1010,29.81,0,0,0,81,77,29.9,85.8,27,80.6,30.4,86.8,23.5,74.3,0,42,0,0,10,6,8.9,14.4,0,24.4,76,null,null,null,null,null,null,null,null,0,0,0,0,,,,,,,,,,,,,,,,,,,,,,,,,,,,,,,,,,,,,,,,,,,,,,,,,,,,,,,,,,,,,,,,,,,,,,,,,,,,,,,,,,,,,,,,,,,,,
Mumbai,Maharashtra,India,18.975,72.826,Asia/Kolkata,1789110023,11/9/2026 12:30,1789605000,17-09-2026 06:00:00,27.1,80.8,1,Patchy rain nearby,http://cdn.weatherapi.com/weather/64x64/day/176.png,1063,7.6,12.2,242,WSW,1010,29.83,0,0,0,80,77,30,86,27.1,80.8,30.5,86.9,23.4,74.1,0,43,0,0,9.7,6,8.1,13,6,24.4,75.9,null,null,null,null,null,null,null,null,50.3,21.66,0.39,49.17,,,,,,,,,,,,,,,,,,,,,,,,,,,,,,,,,,,,,,,,,,,,,,,,,,,,,,,,,,,,,,,,,,,,,,,,,,,,,,,,,,,,,,,,,,,,,
Mumbai,Maharashtra,India,18.975,72.826,Asia/Kolkata,1789110023,11/9/2026 12:30,1789608600,17-09-2026 07:00:00,27.2,81,1,Patchy rain nearby,http://cdn.weatherapi.com/weather/64x64/day/176.png,1063,6.7,10.8,239,WSW,1011,29.85,0,0,0,80,78,30.1,86.2,27.2,81,30.6,87.1,23.3,73.9,0,37,0,0,9.3,5,7.4,11.9,6,24.4,75.9,null,null,null,null,null,null,null,null,75.45,32.48,0.58,73.75,,,,,,,,,,,,,,,,,,,,,,,,,,,,,,,,,,,,,,,,,,,,,,,,,,,,,,,,,,,,,,,,,,,,,,,,,,,,,,,,,,,,,,,,,,,,,
Mumbai,Maharashtra,India,18.975,72.826,Asia/Kolkata,1789110023,11/9/2026 12:30,1789612200,17-09-2026 08:00:00,27.3,81.1,1,Patchy rain nearby,http://cdn.weatherapi.com/weather/64x64/day/176.png,1063,5.8,9.4,236,WSW,1011,29.87,0,0,0,79,78,30.3,86.5,27.3,81.1,30.7,87.3,23.3,73.9,0,38,0,0,9,5,6.5,10.4,6,24.4,75.9,null,null,null,null,null,null,null,null,100.6,43.31,0.78,98.34,,,,,,,,,,,,,,,,,,,,,,,,,,,,,,,,,,,,,,,,,,,,,,,,,,,,,,,,,,,,,,,,,,,,,,,,,,,,,,,,,,,,,,,,,,,,,
Mumbai,Maharashtra,India,18.975,72.826,Asia/Kolkata,1789110023,11/9/2026 12:30,1789615800,17-09-2026 09:00:00,27.5,81.5,1,Patchy rain nearby,http://cdn.weatherapi.com/weather/64x64/day/176.png,1063,6.3,10.1,240,WSW,1011,29.87,0,0,0,78,81,30.7,87.3,27.5,81.5,31,87.8,23.4,74.1,0,37,0,0,9,5,6.9,11.2,6,24.5,76.1,null,null,null,null,null,null,null,null,237.78,76.63,10.57,231.55,,,,,,,,,,,,,,,,,,,,,,,,,,,,,,,,,,,,,,,,,,,,,,,,,,,,,,,,,,,,,,,,,,,,,,,,,,,,,,,,,,,,,,,,,,,,,
Mumbai,Maharashtra,India,18.975,72.826,Asia/Kolkata,1789110023,11/9/2026 12:30,1789619400,17-09-2026 10:00:00,27.7,81.9,1,Patchy rain nearby,http://cdn.weatherapi.com/weather/64x64/day/176.png,1063,6.7,10.8,244,WSW,1011,29.86,0,0,0,78,84,31,87.8,27.7,81.9,31.3,88.3,23.4,74.1,0,38,0,0,9,5,7.6,12.2,6,24.6,76.3,null,null,null,null,null,null,null,null,306.37,93.29,15.47,298.15,,,,,,,,,,,,,,,,,,,,,,,,,,,,,,,,,,,,,,,,,,,,,,,,,,,,,,,,,,,,,,,,,,,,,,,,,,,,,,,,,,,,,,,,,,,,,
Mumbai,Maharashtra,India,18.975,72.826,Asia/Kolkata,1789110023,11/9/2026 12:30,1789623000,17-09-2026 11:00:00,27.9,82.2,1,Patchy rain nearby,http://cdn.weatherapi.com/weather/64x64/day/176.png,1063,7.2,11.5,248,WSW,1011,29.86,0,0,0,77,87,31.4,88.5,27.9,82.2,31.7,89,23.5,74.3,0,39,0,0,9,5,8.1,13,6,24.7,76.4,null,null,null,null,null,null,null,null,374.96,109.95,20.36,364.76,,,,,,,,,,,,,,,,,,,,,,,,,,,,,,,,,,,,,,,,,,,,,,,,,,,,,,,,,,,,,,,,,,,,,,,,,,,,,,,,,,,,,,,,,,,,,
Mumbai,Maharashtra,India,18.975,72.826,Asia/Kolkata,1789110023,11/9/2026 12:30,1789626600,17-09-2026 12:00:00,28,82.4,1,Patchy rain nearby,http://cdn.weatherapi.com/weather/64x64/day/176.png,1063,8.5,13.7,253,WSW,1010,29.84,1,0,0,77,84,31.7,89.1,28,82.4,31.9,89.4,23.6,74.5,0,51,0,0,9,5,9.2,14.8,6,24.8,76.6,null,null,null,null,null,null,null,null,624.16,151.53,361.68,574.23,,,,,,,,,,,,,,,,,,,,,,,,,,,,,,,,,,,,,,,,,,,,,,,,,,,,,,,,,,,,,,,,,,,,,,,,,,,,,,,,,,,,,,,,,,,,,
Mumbai,Maharashtra,India,18.975,72.826,Asia/Kolkata,1789110023,11/9/2026 12:30,1789630200,17-09-2026 13:00:00,28.1,82.6,1,Patchy rain nearby,http://cdn.weatherapi.com/weather/64x64/day/176.png,1063,9.8,15.8,258,WSW,1010,29.82,1,0,0,77,81,31.9,89.4,28.1,82.6,32.1,89.8,23.7,74.7,0,55,0,0,9,5,10.5,16.9,6,24.9,76.8,null,null,null,null,null,null,null,null,748.76,172.32,532.35,678.97,,,,,,,,,,,,,,,,,,,,,,,,,,,,,,,,,,,,,,,,,,,,,,,,,,,,,,,,,,,,,,,,,,,,,,,,,,,,,,,,,,,,,,,,,,,,,
Mumbai,Maharashtra,India,18.975,72.826,Asia/Kolkata,1789110023,11/9/2026 12:30,1789633800,17-09-2026 14:00:00,28.2,82.7,1,Patchy rain nearby,http://cdn.weatherapi.com/weather/64x64/day/176.png,1063,11.2,18,263,W,1009,29.79,1,0,0,77,78,32.1,89.8,28.2,82.7,32.3,90.1,23.8,74.8,0,59,0,0,9,5,11.7,18.8,6,25,76.9,null,null,null,null,null,null,null,null,873.36,193.11,703.01,783.71,,,,,,,,,,,,,,,,,,,,,,,,,,,,,,,,,,,,,,,,,,,,,,,,,,,,,,,,,,,,,,,,,,,,,,,,,,,,,,,,,,,,,,,,,,,,,
Mumbai,Maharashtra,India,18.975,72.826,Asia/Kolkata,1789110023,11/9/2026 12:30,1789637400,17-09-2026 15:00:00,28.3,82.9,1,Sunny,http://cdn.weatherapi.com/weather/64x64/day/113.png,1000,9.8,15.8,261,W,1009,29.79,1,0,0,75,52,32,89.6,28.3,82.9,32.2,90,23.4,74.1,0,43,0,0,9.3,5,10.3,16.6,7,24.8,76.6,null,null,null,null,null,null,null,null,778.26,178.64,511.64,709.92,,,,,,,,,,,,,,,,,,,,,,,,,,,,,,,,,,,,,,,,,,,,,,,,,,,,,,,,,,,,,,,,,,,,,,,,,,,,,,,,,,,,,,,,,,,,,
Mumbai,Maharashtra,India,18.975,72.826,Asia/Kolkata,1789110023,11/9/2026 12:30,1789641000,17-09-2026 16:00:00,28.4,83.1,1,Patchy rain nearby,http://cdn.weatherapi.com/weather/64x64/day/176.png,1063,8.5,13.7,259,W,1009,29.78,0,0,0,73,26,31.9,89.4,28.4,83.1,32,89.6,23.1,73.6,0,36,0,0,9.7,6,8.9,14.4,6,24.6,76.2,null,null,null,null,null,null,null,null,730.72,171.4,415.95,673.03,,,,,,,,,,,,,,,,,,,,,,,,,,,,,,,,,,,,,,,,,,,,,,,,,,,,,,,,,,,,,,,,,,,,,,,,,,,,,,,,,,,,,,,,,,,,,
Mumbai,Maharashtra,India,18.975,72.826,Asia/Kolkata,1789110023,11/9/2026 12:30,1789644600,17-09-2026 17:00:00,28.5,83.2,1,Sunny,http://cdn.weatherapi.com/weather/64x64/day/113.png,1000,7.2,11.5,257,WSW,1008,29.78,0,0,0,71,0,31.8,89.2,28.5,83.2,31.9,89.5,22.7,72.9,0,6,0,0,10,6,7.6,12.2,7,24.3,75.8,null,null,null,null,null,null,null,null,683.17,164.16,320.27,636.13,,,,,,,,,,,,,,,,,,,,,,,,,,,,,,,,,,,,,,,,,,,,,,,,,,,,,,,,,,,,,,,,,,,,,,,,,,,,,,,,,,,,,,,,,,,,,
Mumbai,Maharashtra,India,18.975,72.826,Asia/Kolkata,1789110023,11/9/2026 12:30,1789648200,17-09-2026 18:00:00,28.4,83.1,1,Patchy rain nearby,http://cdn.weatherapi.com/weather/64x64/day/176.png,1063,6.5,10.4,253,WSW,1009,29.8,0,0,0,73,25,31.9,89.4,28.4,83.1,31.9,89.4,23,73.4,0,8,0,0,10,6,6.9,11.2,6,24.5,76.1,null,null,null,null,null,null,null,null,353.79,88.29,160.16,330.01,,,,,,,,,,,,,,,,,,,,,,,,,,,,,,,,,,,,,,,,,,,,,,,,,,,,,,,,,,,,,,,,,,,,,,,,,,,,,,,,,,,,,,,,,,,,,
Mumbai,Maharashtra,India,18.975,72.826,Asia/Kolkata,1789110023,11/9/2026 12:30,1789651800,17-09-2026 19:00:00,28.2,82.8,0,Clear,http://cdn.weatherapi.com/weather/64x64/night/113.png,1000,5.8,9.4,249,WSW,1010,29.82,0,0,0,74,51,31.7,89.1,28.2,82.8,31.9,89.4,23.2,73.8,0,11,0,0,10,6,6,9.7,0,24.5,76.2,null,null,null,null,null,null,null,null,0,0,0,0,,,,,,,,,,,,,,,,,,,,,,,,,,,,,,,,,,,,,,,,,,,,,,,,,,,,,,,,,,,,,,,,,,,,,,,,,,,,,,,,,,,,,,,,,,,,,
Mumbai,Maharashtra,India,18.975,72.826,Asia/Kolkata,1789110023,11/9/2026 12:30,1789655400,17-09-2026 20:00:00,28.1,82.6,0,Patchy rain nearby,http://cdn.weatherapi.com/weather/64x64/night/176.png,1063,5.1,8.3,244,WSW,1010,29.83,0,0,0,76,76,31.7,89.1,28.1,82.6,31.9,89.5,23.4,74.2,0,19,0,0,10,6,5.4,8.6,0,24.7,76.5,null,null,null,null,null,null,null,null,0,0,0,0,,,,,,,,,,,,,,,,,,,,,,,,,,,,,,,,,,,,,,,,,,,,,,,,,,,,,,,,,,,,,,,,,,,,,,,,,,,,,,,,,,,,,,,,,,,,,
Mumbai,Maharashtra,India,18.975,72.826,Asia/Kolkata,1789110023,11/9/2026 12:30,1789659000,17-09-2026 21:00:00,28.1,82.6,0,Clear,http://cdn.weatherapi.com/weather/64x64/night/113.png,1000,5.1,8.3,239,WSW,1010,29.83,0,0,0,76,51,31.7,89.1,28.1,82.6,31.8,89.2,23.4,74.1,0,12,0,0,10,6,8.3,13.3,0,24.7,76.5,null,null,null,null,null,null,null,null,0,0,0,0,,,,,,,,,,,,,,,,,,,,,,,,,,,,,,,,,,,,,,,,,,,,,,,,,,,,,,,,,,,,,,,,,,,,,,,,,,,,,,,,,,,,,,,,,,,,,
Mumbai,Maharashtra,India,18.975,72.826,Asia/Kolkata,1789110023,11/9/2026 12:30,1789662600,17-09-2026 22:00:00,28,82.4,0,Patchy rain nearby,http://cdn.weatherapi.com/weather/64x64/night/176.png,1063,5.4,8.6,233,SW,1010,29.84,0,0,0,76,25,31.6,88.9,28,82.4,31.8,89.2,23.5,74.3,0,9,0,0,10,6,11.4,18.4,0,24.7,76.4,null,null,null,null,null,null,null,null,0,0,0,0,,,,,,,,,,,,,,,,,,,,,,,,,,,,,,,,,,,,,,,,,,,,,,,,,,,,,,,,,,,,,,,,,,,,,,,,,,,,,,,,,,,,,,,,,,,,,
Mumbai,Maharashtra,India,18.975,72.826,Asia/Kolkata,1789110023,11/9/2026 12:30,1789666200,17-09-2026 23:00:00,27.9,82.3,0,Clear,http://cdn.weatherapi.com/weather/64x64/night/113.png,1000,5.4,8.6,228,SW,1010,29.84,0,0,0,77,0,31.5,88.7,27.9,82.3,31.7,89,23.5,74.2,0,8,0,0,10,6,14.3,23,0,24.7,76.4,null,null,null,null,null,null,null,null,0,0,0,0,,,,,,,,,,,,,,,,,,,,,,,,,,,,,,,,,,,,,,,,,,,,,,,,,,,,,,,,,,,,,,,,,,,,,,,,,,,,,,,,,,,,,,,,,,,,,
Udaipur,Rajasthan,India,27.7167,75.4833,Asia/Kolkata,1789110024,11/9/2026 12:30,1789065000,11/9/2026 0:00,29.5,85.1,0,Overcast,http://cdn.weatherapi.com/weather/64x64/night/122.png,1009,7.8,12.6,234,SW,1008,29.77,0,0,0,48,91,30,86,29.5,85.1,30.5,86.8,17.3,63.1,0,10,0,0,10,6,13.3,21.3,0,21.2,70.2,258,22.2,40,4.8,21.2,30.7,2,2,0,0,0,0,,,,,,,,,,,,,,,,,,,,,,,,,,,,,,,,,,,,,,,,,,,,,,,,,,,,,,,,,,,,,,,,,,,,,,,,,,,,,,,,,,,,,,,,,,,,,
Udaipur,Rajasthan,India,27.7167,75.4833,Asia/Kolkata,1789110024,11/9/2026 12:30,1789068600,11/9/2026 1:00,29,84.1,0,Overcast,http://cdn.weatherapi.com/weather/64x64/night/122.png,1009,7.8,12.6,237,WSW,1008,29.76,0,0,0,52,99,29.8,85.6,29,84.1,30.2,86.3,18.1,64.5,0,12,0,0,10,6,14.6,23.4,0,21.5,70.7,220,21.4,39,4.5,20.4,30.3,2,2,0,0,0,0,,,,,,,,,,,,,,,,,,,,,,,,,,,,,,,,,,,,,,,,,,,,,,,,,,,,,,,,,,,,,,,,,,,,,,,,,,,,,,,,,,,,,,,,,,,,,
Udaipur,Rajasthan,India,27.7167,75.4833,Asia/Kolkata,1789110024,11/9/2026 12:30,1789072200,11/9/2026 2:00,28.5,83.2,0,Clear,http://cdn.weatherapi.com/weather/64x64/night/113.png,1000,7.8,12.6,235,SW,1008,29.76,0,0,0,57,4,29.7,85.5,28.5,83.2,30,86.1,19,66.3,0,3,0,0,10,6,17.5,28.2,0,21.9,71.5,192,21.1,37,4.3,20,30.3,2,2,0,0,0,0,,,,,,,,,,,,,,,,,,,,,,,,,,,,,,,,,,,,,,,,,,,,,,,,,,,,,,,,,,,,,,,,,,,,,,,,,,,,,,,,,,,,,,,,,,,,,
Udaipur,Rajasthan,India,27.7167,75.4833,Asia/Kolkata,1789110024,11/9/2026 12:30,1789075800,11/9/2026 3:00,28.1,82.6,0,Clear,http://cdn.weatherapi.com/weather/64x64/night/113.png,1000,7.6,12.2,237,WSW,1008,29.76,0,0,0,58,3,29.4,84.9,28.1,82.6,29.7,85.4,19,66.2,0,3,0,0,10,6,17,27.4,0,21.8,71.3,182,22.4,33,4.4,20.3,31.5,2,2,0,0,0,0,,,,,,,,,,,,,,,,,,,,,,,,,,,,,,,,,,,,,,,,,,,,,,,,,,,,,,,,,,,,,,,,,,,,,,,,,,,,,,,,,,,,,,,,,,,,,
Udaipur,Rajasthan,India,27.7167,75.4833,Asia/Kolkata,1789110024,11/9/2026 12:30,1789079400,11/9/2026 4:00,27.8,82,0,Clear,http://cdn.weatherapi.com/weather/64x64/night/113.png,1000,7.2,11.5,245,WSW,1008,29.76,0,0,0,59,4,29,84.2,27.8,82,29.3,84.7,19,66.1,0,3,0,0,10,6,16.8,27,0,21.7,71,181,24.1,28,4.5,20.9,33.3,2,2,0,0,0,0,,,,,,,,,,,,,,,,,,,,,,,,,,,,,,,,,,,,,,,,,,,,,,,,,,,,,,,,,,,,,,,,,,,,,,,,,,,,,,,,,,,,,,,,,,,,,
Udaipur,Rajasthan,India,27.7167,75.4833,Asia/Kolkata,1789110024,11/9/2026 12:30,1789083000,11/9/2026 5:00,27.5,81.4,0,Clear,http://cdn.weatherapi.com/weather/64x64/night/113.png,1000,6.9,11.2,248,WSW,1008,29.78,0,0,0,60,5,28.7,83.7,27.5,81.4,28.9,84.1,18.9,66.1,0,3,0,0,10,6,16.6,26.7,0,21.6,70.9,182,23.8,28,4.6,21.7,35.4,2,2,0,0,0,0,,,,,,,,,,,,,,,,,,,,,,,,,,,,,,,,,,,,,,,,,,,,,,,,,,,,,,,,,,,,,,,,,,,,,,,,,,,,,,,,,,,,,,,,,,,,,
Udaipur,Rajasthan,India,27.7167,75.4833,Asia/Kolkata,1789110024,11/9/2026 12:30,1789086600,11/9/2026 6:00,27,80.6,1,Sunny,http://cdn.weatherapi.com/weather/64x64/day/113.png,1000,6.5,10.4,251,WSW,1009,29.8,0,0,0,62,6,28.2,82.8,27,80.6,28.5,83.3,19.1,66.3,0,4,0,0,10,6,14.8,23.8,0,21.5,70.8,185,19.7,35,4.5,22.7,39,2,2,2.12,1.06,0,2.02,,,,,,,,,,,,,,,,,,,,,,,,,,,,,,,,,,,,,,,,,,,,,,,,,,,,,,,,,,,,,,,,,,,,,,,,,,,,,,,,,,,,,,,,,,,,,
Udaipur,Rajasthan,India,27.7167,75.4833,Asia/Kolkata,1789110024,11/9/2026 12:30,1789090200,11/9/2026 7:00,25.9,78.6,1,Sunny,http://cdn.weatherapi.com/weather/64x64/day/113.png,1000,5.8,9.4,259,W,1010,29.81,0,0,0,58,5,26.6,79.9,25.9,78.6,27,80.5,17,62.6,0,3,0,0,10,6,16.8,27,0.5,20,67.9,189,13.6,47,4.3,23.8,41.6,2,2,49.66,20.82,0.21,47.31,,,,,,,,,,,,,,,,,,,,,,,,,,,,,,,,,,,,,,,,,,,,,,,,,,,,,,,,,,,,,,,,,,,,,,,,,,,,,,,,,,,,,,,,,,,,,
Udaipur,Rajasthan,India,27.7167,75.4833,Asia/Kolkata,1789110024,11/9/2026 12:30,1789093800,11/9/2026 8:00,27.5,81.5,1,Sunny,http://cdn.weatherapi.com/weather/64x64/day/113.png,1000,9.8,15.8,278,W,1010,29.83,0,0,0,49,3,27.9,82.2,27.5,81.5,28.1,82.6,15.9,60.7,0,2,0,0,10,6,16.1,26,1.9,19.9,67.8,187,8.5,62,4.2,25.4,55.5,2,3,136.78,40.47,1.56,130.09,,,,,,,,,,,,,,,,,,,,,,,,,,,,,,,,,,,,,,,,,,,,,,,,,,,,,,,,,,,,,,,,,,,,,,,,,,,,,,,,,,,,,,,,,,,,,
Udaipur,Rajasthan,India,27.7167,75.4833,Asia/Kolkata,1789110024,11/9/2026 12:30,1789097400,11/9/2026 9:00,29.7,85.5,1,Sunny,http://cdn.weatherapi.com/weather/64x64/day/113.png,1000,11,17.6,289,WNW,1010,29.83,0,0,0,42,3,29.6,85.3,29.7,85.5,30.1,86.1,15.6,60.1,0,1,0,0,10,6,14,22.5,4.2,20.4,68.7,173,5.4,83,4.4,31.3,94.1,2,3,233.82,55.87,4.57,221.95,,,,,,,,,,,,,,,,,,,,,,,,,,,,,,,,,,,,,,,,,,,,,,,,,,,,,,,,,,,,,,,,,,,,,,,,,,,,,,,,,,,,,,,,,,,,,
Udaipur,Rajasthan,India,27.7167,75.4833,Asia/Kolkata,1789110024,11/9/2026 12:30,1789101000,11/9/2026 10:00,31.6,88.9,1,Sunny,http://cdn.weatherapi.com/weather/64x64/day/113.png,1000,11.4,18.4,303,WNW,1010,29.82,0,0,0,36,0,29.5,85.1,31.6,88.9,31.6,88.8,14.6,58.3,0,1,0,0,10,6,12.3,19.8,6.9,20.5,68.8,153,3.2,108,4.6,36,129.5,2,4,328.1,67.89,12.95,309.94,,,,,,,,,,,,,,,,,,,,,,,,,,,,,,,,,,,,,,,,,,,,,,,,,,,,,,,,,,,,,,,,,,,,,,,,,,,,,,,,,,,,,,,,,,,,,
Udaipur,Rajasthan,India,27.7167,75.4833,Asia/Kolkata,1789110024,11/9/2026 12:30,1789104600,11/9/2026 11:00,33.2,91.7,1,Sunny,http://cdn.weatherapi.com/weather/64x64/day/113.png,1000,10.1,16.2,324,NW,1009,29.79,0,0,0,31,4,31.2,88.2,33.2,91.7,32.8,91.1,13.6,56.5,0,1,0,0,10,6,10.3,16.6,9,20.5,68.8,137,1.7,129,5,36.2,130.9,2,4,412.3,77.22,40.31,384.01,,,,,,,,,,,,,,,,,,,,,,,,,,,,,,,,,,,,,,,,,,,,,,,,,,,,,,,,,,,,,,,,,,,,,,,,,,,,,,,,,,,,,,,,,,,,,
Udaipur,Rajasthan,India,27.7167,75.4833,Asia/Kolkata,1789110024,11/9/2026 12:30,1789108200,11/9/2026 12:00,34.2,93.5,1,Partly Cloudy,http://cdn.weatherapi.com/weather/64x64/day/116.png,1003,8.9,14.4,346,NNW,1008,29.77,0,0,0,27,51,32.3,90.1,34.2,93.5,33.6,92.5,12.8,55,0,3,0,0,10,6,9.2,14.8,9.8,20.4,68.7,129,1,142,5.5,34.7,109.7,2,3,897.82,127.78,815.78,670.14,,,,,,,,,,,,,,,,,,,,,,,,,,,,,,,,,,,,,,,,,,,,,,,,,,,,,,,,,,,,,,,,,,,,,,,,,,,,,,,,,,,,,,,,,,,,,
Udaipur,Rajasthan,India,27.7167,75.4833,Asia/Kolkata,1789110024,11/9/2026 12:30,1789111800,11/9/2026 13:00,34.8,94.7,1,Overcast,http://cdn.weatherapi.com/weather/64x64/day/122.png,1009,8.1,13,3,N,1007,29.73,0,0,0,26,100,33,91.4,34.8,94.7,34.1,93.4,12.3,54.1,0,9,0,0,10,6,8.7,14,8.9,20.4,68.7,126,1,150,6,34.2,97.1,2,3,895.38,127.25,811.65,668.76,,,,,,,,,,,,,,,,,,,,,,,,,,,,,,,,,,,,,,,,,,,,,,,,,,,,,,,,,,,,,,,,,,,,,,,,,,,,,,,,,,,,,,,,,,,,,
Udaipur,Rajasthan,India,27.7167,75.4833,Asia/Kolkata,1789110024,11/9/2026 12:30,1789115400,11/9/2026 14:00,35.1,95.2,1,Overcast,http://cdn.weatherapi.com/weather/64x64/day/122.png,1009,7.8,12.6,11,NNE,1006,29.7,0,0,0,24,96,33.3,91.9,35.1,95.2,34.3,93.7,11.9,53.3,0,9,0,0,10,6,9,14.5,6.7,20.3,68.5,128,1.4,155,6.5,33.9,87.1,2,3,869.7,125.5,765.14,654.87,,,,,,,,,,,,,,,,,,,,,,,,,,,,,,,,,,,,,,,,,,,,,,,,,,,,,,,,,,,,,,,,,,,,,,,,,,,,,,,,,,,,,,,,,,,,,
Udaipur,Rajasthan,India,27.7167,75.4833,Asia/Kolkata,1789110024,11/9/2026 12:30,1789119000,11/9/2026 15:00,35.3,95.5,1,Overcast,http://cdn.weatherapi.com/weather/64x64/day/122.png,1009,7.8,12.6,15,NNE,1005,29.68,0,0,0,24,100,33.3,91.9,35.3,95.5,34.3,93.7,11.5,52.8,0,9,0,0,10,6,9.4,15.2,4,20.2,68.3,132,2.3,157,6.8,33.5,79.4,2,3,822.52,122.35,668.92,631.83,,,,,,,,,,,,,,,,,,,,,,,,,,,,,,,,,,,,,,,,,,,,,,,,,,,,,,,,,,,,,,,,,,,,,,,,,,,,,,,,,,,,,,,,,,,,,
Udaipur,Rajasthan,India,27.7167,75.4833,Asia/Kolkata,1789110024,11/9/2026 12:30,1789122600,11/9/2026 16:00,35,95.1,1,Overcast,http://cdn.weatherapi.com/weather/64x64/day/122.png,1009,8.1,13,21,NNE,1005,29.67,0,0,0,24,100,32.9,91.2,35,95.1,34,93.1,11.3,52.3,0,9,0,0,10,6,10.2,16.3,1.8,20,68,141,3.5,155,7.1,33.2,73.1,2,3,756.72,117.5,525.44,601.81,,,,,,,,,,,,,,,,,,,,,,,,,,,,,,,,,,,,,,,,,,,,,,,,,,,,,,,,,,,,,,,,,,,,,,,,,,,,,,,,,,,,,,,,,,,,,
Udaipur,Rajasthan,India,27.7167,75.4833,Asia/Kolkata,1789110024,11/9/2026 12:30,1789126200,11/9/2026 17:00,34.1,93.4,1,Overcast,http://cdn.weatherapi.com/weather/64x64/day/122.png,1009,6.7,10.8,30,NNE,1005,29.67,0,0,0,27,100,32.7,90.9,34.1,93.4,33.3,92,12.4,54.2,0,9,0,0,10,6,9,14.5,0.5,20.2,68.3,165,4.6,154,7.5,34,65.9,2,3,676.34,110.91,358.53,563.22,,,,,,,,,,,,,,,,,,,,,,,,,,,,,,,,,,,,,,,,,,,,,,,,,,,,,,,,,,,,,,,,,,,,,,,,,,,,,,,,,,,,,,,,,,,,,
Udaipur,Rajasthan,India,27.7167,75.4833,Asia/Kolkata,1789110024,11/9/2026 12:30,1789129800,11/9/2026 18:00,34.7,94.5,1,Overcast,http://cdn.weatherapi.com/weather/64x64/day/122.png,1009,6.3,10.1,54,NE,1005,29.68,0,0,0,32,100,34.7,94.5,34.8,94.6,35.5,95.9,15.8,60.4,0,9,0,0,10,6,6.7,10.8,0,22,71.6,217,5.3,155,8.4,36,64.3,2,4,70.8,31,0.42,67.42,,,,,,,,,,,,,,,,,,,,,,,,,,,,,,,,,,,,,,,,,,,,,,,,,,,,,,,,,,,,,,,,,,,,,,,,,,,,,,,,,,,,,,,,,,,,,
Udaipur,Rajasthan,India,27.7167,75.4833,Asia/Kolkata,1789110024,11/9/2026 12:30,1789133400,11/9/2026 19:00,33.6,92.5,0,Overcast,http://cdn.weatherapi.com/weather/64x64/night/122.png,1009,7.2,11.5,89,E,1006,29.69,0,0,0,35,100,33.4,92.1,33.6,92.5,34.3,93.8,16,60.7,0,9,0,0,10,6,8.1,13.1,0,21.7,71.1,284,5.8,157,9.4,38.9,64,2,4,0,0,0,0,,,,,,,,,,,,,,,,,,,,,,,,,,,,,,,,,,,,,,,,,,,,,,,,,,,,,,,,,,,,,,,,,,,,,,,,,,,,,,,,,,,,,,,,,,,,,
Udaipur,Rajasthan,India,27.7167,75.4833,Asia/Kolkata,1789110024,11/9/2026 12:30,1789137000,11/9/2026 20:00,33,91.5,0,Overcast,http://cdn.weatherapi.com/weather/64x64/night/122.png,1009,8.3,13.3,112,ESE,1006,29.72,0,0,0,38,100,32.8,91,33,91.5,34.1,93.4,16.8,62.2,0,10,0,0,10,6,15.9,25.6,0,22,71.6,341,6.5,154,10,38.8,59.6,2,4,0,0,0,0,,,,,,,,,,,,,,,,,,,,,,,,,,,,,,,,,,,,,,,,,,,,,,,,,,,,,,,,,,,,,,,,,,,,,,,,,,,,,,,,,,,,,,,,,,,,,
Udaipur,Rajasthan,India,27.7167,75.4833,Asia/Kolkata,1789110024,11/9/2026 12:30,1789140600,11/9/2026 21:00,32.3,90.1,0,Overcast,http://cdn.weatherapi.com/weather/64x64/night/122.png,1009,6.9,11.2,115,ESE,1007,29.73,0,0,0,40,100,32.7,90.9,32.3,90.1,33.4,92.1,17.1,62.8,0,10,0,0,10,6,9.2,14.8,0,22,71.5,380,7.5,143,9.7,33.2,41.4,2,3,0,0,0,0,,,,,,,,,,,,,,,,,,,,,,,,,,,,,,,,,,,,,,,,,,,,,,,,,,,,,,,,,,,,,,,,,,,,,,,,,,,,,,,,,,,,,,,,,,,,,
Udaipur,Rajasthan,India,27.7167,75.4833,Asia/Kolkata,1789110024,11/9/2026 12:30,1789144200,11/9/2026 22:00,31.5,88.7,0,Overcast,http://cdn.weatherapi.com/weather/64x64/night/122.png,1009,7.2,11.5,118,ESE,1007,29.73,0,0,0,43,100,32,89.6,31.5,88.6,32.6,90.7,17.4,63.3,0,10,0,0,10,6,9.9,15.9,0,21.9,71.4,409,8.6,129,9,29.3,32.7,2,3,0,0,0,0,,,,,,,,,,,,,,,,,,,,,,,,,,,,,,,,,,,,,,,,,,,,,,,,,,,,,,,,,,,,,,,,,,,,,,,,,,,,,,,,,,,,,,,,,,,,,
Udaipur,Rajasthan,India,27.7167,75.4833,Asia/Kolkata,1789110024,11/9/2026 12:30,1789147800,11/9/2026 23:00,30.1,86.2,0,Overcast,http://cdn.weatherapi.com/weather/64x64/night/122.png,1009,7.6,12.2,129,SE,1007,29.73,0,0,0,49,100,31,87.8,30.1,86.2,31.5,88.6,18.2,64.7,0,11,0,0,10,6,11.7,18.8,0,21.9,71.5,426,9.3,116,8.4,25.9,27.4,2,3,0,0,0,0,,,,,,,,,,,,,,,,,,,,,,,,,,,,,,,,,,,,,,,,,,,,,,,,,,,,,,,,,,,,,,,,,,,,,,,,,,,,,,,,,,,,,,,,,,,,,
Udaipur,Rajasthan,India,27.7167,75.4833,Asia/Kolkata,1789110024,11/9/2026 12:30,1789151400,12/9/2026 0:00,29.1,84.3,0,Overcast,http://cdn.weatherapi.com/weather/64x64/night/122.png,1009,7.6,12.2,138,SE,1007,29.73,0,0,0,56,100,30.6,87.1,29.1,84.3,30.9,87.6,19.4,66.9,0,13,0,0,10,6,13.4,21.6,0,22.4,72.2,428,9.2,108,8.1,22.8,23.4,2,2,0,0,0,0,,,,,,,,,,,,,,,,,,,,,,,,,,,,,,,,,,,,,,,,,,,,,,,,,,,,,,,,,,,,,,,,,,,,,,,,,,,,,,,,,,,,,,,,,,,,,
Udaipur,Rajasthan,India,27.7167,75.4833,Asia/Kolkata,1789110024,11/9/2026 12:30,1789155000,12/9/2026 1:00,26.8,80.2,0,Overcast,http://cdn.weatherapi.com/weather/64x64/night/122.png,1009,6,9.7,141,SE,1006,29.71,0,0,0,65,100,28.2,82.8,26.8,80.2,28.5,83.3,19.8,67.6,0,16,0,0,10,6,8.6,13.8,0,21.9,71.4,418,8.6,102,8,20.7,21,2,2,0,0,0,0,,,,,,,,,,,,,,,,,,,,,,,,,,,,,,,,,,,,,,,,,,,,,,,,,,,,,,,,,,,,,,,,,,,,,,,,,,,,,,,,,,,,,,,,,,,,,
Udaipur,Rajasthan,India,27.7167,75.4833,Asia/Kolkata,1789110024,11/9/2026 12:30,1789158600,12/9/2026 2:00,26.6,79.8,0,Overcast,http://cdn.weatherapi.com/weather/64x64/night/122.png,1009,6,9.7,140,SE,1006,29.71,0,0,0,67,100,28,82.4,26.6,79.8,28.3,82.9,19.8,67.7,0,16,0,0,10,6,8.3,13.4,0,21.9,71.4,402,7.9,97,7.9,19.1,19.2,2,2,0,0,0,0,,,,,,,,,,,,,,,,,,,,,,,,,,,,,,,,,,,,,,,,,,,,,,,,,,,,,,,,,,,,,,,,,,,,,,,,,,,,,,,,,,,,,,,,,,,,,
Udaipur,Rajasthan,India,27.7167,75.4833,Asia/Kolkata,1789110024,11/9/2026 12:30,1789162200,12/9/2026 3:00,26.3,79.3,0,Overcast,http://cdn.weatherapi.com/weather/64x64/night/122.png,1009,6,9.7,141,SE,1006,29.71,0,0,0,68,98,27.8,82,26.3,79.3,28,82.4,19.9,67.7,0,16,0,0,10,6,7.9,12.7,0,21.8,71.3,380,6.9,94,7.9,17.2,17.3,2,2,0,0,0,0,,,,,,,,,,,,,,,,,,,,,,,,,,,,,,,,,,,,,,,,,,,,,,,,,,,,,,,,,,,,,,,,,,,,,,,,,,,,,,,,,,,,,,,,,,,,,
Udaipur,Rajasthan,India,27.7167,75.4833,Asia/Kolkata,1789110024,11/9/2026 12:30,1789165800,12/9/2026 4:00,26.1,78.9,0,Overcast,http://cdn.weatherapi.com/weather/64x64/night/122.png,1009,5.1,8.3,143,SE,1007,29.72,0,0,0,72,100,28,82.4,26.1,78.9,28,82.5,20.7,69.2,0,19,0,0,10,6,6.5,10.5,0,22.3,72.1,353,5.8,93,7.9,15.4,15.5,1,2,0,0,0,0,,,,,,,,,,,,,,,,,,,,,,,,,,,,,,,,,,,,,,,,,,,,,,,,,,,,,,,,,,,,,,,,,,,,,,,,,,,,,,,,,,,,,,,,,,,,,
Udaipur,Rajasthan,India,27.7167,75.4833,Asia/Kolkata,1789110024,11/9/2026 12:30,1789169400,12/9/2026 5:00,25.6,78.2,0,Overcast,http://cdn.weatherapi.com/weather/64x64/night/122.png,1009,4.5,7.2,131,SE,1007,29.74,0,0,0,71,100,27.6,81.7,25.6,78.2,27.4,81.3,20.1,68.1,0,18,0,0,10,6,5.8,9.4,0,21.8,71.2,331,4.9,93,7.8,14.1,14.1,1,2,0,0,0,0,,,,,,,,,,,,,,,,,,,,,,,,,,,,,,,,,,,,,,,,,,,,,,,,,,,,,,,,,,,,,,,,,,,,,,,,,,,,,,,,,,,,,,,,,,,,,
Udaipur,Rajasthan,India,27.7167,75.4833,Asia/Kolkata,1789110024,11/9/2026 12:30,1789173000,12/9/2026 6:00,25.7,78.2,1,Overcast,http://cdn.weatherapi.com/weather/64x64/day/122.png,1009,4.9,7.9,127,SE,1008,29.76,0,0,0,72,100,27.6,81.7,25.7,78.2,27.5,81.5,20.2,68.4,0,19,0,0,10,6,6.3,10.1,0,21.9,71.4,320,4.6,92,7.6,12.7,12.7,1,2,0.3,0.18,0,0.29,,,,,,,,,,,,,,,,,,,,,,,,,,,,,,,,,,,,,,,,,,,,,,,,,,,,,,,,,,,,,,,,,,,,,,,,,,,,,,,,,,,,,,,,,,,,,
Udaipur,Rajasthan,India,27.7167,75.4833,Asia/Kolkata,1789110024,11/9/2026 12:30,1789176600,12/9/2026 7:00,25.5,78,1,Overcast,http://cdn.weatherapi.com/weather/64x64/day/122.png,1009,5.4,8.6,123,ESE,1008,29.78,0,0,0,73,100,27.5,81.5,25.6,78,27.4,81.3,20.4,68.7,0,19,0,0,10,6,7.4,11.9,0.1,21.9,71.5,314,4.6,92,7.3,11.6,11.6,1,1,3.1,2.13,0,2.96,,,,,,,,,,,,,,,,,,,,,,,,,,,,,,,,,,,,,,,,,,,,,,,,,,,,,,,,,,,,,,,,,,,,,,,,,,,,,,,,,,,,,,,,,,,,,
Udaipur,Rajasthan,India,27.7167,75.4833,Asia/Kolkata,1789110024,11/9/2026 12:30,1789180200,12/9/2026 8:00,25.7,78.2,1,Overcast,http://cdn.weatherapi.com/weather/64x64/day/122.png,1009,5.6,9,105,ESE,1009,29.8,0,0,0,73,100,27.5,81.5,25.7,78.2,27.6,81.6,20.4,68.8,0,19,0,0,10,6,8.9,14.4,0.3,22,71.6,306,4.4,94,6.9,11.1,11.1,1,1,8.34,5.74,0.01,7.95,,,,,,,,,,,,,,,,,,,,,,,,,,,,,,,,,,,,,,,,,,,,,,,,,,,,,,,,,,,,,,,,,,,,,,,,,,,,,,,,,,,,,,,,,,,,,
Udaipur,Rajasthan,India,27.7167,75.4833,Asia/Kolkata,1789110024,11/9/2026 12:30,1789183800,12/9/2026 9:00,26.4,79.6,1,Light drizzle,http://cdn.weatherapi.com/weather/64x64/day/266.png,1153,6.5,10.4,116,ESE,1010,29.82,0,0,0,67,100,27.9,82.2,26.5,79.6,28.2,82.7,19.8,67.7,0,51,0,0,2,1,10.5,16.9,1,21.9,71.3,296,3.6,102,6.4,11,11.1,1,1,28.28,17.72,0.07,26.95,,,,,,,,,,,,,,,,,,,,,,,,,,,,,,,,,,,,,,,,,,,,,,,,,,,,,,,,,,,,,,,,,,,,,,,,,,,,,,,,,,,,,,,,,,,,,
Udaipur,Rajasthan,India,27.7167,75.4833,Asia/Kolkata,1789110024,11/9/2026 12:30,1789187400,12/9/2026 10:00,26.9,80.4,1,Patchy rain nearby,http://cdn.weatherapi.com/weather/64x64/day/176.png,1063,11.4,18.4,122,ESE,1010,29.82,0,0,0,65,100,28.2,82.8,26.9,80.4,28.6,83.5,19.8,67.6,0,24,0,0,10,6,15,24.1,2.6,22,71.5,284,2.5,112,5.7,10.9,11,1,1,76.92,44.89,0.49,73.24,,,,,,,,,,,,,,,,,,,,,,,,,,,,,,,,,,,,,,,,,,,,,,,,,,,,,,,,,,,,,,,,,,,,,,,,,,,,,,,,,,,,,,,,,,,,,
Udaipur,Rajasthan,India,27.7167,75.4833,Asia/Kolkata,1789110024,11/9/2026 12:30,1789191000,12/9/2026 11:00,24.9,76.7,1,Patchy rain nearby,http://cdn.weatherapi.com/weather/64x64/day/176.png,1063,7.8,12.6,129,SE,1010,29.82,0,0,0,76,100,26.3,79.3,24.9,76.7,26.7,80,20.3,68.5,0,22,0,0,10,6,10.1,16.2,1.5,21.7,71,269,1.8,120,5.1,10.9,11.1,1,1,88.83,52.8,0.66,84.57,,,,,,,,,,,,,,,,,,,,,,,,,,,,,,,,,,,,,,,,,,,,,,,,,,,,,,,,,,,,,,,,,,,,,,,,,,,,,,,,,,,,,,,,,,,,,
Udaipur,Rajasthan,India,27.7167,75.4833,Asia/Kolkata,1789110024,11/9/2026 12:30,1789194600,12/9/2026 12:00,25.3,77.6,1,Overcast,http://cdn.weatherapi.com/weather/64x64/day/122.png,1009,5.6,9,121,ESE,1009,29.79,0,0,0,73,100,27.2,81,25.4,77.6,27.1,80.8,20.1,68.2,0,19,0,0,10,6,7.4,11.9,1.7,21.7,71.1,246,1.6,124,4.5,10.9,11,1,1,130.32,84.54,1.42,123.96,,,,,,,,,,,,,,,,,,,,,,,,,,,,,,,,,,,,,,,,,,,,,,,,,,,,,,,,,,,,,,,,,,,,,,,,,,,,,,,,,,,,,,,,,,,,,
Udaipur,Rajasthan,India,27.7167,75.4833,Asia/Kolkata,1789110024,11/9/2026 12:30,1789198200,12/9/2026 13:00,26.1,78.9,1,Overcast,http://cdn.weatherapi.com/weather/64x64/day/122.png,1009,5.8,9.4,105,ESE,1008,29.77,0,0,0,68,100,27.6,81.7,26.1,78.9,27.7,81.9,19.7,67.5,0,17,0,0,10,6,9.7,15.6,2.1,21.7,71,219,1.7,125,3.9,10.6,10.7,1,1,121.08,78.7,1.22,115.19,,,,,,,,,,,,,,,,,,,,,,,,,,,,,,,,,,,,,,,,,,,,,,,,,,,,,,,,,,,,,,,,,,,,,,,,,,,,,,,,,,,,,,,,,,,,,
Udaipur,Rajasthan,India,27.7167,75.4833,Asia/Kolkata,1789110024,11/9/2026 12:30,1789201800,12/9/2026 14:00,26.5,79.7,1,Overcast,http://cdn.weatherapi.com/weather/64x64/day/122.png,1009,4.9,7.9,99,E,1007,29.75,0,0,0,65,100,27.9,82.2,26.5,79.7,28.1,82.6,19.4,67,0,16,0,0,10,6,7.4,11.9,1.5,21.6,70.9,203,1.9,126,3.4,10.7,10.7,1,1,116.96,75.67,1.14,111.28,,,,,,,,,,,,,,,,,,,,,,,,,,,,,,,,,,,,,,,,,,,,,,,,,,,,,,,,,,,,,,,,,,,,,,,,,,,,,,,,,,,,,,,,,,,,,
Udaipur,Rajasthan,India,27.7167,75.4833,Asia/Kolkata,1789110024,11/9/2026 12:30,1789205400,12/9/2026 15:00,26.4,79.5,1,Overcast,http://cdn.weatherapi.com/weather/64x64/day/122.png,1009,3.1,5,91,E,1007,29.74,0,0,0,65,100,28,82.4,26.4,79.5,28,82.3,19.4,66.9,0,16,0,0,10,6,4.9,7.9,0.6,21.5,70.8,205,2.1,126,3.1,10.5,10.6,1,1,103.12,67,0.89,98.14,,,,,,,,,,,,,,,,,,,,,,,,,,,,,,,,,,,,,,,,,,,,,,,,,,,,,,,,,,,,,,,,,,,,,,,,,,,,,,,,,,,,,,,,,,,,,
Udaipur,Rajasthan,India,27.7167,75.4833,Asia/Kolkata,1789110024,11/9/2026 12:30,1789209000,12/9/2026 16:00,26.1,79,1,Overcast,http://cdn.weatherapi.com/weather/64x64/day/122.png,1009,2.2,3.6,70,ENE,1007,29.74,0,0,0,68,100,28.1,82.6,26.1,79,27.8,82,19.7,67.4,0,17,0,0,10,6,2.9,4.7,0.2,21.6,71,219,2.6,125,3,11.1,11.4,1,1,88.91,58.05,0.66,84.64,,,,,,,,,,,,,,,,,,,,,,,,,,,,,,,,,,,,,,,,,,,,,,,,,,,,,,,,,,,,,,,,,,,,,,,,,,,,,,,,,,,,,,,,,,,,,
Udaipur,Rajasthan,India,27.7167,75.4833,Asia/Kolkata,1789110024,11/9/2026 12:30,1789212600,12/9/2026 17:00,25.8,78.4,1,Overcast,http://cdn.weatherapi.com/weather/64x64/day/122.png,1009,1.8,2.9,77,ENE,1007,29.75,0,0,0,70,100,28.1,82.6,25.8,78.4,27.5,81.5,19.9,67.7,0,18,0,0,10,6,1.9,3,0.1,21.7,71,233,3.4,124,3.1,11.9,12.3,1,1,76.54,50.1,0.49,72.89,,,,,,,,,,,,,,,,,,,,,,,,,,,,,,,,,,,,,,,,,,,,,,,,,,,,,,,,,,,,,,,,,,,,,,,,,,,,,,,,,,,,,,,,,,,,,
Udaipur,Rajasthan,India,27.7167,75.4833,Asia/Kolkata,1789110024,11/9/2026 12:30,1789216200,12/9/2026 18:00,26.1,79,1,Overcast,http://cdn.weatherapi.com/weather/64x64/day/122.png,1009,2.5,4,98,E,1008,29.76,0,0,0,69,100,28.2,82.8,26.1,79,27.9,82.2,20,68.1,0,17,0,0,10,6,2.7,4.4,0,21.9,71.4,246,5.1,122,3.6,13.3,13.7,1,2,3.96,2.79,0,3.78,,,,,,,,,,,,,,,,,,,,,,,,,,,,,,,,,,,,,,,,,,,,,,,,,,,,,,,,,,,,,,,,,,,,,,,,,,,,,,,,,,,,,,,,,,,,,
Udaipur,Rajasthan,India,27.7167,75.4833,Asia/Kolkata,1789110024,11/9/2026 12:30,1789219800,12/9/2026 19:00,26.6,79.9,0,Overcast,http://cdn.weatherapi.com/weather/64x64/night/122.png,1009,2.9,4.7,99,E,1008,29.77,0,0,0,68,100,28.4,83.1,26.6,79.9,28.5,83.2,20.2,68.3,0,17,0,0,10,6,3.1,5,0,22.1,71.8,260,7.2,119,4.4,15.3,15.7,1,2,0,0,0,0,,,,,,,,,,,,,,,,,,,,,,,,,,,,,,,,,,,,,,,,,,,,,,,,,,,,,,,,,,,,,,,,,,,,,,,,,,,,,,,,,,,,,,,,,,,,,
Udaipur,Rajasthan,India,27.7167,75.4833,Asia/Kolkata,1789110024,11/9/2026 12:30,1789223400,12/9/2026 20:00,26.9,80.5,0,Overcast,http://cdn.weatherapi.com/weather/64x64/night/122.png,1009,4,6.5,95,E,1008,29.77,0,0,0,67,100,28.5,83.3,26.9,80.5,28.8,83.9,20.2,68.4,0,16,0,0,10,6,4,6.5,0,22.2,72,275,8.9,116,5.1,16.1,16.6,2,2,0,0,0,0,,,,,,,,,,,,,,,,,,,,,,,,,,,,,,,,,,,,,,,,,,,,,,,,,,,,,,,,,,,,,,,,,,,,,,,,,,,,,,,,,,,,,,,,,,,,,
Udaipur,Rajasthan,India,27.7167,75.4833,Asia/Kolkata,1789110024,11/9/2026 12:30,1789227000,12/9/2026 21:00,27.4,81.4,0,Cloudy,http://cdn.weatherapi.com/weather/64x64/night/119.png,1006,5.8,9.4,103,ESE,1008,29.78,0,0,0,68,83,29.4,84.9,27.4,81.4,29.7,85.4,20.9,69.6,0,14,0,0,10,6,7.9,12.6,0,22.8,73.1,292,9.9,111,5.4,15.9,16.5,2,2,0,0,0,0,,,,,,,,,,,,,,,,,,,,,,,,,,,,,,,,,,,,,,,,,,,,,,,,,,,,,,,,,,,,,,,,,,,,,,,,,,,,,,,,,,,,,,,,,,,,,
Udaipur,Rajasthan,India,27.7167,75.4833,Asia/Kolkata,1789110024,11/9/2026 12:30,1789230600,12/9/2026 22:00,27.6,81.7,0,Cloudy,http://cdn.weatherapi.com/weather/64x64/night/119.png,1006,7.4,11.9,118,ESE,1008,29.77,0,0,0,69,84,29.9,85.8,27.6,81.7,30.2,86.3,21.5,70.8,0,15,0,0,10,6,11,17.7,0,23.3,73.9,309,10.4,105,5.6,15.8,16.3,2,2,0,0,0,0,,,,,,,,,,,,,,,,,,,,,,,,,,,,,,,,,,,,,,,,,,,,,,,,,,,,,,,,,,,,,,,,,,,,,,,,,,,,,,,,,,,,,,,,,,,,,
Udaipur,Rajasthan,India,27.7167,75.4833,Asia/Kolkata,1789110024,11/9/2026 12:30,1789234200,12/9/2026 23:00,26.8,80.3,0,Overcast,http://cdn.weatherapi.com/weather/64x64/night/122.png,1009,7.2,11.5,127,SE,1008,29.77,0,0,0,70,95,28.6,83.5,26.8,80.3,29,84.2,21,69.8,0,17,0,0,10,6,15.9,25.6,0,22.7,72.9,321,10.5,101,5.8,15.3,15.8,1,2,0,0,0,0,,,,,,,,,,,,,,,,,,,,,,,,,,,,,,,,,,,,,,,,,,,,,,,,,,,,,,,,,,,,,,,,,,,,,,,,,,,,,,,,,,,,,,,,,,,,,
Udaipur,Rajasthan,India,27.7167,75.4833,Asia/Kolkata,1789110024,11/9/2026 12:30,1789237800,13-09-2026 00:00:00,28.9,84,0,Overcast,http://cdn.weatherapi.com/weather/64x64/night/122.png,1009,5.1,8.3,146,SE,1007,29.73,0,0,0,60,100,30.8,87.4,28.9,84,31.1,87.9,20.3,68.5,0,14,0,0,10,6,5.9,9.5,0,22.8,73.1,327,9.8,99,6,14.2,14.6,1,2,0,0,0,0,,,,,,,,,,,,,,,,,,,,,,,,,,,,,,,,,,,,,,,,,,,,,,,,,,,,,,,,,,,,,,,,,,,,,,,,,,,,,,,,,,,,,,,,,,,,,
Udaipur,Rajasthan,India,27.7167,75.4833,Asia/Kolkata,1789110024,11/9/2026 12:30,1789241400,13-09-2026 01:00:00,29.2,84.6,0,Overcast,http://cdn.weatherapi.com/weather/64x64/night/122.png,1009,5.8,9.4,157,SSE,1007,29.73,0,0,0,61,99,31.6,88.9,29.2,84.6,31.8,89.3,20.9,69.7,0,15,0,0,10,6,6.8,10.9,0,23.3,74,327,8.7,98,6.3,12.9,13.2,1,2,0,0,0,0,,,,,,,,,,,,,,,,,,,,,,,,,,,,,,,,,,,,,,,,,,,,,,,,,,,,,,,,,,,,,,,,,,,,,,,,,,,,,,,,,,,,,,,,,,,,,
Udaipur,Rajasthan,India,27.7167,75.4833,Asia/Kolkata,1789110024,11/9/2026 12:30,1789245000,13-09-2026 02:00:00,28,82.4,0,Patchy rain nearby,http://cdn.weatherapi.com/weather/64x64/night/176.png,1063,6.9,11.2,144,SE,1007,29.73,0,0,0,63,100,29.9,85.8,28,82.4,30.1,86.2,20.4,68.8,0,17,0,0,10,6,9,14.4,0,22.7,72.8,323,7.8,97,6.6,12.3,12.4,1,2,0,0,0,0,,,,,,,,,,,,,,,,,,,,,,,,,,,,,,,,,,,,,,,,,,,,,,,,,,,,,,,,,,,,,,,,,,,,,,,,,,,,,,,,,,,,,,,,,,,,,
Udaipur,Rajasthan,India,27.7167,75.4833,Asia/Kolkata,1789110024,11/9/2026 12:30,1789248600,13-09-2026 03:00:00,26.5,79.7,0,Overcast,http://cdn.weatherapi.com/weather/64x64/night/122.png,1009,7.8,12.6,154,SSE,1007,29.72,0,0,0,68,100,27.9,82.2,26.5,79.7,28.4,83,20.2,68.3,0,17,0,0,10,6,11,17.7,0,22.1,71.8,311,7.5,93,7,13,13,1,2,0,0,0,0,,,,,,,,,,,,,,,,,,,,,,,,,,,,,,,,,,,,,,,,,,,,,,,,,,,,,,,,,,,,,,,,,,,,,,,,,,,,,,,,,,,,,,,,,,,,,
Udaipur,Rajasthan,India,27.7167,75.4833,Asia/Kolkata,1789110024,11/9/2026 12:30,1789252200,13-09-2026 04:00:00,27.6,81.7,0,Patchy rain nearby,http://cdn.weatherapi.com/weather/64x64/night/176.png,1063,11,17.6,154,SSE,1006,29.72,0,0,0,71,100,30.1,86.2,27.6,81.7,30.4,86.6,21.9,71.5,0,20,0,0,10,6,14.8,23.8,0,23.5,74.4,293,7.3,89,7.5,14.3,14.4,1,2,0,0,0,0,,,,,,,,,,,,,,,,,,,,,,,,,,,,,,,,,,,,,,,,,,,,,,,,,,,,,,,,,,,,,,,,,,,,,,,,,,,,,,,,,,,,,,,,,,,,,
Udaipur,Rajasthan,India,27.7167,75.4833,Asia/Kolkata,1789110024,11/9/2026 12:30,1789255800,13-09-2026 05:00:00,28.7,83.7,0,Overcast,http://cdn.weatherapi.com/weather/64x64/night/122.png,1009,3.8,6.1,146,SE,1007,29.73,0,0,0,70,99,32.2,90,28.7,83.7,32.3,90.2,22.8,73,0,18,0,0,10,6,5,8,0,24.4,76,281,7,87,8,15.7,15.8,2,2,0,0,0,0,,,,,,,,,,,,,,,,,,,,,,,,,,,,,,,,,,,,,,,,,,,,,,,,,,,,,,,,,,,,,,,,,,,,,,,,,,,,,,,,,,,,,,,,,,,,,
Udaipur,Rajasthan,India,27.7167,75.4833,Asia/Kolkata,1789110024,11/9/2026 12:30,1789259400,13-09-2026 06:00:00,26.4,79.5,1,Partly Cloudy,http://cdn.weatherapi.com/weather/64x64/day/116.png,1003,2.2,3.6,66,ENE,1008,29.76,0,0,0,70,61,28.4,83.1,26.4,79.5,28.3,83,20.6,69.1,0,11,0,0,10,6,3.2,5.1,0,22.3,72.2,281,6.3,87,8.6,17.1,17.1,2,2,0.78,0.42,0,0.74,,,,,,,,,,,,,,,,,,,,,,,,,,,,,,,,,,,,,,,,,,,,,,,,,,,,,,,,,,,,,,,,,,,,,,,,,,,,,,,,,,,,,,,,,,,,,
Udaipur,Rajasthan,India,27.7167,75.4833,Asia/Kolkata,1789110024,11/9/2026 12:30,1789263000,13-09-2026 07:00:00,26.1,78.9,1,Cloudy,http://cdn.weatherapi.com/weather/64x64/day/119.png,1006,2.5,4,0,N,1008,29.78,0,0,0,67,64,28,82.4,26.1,78.9,27.7,81.8,19.5,67.1,0,11,0,0,10,6,3.7,5.9,0.1,21.5,70.7,286,5.5,89,9.1,14,14.1,1,2,6,3.75,0,5.72,,,,,,,,,,,,,,,,,,,,,,,,,,,,,,,,,,,,,,,,,,,,,,,,,,,,,,,,,,,,,,,,,,,,,,,,,,,,,,,,,,,,,,,,,,,,,
Udaipur,Rajasthan,India,27.7167,75.4833,Asia/Kolkata,1789110024,11/9/2026 12:30,1789266600,13-09-2026 08:00:00,27.7,81.8,1,Partly Cloudy,http://cdn.weatherapi.com/weather/64x64/day/116.png,1003,3.8,6.1,68,ENE,1009,29.79,0,0,0,61,46,29.1,84.4,27.7,81.8,29.4,84.8,19.5,67.1,0,7,0,0,10,6,5.4,8.7,0.5,22,71.6,284,4.6,94,9,12.6,12.7,1,2,12.54,8.14,0.01,11.96,,,,,,,,,,,,,,,,,,,,,,,,,,,,,,,,,,,,,,,,,,,,,,,,,,,,,,,,,,,,,,,,,,,,,,,,,,,,,,,,,,,,,,,,,,,,,
Udaipur,Rajasthan,India,27.7167,75.4833,Asia/Kolkata,1789110024,11/9/2026 12:30,1789270200,13-09-2026 09:00:00,28.3,83,1,Sunny,http://cdn.weatherapi.com/weather/64x64/day/113.png,1000,11,17.6,106,ESE,1010,29.83,0,0,0,59,18,29.9,85.8,28.3,83,30.1,86.3,19.6,67.3,0,4,0,0,10,6,14.8,23.9,3.7,22.3,72.1,268,3.5,105,7.9,11.6,11.8,1,1,112.18,32.34,1.05,106.74,,,,,,,,,,,,,,,,,,,,,,,,,,,,,,,,,,,,,,,,,,,,,,,,,,,,,,,,,,,,,,,,,,,,,,,,,,,,,,,,,,,,,,,,,,,,,
Udaipur,Rajasthan,India,27.7167,75.4833,Asia/Kolkata,1789110024,11/9/2026 12:30,1789273800,13-09-2026 10:00:00,30,85.9,1,Sunny,http://cdn.weatherapi.com/weather/64x64/day/113.png,1000,13.6,22,106,ESE,1010,29.82,0,0,0,53,5,31.4,88.5,30,85.9,31.8,89.3,19.3,66.7,0,2,0,0,10,6,16.6,26.6,6.9,22.5,72.5,246,2.3,118,6.2,11.4,11.7,1,1,225.44,51.41,4.24,214.03,,,,,,,,,,,,,,,,,,,,,,,,,,,,,,,,,,,,,,,,,,,,,,,,,,,,,,,,,,,,,,,,,,,,,,,,,,,,,,,,,,,,,,,,,,,,,
Udaipur,Rajasthan,India,27.7167,75.4833,Asia/Kolkata,1789110024,11/9/2026 12:30,1789277400,13-09-2026 11:00:00,31.1,88,1,Sunny,http://cdn.weatherapi.com/weather/64x64/day/113.png,1000,15,24.1,105,ESE,1009,29.8,0,0,0,49,5,32.6,90.7,31.1,88,33.1,91.6,19.1,66.4,0,2,0,0,10,6,17.3,27.8,9,22.8,73,225,1.5,129,4.8,10.9,11.2,1,1,322.08,65.3,11.89,304.45,,,,,,,,,,,,,,,,,,,,,,,,,,,,,,,,,,,,,,,,,,,,,,,,,,,,,,,,,,,,,,,,,,,,,,,,,,,,,,,,,,,,,,,,,,,,,
Udaipur,Rajasthan,India,27.7167,75.4833,Asia/Kolkata,1789110024,11/9/2026 12:30,1789281000,13-09-2026 12:00:00,32.2,90,1,Sunny,http://cdn.weatherapi.com/weather/64x64/day/113.png,1000,14.8,23.8,100,E,1008,29.78,0,0,0,45,6,33.7,92.7,32.2,90,34.3,93.7,18.9,66,0,1,0,0,10,6,17,27.4,9.9,22.9,73.3,207,1.2,134,4.2,10.5,10.8,1,1,867.84,139.08,761.58,653.91,,,,,,,,,,,,,,,,,,,,,,,,,,,,,,,,,,,,,,,,,,,,,,,,,,,,,,,,,,,,,,,,,,,,,,,,,,,,,,,,,,,,,,,,,,,,,
Udaipur,Rajasthan,India,27.7167,75.4833,Asia/Kolkata,1789110024,11/9/2026 12:30,1789284600,13-09-2026 13:00:00,33.1,91.6,1,Sunny,http://cdn.weatherapi.com/weather/64x64/day/113.png,1000,13.9,22.3,94,E,1007,29.75,0,0,0,41,11,34.3,93.7,33.1,91.7,35,95,18.3,64.9,0,1,0,0,10,6,16.6,26.7,9,22.9,73.1,191,1.2,136,3.9,10.7,11,1,1,864.24,140.64,754.61,652.07,,,,,,,,,,,,,,,,,,,,,,,,,,,,,,,,,,,,,,,,,,,,,,,,,,,,,,,,,,,,,,,,,,,,,,,,,,,,,,,,,,,,,,,,,,,,,
Udaipur,Rajasthan,India,27.7167,75.4833,Asia/Kolkata,1789110024,11/9/2026 12:30,1789288200,13-09-2026 14:00:00,33.6,92.5,1,Partly Cloudy,http://cdn.weatherapi.com/weather/64x64/day/116.png,1003,14.1,22.7,90,E,1006,29.72,0,0,0,39,61,31.9,89.4,33.6,92.5,35.3,95.5,17.7,63.8,0,5,0,0,10,6,16.8,27.1,6.8,22.7,72.8,182,1.4,137,3.8,10.9,11.5,1,1,837.9,141.22,701.41,639.09,,,,,,,,,,,,,,,,,,,,,,,,,,,,,,,,,,,,,,,,,,,,,,,,,,,,,,,,,,,,,,,,,,,,,,,,,,,,,,,,,,,,,,,,,,,,,
Udaipur,Rajasthan,India,27.7167,75.4833,Asia/Kolkata,1789110024,11/9/2026 12:30,1789291800,13-09-2026 15:00:00,33.6,92.5,1,Overcast,http://cdn.weatherapi.com/weather/64x64/day/122.png,1009,14.3,23,90,E,1006,29.69,0,0,0,38,95,31.7,89.1,33.6,92.6,35.1,95.1,17.4,63.3,0,9,0,0,10,6,17.1,27.5,3.1,22.5,72.5,184,1.8,137,3.9,11.6,12.4,1,1,739.41,149.63,487.97,593.84,,,,,,,,,,,,,,,,,,,,,,,,,,,,,,,,,,,,,,,,,,,,,,,,,,,,,,,,,,,,,,,,,,,,,,,,,,,,,,,,,,,,,,,,,,,,,
Udaipur,Rajasthan,India,27.7167,75.4833,Asia/Kolkata,1789110024,11/9/2026 12:30,1789295400,13-09-2026 16:00:00,32.2,89.9,1,Overcast,http://cdn.weatherapi.com/weather/64x64/day/122.png,1009,13.4,21.6,100,E,1005,29.69,0,0,0,43,100,33.1,91.6,32.2,89.9,33.7,92.7,18,64.4,0,10,0,0,10,6,17,27.4,0.7,22.4,72.4,193,2.4,136,4.2,12.5,13.3,1,2,609.95,130.87,241.23,526.67,,,,,,,,,,,,,,,,,,,,,,,,,,,,,,,,,,,,,,,,,,,,,,,,,,,,,,,,,,,,,,,,,,,,,,,,,,,,,,,,,,,,,,,,,,,,,
Udaipur,Rajasthan,India,27.7167,75.4833,Asia/Kolkata,1789110024,11/9/2026 12:30,1789299000,13-09-2026 17:00:00,29.4,85,1,Overcast,http://cdn.weatherapi.com/weather/64x64/day/122.png,1009,13.4,21.6,120,ESE,1006,29.72,0,0,0,55,99,31,87.8,29.4,85,31.3,88.4,19.5,67,0,13,0,0,10,6,18.6,30,0.2,22.5,72.5,206,3.2,135,4.8,14.7,15.8,1,2,516.35,113.94,118.38,465.43,,,,,,,,,,,,,,,,,,,,,,,,,,,,,,,,,,,,,,,,,,,,,,,,,,,,,,,,,,,,,,,,,,,,,,,,,,,,,,,,,,,,,,,,,,,,,
Udaipur,Rajasthan,India,27.7167,75.4833,Asia/Kolkata,1789110024,11/9/2026 12:30,1789302600,13-09-2026 18:00:00,29.3,84.8,1,Overcast,http://cdn.weatherapi.com/weather/64x64/day/122.png,1009,11.2,18,111,ESE,1007,29.73,0,0,0,55,100,30.8,87.4,29.3,84.8,31.2,88.1,19.4,66.9,0,13,0,0,10,6,18.8,30.3,0,22.4,72.3,225,4.5,134,5.7,16.2,17.2,2,2,28.32,15.06,0.07,26.99,,,,,,,,,,,,,,,,,,,,,,,,,,,,,,,,,,,,,,,,,,,,,,,,,,,,,,,,,,,,,,,,,,,,,,,,,,,,,,,,,,,,,,,,,,,,,
Udaipur,Rajasthan,India,27.7167,75.4833,Asia/Kolkata,1789110024,11/9/2026 12:30,1789306200,13-09-2026 19:00:00,28.8,83.8,0,Clear,http://cdn.weatherapi.com/weather/64x64/night/113.png,1000,9.6,15.5,118,ESE,1007,29.75,0,0,0,56,24,30,86,28.8,83.8,30.4,86.7,19,66.2,0,4,0,0,10,6,20.1,32.4,0,22,71.6,247,6.1,132,6.9,18.2,19.4,2,2,0,0,0,0,,,,,,,,,,,,,,,,,,,,,,,,,,,,,,,,,,,,,,,,,,,,,,,,,,,,,,,,,,,,,,,,,,,,,,,,,,,,,,,,,,,,,,,,,,,,,
Udaipur,Rajasthan,India,27.7167,75.4833,Asia/Kolkata,1789110024,11/9/2026 12:30,1789309800,13-09-2026 20:00:00,28.7,83.7,0,Clear,http://cdn.weatherapi.com/weather/64x64/night/113.png,1000,8.3,13.3,110,ESE,1008,29.77,0,0,0,59,5,30.4,86.7,28.7,83.7,30.7,87.3,19.9,67.8,0,3,0,0,10,6,21.1,33.9,0,22.6,72.6,267,7.4,130,8.2,19.8,20.9,2,2,0,0,0,0,,,,,,,,,,,,,,,,,,,,,,,,,,,,,,,,,,,,,,,,,,,,,,,,,,,,,,,,,,,,,,,,,,,,,,,,,,,,,,,,,,,,,,,,,,,,,
Udaipur,Rajasthan,India,27.7167,75.4833,Asia/Kolkata,1789110024,11/9/2026 12:30,1789313400,13-09-2026 21:00:00,28.7,83.6,0,Clear,http://cdn.weatherapi.com/weather/64x64/night/113.png,1000,8.9,14.4,105,ESE,1009,29.79,0,0,0,61,5,30.7,87.3,28.7,83.6,31,87.7,20.5,68.9,0,4,0,0,10,6,22.2,35.7,0,22.9,73.2,285,8.2,128,9.7,20.7,21.5,2,2,0,0,0,0,,,,,,,,,,,,,,,,,,,,,,,,,,,,,,,,,,,,,,,,,,,,,,,,,,,,,,,,,,,,,,,,,,,,,,,,,,,,,,,,,,,,,,,,,,,,,
Udaipur,Rajasthan,India,27.7167,75.4833,Asia/Kolkata,1789110024,11/9/2026 12:30,1789317000,13-09-2026 22:00:00,28.4,83.1,0,Clear,http://cdn.weatherapi.com/weather/64x64/night/113.png,1000,9.4,15.1,116,ESE,1009,29.79,0,0,0,62,7,30.3,86.5,28.4,83.1,30.6,87,20.5,68.8,0,4,0,0,10,6,21.8,35,0,22.8,73,299,8.6,125,11.2,21.1,21.5,2,2,0,0,0,0,,,,,,,,,,,,,,,,,,,,,,,,,,,,,,,,,,,,,,,,,,,,,,,,,,,,,,,,,,,,,,,,,,,,,,,,,,,,,,,,,,,,,,,,,,,,,
Udaipur,Rajasthan,India,27.7167,75.4833,Asia/Kolkata,1789110024,11/9/2026 12:30,1789320600,13-09-2026 23:00:00,27.8,82,0,Overcast,http://cdn.weatherapi.com/weather/64x64/night/122.png,1009,10.1,16.2,121,ESE,1009,29.78,0,0,0,63,99,29.4,84.9,27.8,82,29.7,85.5,20.1,68.2,0,15,0,0,10,6,22.4,36,0,22.4,72.3,303,8.9,120,12.5,20.8,21.1,2,2,0,0,0,0,,,,,,,,,,,,,,,,,,,,,,,,,,,,,,,,,,,,,,,,,,,,,,,,,,,,,,,,,,,,,,,,,,,,,,,,,,,,,,,,,,,,,,,,,,,,,
Udaipur,Rajasthan,India,27.7167,75.4833,Asia/Kolkata,1789110024,11/9/2026 12:30,1789324200,14-09-2026 00:00:00,27.5,81.6,0,Overcast,http://cdn.weatherapi.com/weather/64x64/night/122.png,1009,9.8,15.8,117,ESE,1008,29.78,0,0,0,65,100,29.3,84.7,27.5,81.6,29.6,85.2,20.4,68.7,0,16,0,0,10,6,21.7,35,0,22.5,72.6,287,9.1,111,13.5,19.8,20.1,2,2,0,0,0,0,,,,,,,,,,,,,,,,,,,,,,,,,,,,,,,,,,,,,,,,,,,,,,,,,,,,,,,,,,,,,,,,,,,,,,,,,,,,,,,,,,,,,,,,,,,,,
Udaipur,Rajasthan,India,27.7167,75.4833,Asia/Kolkata,1789110024,11/9/2026 12:30,1789327800,14-09-2026 01:00:00,27.3,81.2,0,Overcast,http://cdn.weatherapi.com/weather/64x64/night/122.png,1009,8.1,13,121,ESE,1008,29.77,0,0,0,67,92,29.2,84.6,27.3,81.2,29.5,85,20.7,69.3,0,15,0,0,10,6,19.7,31.8,0,22.7,72.8,260,9.1,101,14.2,18.9,19.2,2,2,0,0,0,0,,,,,,,,,,,,,,,,,,,,,,,,,,,,,,,,,,,,,,,,,,,,,,,,,,,,,,,,,,,,,,,,,,,,,,,,,,,,,,,,,,,,,,,,,,,,,
Udaipur,Rajasthan,India,27.7167,75.4833,Asia/Kolkata,1789110024,11/9/2026 12:30,1789331400,14-09-2026 02:00:00,27.3,81.1,0,Overcast,http://cdn.weatherapi.com/weather/64x64/night/122.png,1009,7.2,11.5,119,ESE,1007,29.75,0,0,0,69,100,29.3,84.7,27.3,81.1,29.6,85.3,21.2,70.2,0,17,0,0,10,6,18.1,29.2,0,23,73.4,238,8.9,92,14.4,17.8,18.1,2,2,0,0,0,0,,,,,,,,,,,,,,,,,,,,,,,,,,,,,,,,,,,,,,,,,,,,,,,,,,,,,,,,,,,,,,,,,,,,,,,,,,,,,,,,,,,,,,,,,,,,,
Udaipur,Rajasthan,India,27.7167,75.4833,Asia/Kolkata,1789110024,11/9/2026 12:30,1789335000,14-09-2026 03:00:00,27,80.6,0,Overcast,http://cdn.weatherapi.com/weather/64x64/night/122.png,1009,6.3,10.1,118,ESE,1007,29.74,0,0,0,71,100,28.9,84,27,80.5,29.3,84.7,21.2,70.2,0,18,0,0,10,6,15.9,25.6,0,22.9,73.2,228,8.5,86,13.7,16.4,16.8,2,2,0,0,0,0,,,,,,,,,,,,,,,,,,,,,,,,,,,,,,,,,,,,,,,,,,,,,,,,,,,,,,,,,,,,,,,,,,,,,,,,,,,,,,,,,,,,,,,,,,,,,
Udaipur,Rajasthan,India,27.7167,75.4833,Asia/Kolkata,1789110024,11/9/2026 12:30,1789338600,14-09-2026 04:00:00,27,80.5,0,Overcast,http://cdn.weatherapi.com/weather/64x64/night/122.png,1009,6.5,10.4,126,SE,1007,29.74,0,0,0,72,89,28.9,84,27,80.5,29.3,84.8,21.4,70.5,0,17,0,0,10,6,16.3,26.3,0,23,73.4,223,8,82,12.5,15.3,15.5,1,2,0,0,0,0,,,,,,,,,,,,,,,,,,,,,,,,,,,,,,,,,,,,,,,,,,,,,,,,,,,,,,,,,,,,,,,,,,,,,,,,,,,,,,,,,,,,,,,,,,,,,
Udaipur,Rajasthan,India,27.7167,75.4833,Asia/Kolkata,1789110024,11/9/2026 12:30,1789342200,14-09-2026 05:00:00,26.9,80.4,0,Overcast,http://cdn.weatherapi.com/weather/64x64/night/122.png,1009,5.4,8.6,133,SE,1008,29.76,0,0,0,74,90,29,84.2,26.9,80.4,29.4,84.9,21.8,71.2,0,18,0,0,10,6,7.6,12.2,0,23.3,73.9,222,7.4,81,11.5,14.4,14.7,1,2,0,0,0,0,,,,,,,,,,,,,,,,,,,,,,,,,,,,,,,,,,,,,,,,,,,,,,,,,,,,,,,,,,,,,,,,,,,,,,,,,,,,,,,,,,,,,,,,,,,,,
Udaipur,Rajasthan,India,27.7167,75.4833,Asia/Kolkata,1789110024,11/9/2026 12:30,1789345800,14-09-2026 06:00:00,26.6,79.9,1,Overcast,http://cdn.weatherapi.com/weather/64x64/day/122.png,1009,2.9,4.7,122,ESE,1009,29.78,0,0,0,77,100,29.1,84.4,26.6,79.9,29.3,84.8,22.3,72.2,0,22,0,0,10,6,3,4.8,0,23.5,74.4,227,6.7,82,11,13.7,13.9,1,2,1.76,0.82,0,1.68,,,,,,,,,,,,,,,,,,,,,,,,,,,,,,,,,,,,,,,,,,,,,,,,,,,,,,,,,,,,,,,,,,,,,,,,,,,,,,,,,,,,,,,,,,,,,
Udaipur,Rajasthan,India,27.7167,75.4833,Asia/Kolkata,1789110024,11/9/2026 12:30,1789349400,14-09-2026 07:00:00,26,78.8,1,Overcast,http://cdn.weatherapi.com/weather/64x64/day/122.png,1009,3.6,5.8,108,ESE,1009,29.81,0,0,0,69,100,27.9,82.2,26,78.8,27.7,81.9,19.9,67.8,0,17,0,0,10,6,9.2,14.8,0.4,21.8,71.2,235,6,86,10.7,13.7,14.1,1,2,36.2,18.66,0.11,34.5,,,,,,,,,,,,,,,,,,,,,,,,,,,,,,,,,,,,,,,,,,,,,,,,,,,,,,,,,,,,,,,,,,,,,,,,,,,,,,,,,,,,,,,,,,,,,
Udaipur,Rajasthan,India,27.7167,75.4833,Asia/Kolkata,1789110024,11/9/2026 12:30,1789353000,14-09-2026 08:00:00,27.3,81.1,1,Cloudy,http://cdn.weatherapi.com/weather/64x64/day/119.png,1006,4.9,7.9,99,E,1010,29.83,0,0,0,62,80,28.6,83.5,27.3,81.1,28.9,84,19.4,66.9,0,11,0,0,10,6,10.3,16.6,1.5,21.8,71.3,241,5.1,93,10.3,11.9,12.3,1,1,86.2,46.19,0.62,82.06,,,,,,,,,,,,,,,,,,,,,,,,,,,,,,,,,,,,,,,,,,,,,,,,,,,,,,,,,,,,,,,,,,,,,,,,,,,,,,,,,,,,,,,,,,,,,
Udaipur,Rajasthan,India,27.7167,75.4833,Asia/Kolkata,1789110024,11/9/2026 12:30,1789356600,14-09-2026 09:00:00,29,84.1,1,Sunny,http://cdn.weatherapi.com/weather/64x64/day/113.png,1000,7.8,12.6,95,E,1010,29.83,0,0,0,54,22,30.1,86.2,29,84.1,30.5,86.9,18.8,65.8,0,3,0,0,10,6,11,17.7,3.5,22,71.5,240,3.9,105,9.6,9.9,10.2,1,1,139.14,75.86,1.62,132.32,,,,,,,,,,,,,,,,,,,,,,,,,,,,,,,,,,,,,,,,,,,,,,,,,,,,,,,,,,,,,,,,,,,,,,,,,,,,,,,,,,,,,,,,,,,,,
Udaipur,Rajasthan,India,27.7167,75.4833,Asia/Kolkata,1789110024,11/9/2026 12:30,1789360200,14-09-2026 10:00:00,30.4,86.7,1,Sunny,http://cdn.weatherapi.com/weather/64x64/day/113.png,1000,9.2,14.8,89,E,1010,29.82,0,0,0,49,6,31.4,88.5,30.4,86.7,31.9,89.4,18.4,65.2,0,2,0,0,10,6,11.5,18.4,6.4,22.2,71.9,236,2.7,120,8.7,9,9.2,1,1,243.55,92.81,4.95,231.14,,,,,,,,,,,,,,,,,,,,,,,,,,,,,,,,,,,,,,,,,,,,,,,,,,,,,,,,,,,,,,,,,,,,,,,,,,,,,,,,,,,,,,,,,,,,,
Udaipur,Rajasthan,India,27.7167,75.4833,Asia/Kolkata,1789110024,11/9/2026 12:30,1789363800,14-09-2026 11:00:00,29.2,84.6,1,Patchy rain nearby,http://cdn.weatherapi.com/weather/64x64/day/176.png,1063,2,3.2,55,NE,1009,29.79,0,0,0,59,100,31.3,88.3,29.2,84.6,31.6,88.8,20.5,68.8,0,17,0,0,10,6,5.2,8.3,8.8,23,73.5,232,1.8,130,7.9,8.5,8.6,1,1,336.74,100.08,14.65,317.79,,,,,,,,,,,,,,,,,,,,,,,,,,,,,,,,,,,,,,,,,,,,,,,,,,,,,,,,,,,,,,,,,,,,,,,,,,,,,,,,,,,,,,,,,,,,,
Udaipur,Rajasthan,India,27.7167,75.4833,Asia/Kolkata,1789110024,11/9/2026 12:30,1789367400,14-09-2026 12:00:00,32.3,90.2,1,Partly Cloudy,http://cdn.weatherapi.com/weather/64x64/day/116.png,1003,7.6,12.2,78,ENE,1008,29.77,0,0,0,44,45,33.5,92.3,32.3,90.2,34.2,93.5,18.5,65.3,0,4,0,0,10,6,9.7,15.6,9.5,22.7,72.9,228,1.6,131,7,8,8.3,1,1,864.98,142.18,756.05,652.45,,,,,,,,,,,,,,,,,,,,,,,,,,,,,,,,,,,,,,,,,,,,,,,,,,,,,,,,,,,,,,,,,,,,,,,,,,,,,,,,,,,,,,,,,,,,,
Udaipur,Rajasthan,India,27.7167,75.4833,Asia/Kolkata,1789110024,11/9/2026 12:30,1789371000,14-09-2026 13:00:00,33.4,92.2,1,Cloudy,http://cdn.weatherapi.com/weather/64x64/day/119.png,1006,9.2,14.8,76,ENE,1007,29.74,0,0,0,40,82,34.5,94.1,33.4,92.2,35.2,95.4,18,64.4,0,7,0,0,10,6,11,17.7,8.7,22.8,73,224,1.8,126,6.1,8.1,8.5,1,1,862.24,141.31,750.71,651.05,,,,,,,,,,,,,,,,,,,,,,,,,,,,,,,,,,,,,,,,,,,,,,,,,,,,,,,,,,,,,,,,,,,,,,,,,,,,,,,,,,,,,,,,,,,,,
Udaipur,Rajasthan,India,27.7167,75.4833,Asia/Kolkata,1789110024,11/9/2026 12:30,1789374600,14-09-2026 14:00:00,30.5,86.8,1,Overcast,http://cdn.weatherapi.com/weather/64x64/day/122.png,1009,7.8,12.6,3,N,1006,29.72,0,0,0,52,100,32.2,90,30.5,86.8,32.6,90.7,19.6,67.3,0,12,0,0,10,6,14.5,23.4,6.6,22.9,73.2,222,2.2,122,5.5,8.1,8.8,1,1,836.14,141.18,697.74,638.25,,,,,,,,,,,,,,,,,,,,,,,,,,,,,,,,,,,,,,,,,,,,,,,,,,,,,,,,,,,,,,,,,,,,,,,,,,,,,,,,,,,,,,,,,,,,,
Udaipur,Rajasthan,India,27.7167,75.4833,Asia/Kolkata,1789110024,11/9/2026 12:30,1789378200,14-09-2026 15:00:00,33.5,92.2,1,Patchy rain nearby,http://cdn.weatherapi.com/weather/64x64/day/176.png,1063,9.4,15.1,75,ENE,1005,29.68,0,0,0,38,99,32.9,91.2,33.5,92.2,34.7,94.4,17,62.6,0,10,0,0,10,6,11.2,18.1,3.8,22.2,72,223,2.6,121,5.2,8.2,8.8,1,1,787.52,141.64,592.9,615.79,,,,,,,,,,,,,,,,,,,,,,,,,,,,,,,,,,,,,,,,,,,,,,,,,,,,,,,,,,,,,,,,,,,,,,,,,,,,,,,,,,,,,,,,,,,,,
Udaipur,Rajasthan,India,27.7167,75.4833,Asia/Kolkata,1789110024,11/9/2026 12:30,1789381800,14-09-2026 16:00:00,33,91.5,1,Overcast,http://cdn.weatherapi.com/weather/64x64/day/122.png,1009,8.9,14.4,67,ENE,1005,29.69,0,0,0,39,99,32.7,90.9,33,91.5,34.2,93.6,17.1,62.8,0,10,0,0,10,6,10.7,17.3,1.7,22.2,71.9,228,3.1,119,5.1,8.6,9.1,1,1,719.89,140.89,446.51,584.69,,,,,,,,,,,,,,,,,,,,,,,,,,,,,,,,,,,,,,,,,,,,,,,,,,,,,,,,,,,,,,,,,,,,,,,,,,,,,,,,,,,,,,,,,,,,,
Udaipur,Rajasthan,India,27.7167,75.4833,Asia/Kolkata,1789110024,11/9/2026 12:30,1789385400,14-09-2026 17:00:00,30.2,86.3,1,Patchy rain nearby,http://cdn.weatherapi.com/weather/64x64/day/176.png,1063,4,6.5,77,ENE,1006,29.7,0,0,0,54,100,31.9,89.4,30.2,86.3,32.3,90.2,19.8,67.6,0,14,0,0,10,6,6.1,9.9,0.4,22.9,73.2,237,4,117,5.3,8.6,8.9,1,1,640.08,132.82,291.62,543.91,,,,,,,,,,,,,,,,,,,,,,,,,,,,,,,,,,,,,,,,,,,,,,,,,,,,,,,,,,,,,,,,,,,,,,,,,,,,,,,,,,,,,,,,,,,,,
Udaipur,Rajasthan,India,27.7167,75.4833,Asia/Kolkata,1789110024,11/9/2026 12:30,1789389000,14-09-2026 18:00:00,31.9,89.4,1,Overcast,http://cdn.weatherapi.com/weather/64x64/day/122.png,1009,8.5,13.7,93,E,1006,29.7,0,0,0,44,91,32.9,91.2,31.9,89.4,33.5,92.3,18.2,64.7,0,9,0,0,10,6,15.5,24.9,0,22.4,72.4,258,5.5,112,5.9,9.2,9.4,1,1,53.1,26.98,0.24,50.59,,,,,,,,,,,,,,,,,,,,,,,,,,,,,,,,,,,,,,,,,,,,,,,,,,,,,,,,,,,,,,,,,,,,,,,,,,,,,,,,,,,,,,,,,,,,,
Udaipur,Rajasthan,India,27.7167,75.4833,Asia/Kolkata,1789110024,11/9/2026 12:30,1789392600,14-09-2026 19:00:00,30.4,86.8,0,Overcast,http://cdn.weatherapi.com/weather/64x64/night/122.png,1009,9.4,15.1,122,ESE,1006,29.72,0,0,0,46,99,31.1,88,30.4,86.8,31.6,88.9,17.6,63.7,0,11,0,0,10,6,17.2,27.8,0,21.7,71.1,283,7.3,106,6.8,10.2,10.3,1,1,0,0,0,0,,,,,,,,,,,,,,,,,,,,,,,,,,,,,,,,,,,,,,,,,,,,,,,,,,,,,,,,,,,,,,,,,,,,,,,,,,,,,,,,,,,,,,,,,,,,,
Udaipur,Rajasthan,India,27.7167,75.4833,Asia/Kolkata,1789110024,11/9/2026 12:30,1789396200,14-09-2026 20:00:00,28.3,82.9,0,Overcast,http://cdn.weatherapi.com/weather/64x64/night/122.png,1009,6,9.7,146,SSE,1007,29.74,0,0,0,61,100,30.1,86.2,28.3,82.9,30.3,86.6,20.2,68.3,0,15,0,0,10,6,10.3,16.6,0,22.6,72.7,300,8.7,100,7.6,10.5,10.6,1,1,0,0,0,0,,,,,,,,,,,,,,,,,,,,,,,,,,,,,,,,,,,,,,,,,,,,,,,,,,,,,,,,,,,,,,,,,,,,,,,,,,,,,,,,,,,,,,,,,,,,,
Udaipur,Rajasthan,India,27.7167,75.4833,Asia/Kolkata,1789110024,11/9/2026 12:30,1789399800,14-09-2026 21:00:00,27.4,81.4,0,Partly Cloudy,http://cdn.weatherapi.com/weather/64x64/night/116.png,1003,8.1,13,104,ESE,1008,29.76,0,0,0,66,34,29.2,84.6,27.5,81.4,29.5,85,20.4,68.7,0,7,0,0,10,6,18.1,29.2,0,22.5,72.5,299,9.3,94,8.1,10.5,10.5,1,1,0,0,0,0,,,,,,,,,,,,,,,,,,,,,,,,,,,,,,,,,,,,,,,,,,,,,,,,,,,,,,,,,,,,,,,,,,,,,,,,,,,,,,,,,,,,,,,,,,,,,
Udaipur,Rajasthan,India,27.7167,75.4833,Asia/Kolkata,1789110024,11/9/2026 12:30,1789403400,14-09-2026 22:00:00,27.2,80.9,0,Cloudy,http://cdn.weatherapi.com/weather/64x64/night/119.png,1006,8.1,13,125,SE,1008,29.77,0,0,0,68,67,28.9,84,27.2,80.9,29.3,84.7,20.7,69.2,0,11,0,0,10,6,18.8,30.3,0,22.6,72.7,288,9.4,89,8.5,10.6,10.6,1,1,0,0,0,0,,,,,,,,,,,,,,,,,,,,,,,,,,,,,,,,,,,,,,,,,,,,,,,,,,,,,,,,,,,,,,,,,,,,,,,,,,,,,,,,,,,,,,,,,,,,,
Udaipur,Rajasthan,India,27.7167,75.4833,Asia/Kolkata,1789110024,11/9/2026 12:30,1789407000,14-09-2026 23:00:00,26.8,80.2,0,Partly Cloudy,http://cdn.weatherapi.com/weather/64x64/night/116.png,1003,8.7,14,134,SE,1008,29.76,0,0,0,69,51,28.4,83.1,26.8,80.2,28.8,83.8,20.6,69,0,9,0,0,10,6,20.2,32.4,0,22.4,72.4,280,9.4,84,8.7,10.2,10.2,1,1,0,0,0,0,,,,,,,,,,,,,,,,,,,,,,,,,,,,,,,,,,,,,,,,,,,,,,,,,,,,,,,,,,,,,,,,,,,,,,,,,,,,,,,,,,,,,,,,,,,,,
Udaipur,Rajasthan,India,27.7167,75.4833,Asia/Kolkata,1789110024,11/9/2026 12:30,1789410600,15-09-2026 00:00:00,27.4,81.3,0,Overcast,http://cdn.weatherapi.com/weather/64x64/night/122.png,1009,5.6,9,128,SE,1008,29.75,0,0,0,71,100,29.6,85.3,27.4,81.3,30,85.9,21.7,71.1,0,18,0,0,10,6,8.5,13.7,0,23.3,74,279,9.2,79,8.5,9.4,9.4,1,1,0,0,0,0,,,,,,,,,,,,,,,,,,,,,,,,,,,,,,,,,,,,,,,,,,,,,,,,,,,,,,,,,,,,,,,,,,,,,,,,,,,,,,,,,,,,,,,,,,,,,
Udaipur,Rajasthan,India,27.7167,75.4833,Asia/Kolkata,1789110024,11/9/2026 12:30,1789414200,15-09-2026 01:00:00,26.9,80.5,0,Overcast,http://cdn.weatherapi.com/weather/64x64/night/122.png,1009,6,9.7,143,SE,1007,29.74,0,0,0,73,100,29,84.2,26.9,80.5,29.4,84.9,21.7,71,0,19,0,0,10,6,9.2,14.9,0,23.2,73.7,279,8.9,75,8,8.4,8.4,1,1,0,0,0,0,,,,,,,,,,,,,,,,,,,,,,,,,,,,,,,,,,,,,,,,,,,,,,,,,,,,,,,,,,,,,,,,,,,,,,,,,,,,,,,,,,,,,,,,,,,,,
Udaipur,Rajasthan,India,27.7167,75.4833,Asia/Kolkata,1789110024,11/9/2026 12:30,1789417800,15-09-2026 02:00:00,26.5,79.6,0,Overcast,http://cdn.weatherapi.com/weather/64x64/night/122.png,1009,4.7,7.6,150,SSE,1007,29.73,0,0,0,75,100,28.6,83.5,26.5,79.6,28.9,83.9,21.8,71.2,0,21,0,0,10,6,5.8,9.4,0,23.1,73.6,278,8.5,71,7.5,7.9,7.9,1,1,0,0,0,0,,,,,,,,,,,,,,,,,,,,,,,,,,,,,,,,,,,,,,,,,,,,,,,,,,,,,,,,,,,,,,,,,,,,,,,,,,,,,,,,,,,,,,,,,,,,,
Udaipur,Rajasthan,India,27.7167,75.4833,Asia/Kolkata,1789110024,11/9/2026 12:30,1789421400,15-09-2026 03:00:00,26,78.8,0,Overcast,http://cdn.weatherapi.com/weather/64x64/night/122.png,1009,5.6,9,184,S,1007,29.73,0,0,0,76,100,28.1,82.6,26,78.8,28.2,82.7,21.4,70.4,0,21,0,0,10,6,7.4,11.9,0,22.7,72.9,271,8,69,7.1,6.5,6.5,1,1,0,0,0,0,,,,,,,,,,,,,,,,,,,,,,,,,,,,,,,,,,,,,,,,,,,,,,,,,,,,,,,,,,,,,,,,,,,,,,,,,,,,,,,,,,,,,,,,,,,,,
Udaipur,Rajasthan,India,27.7167,75.4833,Asia/Kolkata,1789110024,11/9/2026 12:30,1789425000,15-09-2026 04:00:00,25.7,78.3,0,Overcast,http://cdn.weatherapi.com/weather/64x64/night/122.png,1009,5.8,9.4,179,S,1007,29.73,0,0,0,78,100,27.9,82.2,25.7,78.3,28,82.3,21.5,70.7,0,22,0,0,10,6,7.4,11.9,0,22.7,72.9,262,7.4,68,6.8,5.6,5.6,1,1,0,0,0,0,,,,,,,,,,,,,,,,,,,,,,,,,,,,,,,,,,,,,,,,,,,,,,,,,,,,,,,,,,,,,,,,,,,,,,,,,,,,,,,,,,,,,,,,,,,,,
Udaipur,Rajasthan,India,27.7167,75.4833,Asia/Kolkata,1789110024,11/9/2026 12:30,1789428600,15-09-2026 05:00:00,25.5,77.8,0,Overcast,http://cdn.weatherapi.com/weather/64x64/night/122.png,1009,5.4,8.6,186,S,1008,29.75,0,0,0,80,99,28,82.4,25.5,77.8,27.7,81.9,21.7,71.1,0,23,0,0,10,6,7,11.2,0,22.8,73,259,6.9,67,6.6,4.9,4.9,1,1,0,0,0,0,,,,,,,,,,,,,,,,,,,,,,,,,,,,,,,,,,,,,,,,,,,,,,,,,,,,,,,,,,,,,,,,,,,,,,,,,,,,,,,,,,,,,,,,,,,,,
Udaipur,Rajasthan,India,27.7167,75.4833,Asia/Kolkata,1789110024,11/9/2026 12:30,1789432200,15-09-2026 06:00:00,25,76.9,1,Overcast,http://cdn.weatherapi.com/weather/64x64/day/122.png,1009,4.7,7.6,216,SW,1008,29.77,0,0,0,82,100,28,82.4,25,76.9,27.1,80.9,21.7,71,0,24,0,0,10,6,5.6,9,0,22.6,72.7,260,6.7,67,6.6,4.2,4.2,1,1,1.6,0.74,0,1.53,,,,,,,,,,,,,,,,,,,,,,,,,,,,,,,,,,,,,,,,,,,,,,,,,,,,,,,,,,,,,,,,,,,,,,,,,,,,,,,,,,,,,,,,,,,,,
Udaipur,Rajasthan,India,27.7167,75.4833,Asia/Kolkata,1789110024,11/9/2026 12:30,1789435800,15-09-2026 07:00:00,24.9,76.8,1,Overcast,http://cdn.weatherapi.com/weather/64x64/day/122.png,1009,5.6,9,246,WSW,1009,29.79,0,0,0,78,100,27.2,81,24.9,76.8,26.8,80.3,20.8,69.4,0,22,0,0,10,6,6.3,10.1,0.4,22,71.6,264,6.7,68,6.8,4.1,4.1,1,1,39.38,20.29,0.13,37.53,,,,,,,,,,,,,,,,,,,,,,,,,,,,,,,,,,,,,,,,,,,,,,,,,,,,,,,,,,,,,,,,,,,,,,,,,,,,,,,,,,,,,,,,,,,,,
Udaipur,Rajasthan,India,27.7167,75.4833,Asia/Kolkata,1789110024,11/9/2026 12:30,1789439400,15-09-2026 08:00:00,26.1,79,1,Partly Cloudy,http://cdn.weatherapi.com/weather/64x64/day/116.png,1003,5.4,8.6,254,WSW,1009,29.81,0,0,0,72,52,28,82.4,26.1,79,28.1,82.6,20.7,69.3,0,11,0,0,10,6,14.3,23,1.6,22.3,72.2,266,6.6,69,6.7,3.9,3.9,1,1,111.72,53,1.04,106.31,,,,,,,,,,,,,,,,,,,,,,,,,,,,,,,,,,,,,,,,,,,,,,,,,,,,,,,,,,,,,,,,,,,,,,,,,,,,,,,,,,,,,,,,,,,,,
Udaipur,Rajasthan,India,27.7167,75.4833,Asia/Kolkata,1789110024,11/9/2026 12:30,1789443000,15-09-2026 09:00:00,28,82.5,1,Sunny,http://cdn.weatherapi.com/weather/64x64/day/113.png,1000,6.9,11.2,247,WSW,1009,29.81,0,0,0,63,5,29.9,85.8,28,82.5,30.2,86.3,20.4,68.8,0,4,0,0,10,6,13.6,22,3.8,22.7,72.9,257,6.2,71,6.1,3.6,3.6,1,1,206.14,72.22,3.55,195.78,,,,,,,,,,,,,,,,,,,,,,,,,,,,,,,,,,,,,,,,,,,,,,,,,,,,,,,,,,,,,,,,,,,,,,,,,,,,,,,,,,,,,,,,,,,,,
Udaipur,Rajasthan,India,27.7167,75.4833,Asia/Kolkata,1789110024,11/9/2026 12:30,1789446600,15-09-2026 10:00:00,29.3,84.8,1,Sunny,http://cdn.weatherapi.com/weather/64x64/day/113.png,1000,4.5,7.2,247,WSW,1009,29.8,0,0,0,57,5,31.1,88,29.3,84.8,31.4,88.5,19.9,67.7,0,3,0,0,10,6,11.2,18,6.4,22.7,72.9,243,5.6,73,5.2,3.5,3.6,1,1,301.02,83,8.91,285.05,,,,,,,,,,,,,,,,,,,,,,,,,,,,,,,,,,,,,,,,,,,,,,,,,,,,,,,,,,,,,,,,,,,,,,,,,,,,,,,,,,,,,,,,,,,,,
Udaipur,Rajasthan,India,27.7167,75.4833,Asia/Kolkata,1789110024,11/9/2026 12:30,1789450200,15-09-2026 11:00:00,31.1,88,1,Sunny,http://cdn.weatherapi.com/weather/64x64/day/113.png,1000,2,3.2,230,SW,1008,29.78,0,0,0,50,22,32.8,91,31.1,88,33.3,91.9,19.4,67,0,3,0,0,10,6,2.9,4.7,8.5,22.9,73.3,233,5.2,76,4.4,3.7,3.7,1,1,385.2,91.9,28.61,360.83,,,,,,,,,,,,,,,,,,,,,,,,,,,,,,,,,,,,,,,,,,,,,,,,,,,,,,,,,,,,,,,,,,,,,,,,,,,,,,,,,,,,,,,,,,,,,
Udaipur,Rajasthan,India,27.7167,75.4833,Asia/Kolkata,1789110024,11/9/2026 12:30,1789453800,15-09-2026 12:00:00,32.5,90.5,1,Partly Cloudy,http://cdn.weatherapi.com/weather/64x64/day/116.png,1003,0.2,0.4,199,SSW,1007,29.75,0,0,0,44,32,33.9,93,32.5,90.5,34.6,94.2,18.9,65.9,0,3,0,0,10,6,3.6,5.8,9.3,23,73.4,227,4.9,79,4,3.9,3.9,1,1,865.98,147.78,757.99,652.96,,,,,,,,,,,,,,,,,,,,,,,,,,,,,,,,,,,,,,,,,,,,,,,,,,,,,,,,,,,,,,,,,,,,,,,,,,,,,,,,,,,,,,,,,,,,,
Udaipur,Rajasthan,India,27.7167,75.4833,Asia/Kolkata,1789110024,11/9/2026 12:30,1789457400,15-09-2026 13:00:00,33.5,92.3,1,Cloudy,http://cdn.weatherapi.com/weather/64x64/day/119.png,1006,1.6,2.5,38,NE,1006,29.71,0,0,0,41,80,34.7,94.5,33.5,92.3,35.4,95.8,18.3,65,0,7,0,0,10,6,5.6,9,8,23,73.3,225,4.7,82,3.6,4.1,4.2,1,1,841.6,202.69,709.08,640.86,,,,,,,,,,,,,,,,,,,,,,,,,,,,,,,,,,,,,,,,,,,,,,,,,,,,,,,,,,,,,,,,,,,,,,,,,,,,,,,,,,,,,,,,,,,,,
Udaipur,Rajasthan,India,27.7167,75.4833,Asia/Kolkata,1789110024,11/9/2026 12:30,1789461000,15-09-2026 14:00:00,33.5,92.4,1,Patchy rain nearby,http://cdn.weatherapi.com/weather/64x64/day/176.png,1063,4,6.5,43,NE,1005,29.68,0,0,0,38,88,34.8,94.6,33.6,92.4,35,94.9,17.4,63.3,0,9,0,0,10,6,7.4,12,4.7,22.5,72.4,226,5.2,83,3.4,5.1,5.1,1,1,751.52,217.67,514.13,599.43,,,,,,,,,,,,,,,,,,,,,,,,,,,,,,,,,,,,,,,,,,,,,,,,,,,,,,,,,,,,,,,,,,,,,,,,,,,,,,,,,,,,,,,,,,,,,
Udaipur,Rajasthan,India,27.7167,75.4833,Asia/Kolkata,1789110024,11/9/2026 12:30,1789464600,15-09-2026 15:00:00,33.4,92,1,Patchy rain nearby,http://cdn.weatherapi.com/weather/64x64/day/176.png,1063,7.8,12.6,88,E,1004,29.66,0,0,0,38,88,33.4,92.1,33.4,92,34.7,94.5,17.3,63.1,0,9,0,0,10,6,8.5,13.8,1.1,22.4,72.3,234,6.9,80,3.2,5.9,5.9,1,1,590.11,179.67,210.86,514.67,,,,,,,,,,,,,,,,,,,,,,,,,,,,,,,,,,,,,,,,,,,,,,,,,,,,,,,,,,,,,,,,,,,,,,,,,,,,,,,,,,,,,,,,,,,,,
Udaipur,Rajasthan,India,27.7167,75.4833,Asia/Kolkata,1789110024,11/9/2026 12:30,1789468200,15-09-2026 16:00:00,32.4,90.4,1,Partly Cloudy,http://cdn.weatherapi.com/weather/64x64/day/116.png,1003,9.4,15.1,115,ESE,1004,29.65,0,0,0,42,56,33.3,91.9,32.4,90.4,33.9,93.1,17.8,64,0,4,0,0,10,6,18.3,29.5,0.8,22.4,72.3,247,9.3,75,3,6.1,6.1,1,1,497.78,158.4,100.15,451.87,,,,,,,,,,,,,,,,,,,,,,,,,,,,,,,,,,,,,,,,,,,,,,,,,,,,,,,,,,,,,,,,,,,,,,,,,,,,,,,,,,,,,,,,,,,,,
Udaipur,Rajasthan,India,27.7167,75.4833,Asia/Kolkata,1789110024,11/9/2026 12:30,1789471800,15-09-2026 17:00:00,32.1,89.7,1,Patchy rain nearby,http://cdn.weatherapi.com/weather/64x64/day/176.png,1063,6.7,10.8,119,ESE,1004,29.66,0,0,0,43,60,32.9,91.2,32.1,89.7,33.6,92.4,17.9,64.3,0,5,0,0,10,6,8.3,13.3,0.4,22.3,72.2,256,11,71,2.9,7.3,7.4,1,1,456.59,144.59,66.61,420.24,,,,,,,,,,,,,,,,,,,,,,,,,,,,,,,,,,,,,,,,,,,,,,,,,,,,,,,,,,,,,,,,,,,,,,,,,,,,,,,,,,,,,,,,,,,,,
Udaipur,Rajasthan,India,27.7167,75.4833,Asia/Kolkata,1789110024,11/9/2026 12:30,1789475400,15-09-2026 18:00:00,33.2,91.8,1,Patchy rain nearby,http://cdn.weatherapi.com/weather/64x64/day/176.png,1063,3.6,5.8,105,ESE,1005,29.66,0,0,0,47,81,35.9,96.6,33.2,91.8,36.6,97.8,20.5,68.8,0,17,0,0,10,6,3.8,6.2,7,24.1,75.4,null,null,null,null,null,null,null,null,236.57,76.36,33.31,218,,,,,,,,,,,,,,,,,,,,,,,,,,,,,,,,,,,,,,,,,,,,,,,,,,,,,,,,,,,,,,,,,,,,,,,,,,,,,,,,,,,,,,,,,,,,,
Udaipur,Rajasthan,India,27.7167,75.4833,Asia/Kolkata,1789110024,11/9/2026 12:30,1789479000,15-09-2026 19:00:00,33.5,92.3,0,Partly Cloudy,http://cdn.weatherapi.com/weather/64x64/night/116.png,1003,1.6,2.5,106,ESE,1005,29.68,0,0,0,48,30,36.7,98.1,33.5,92.3,37.3,99.1,21,69.8,0,3,0,0,10,6,1.6,2.6,0,24.5,76.2,null,null,null,null,null,null,null,null,0,0,0,0,,,,,,,,,,,,,,,,,,,,,,,,,,,,,,,,,,,,,,,,,,,,,,,,,,,,,,,,,,,,,,,,,,,,,,,,,,,,,,,,,,,,,,,,,,,,,
Udaipur,Rajasthan,India,27.7167,75.4833,Asia/Kolkata,1789110024,11/9/2026 12:30,1789482600,15-09-2026 20:00:00,33.1,91.7,0,Patchy rain nearby,http://cdn.weatherapi.com/weather/64x64/night/176.png,1063,5.6,9,141,SE,1006,29.7,0,0,0,47,75,35.8,96.4,33.2,91.7,36.4,97.6,20.4,68.8,0,17,0,0,10,6,5.8,9.4,0,24.1,75.4,null,null,null,null,null,null,null,null,0,0,0,0,,,,,,,,,,,,,,,,,,,,,,,,,,,,,,,,,,,,,,,,,,,,,,,,,,,,,,,,,,,,,,,,,,,,,,,,,,,,,,,,,,,,,,,,,,,,,
Udaipur,Rajasthan,India,27.7167,75.4833,Asia/Kolkata,1789110024,11/9/2026 12:30,1789486200,15-09-2026 21:00:00,31.7,89.1,0,Clear,http://cdn.weatherapi.com/weather/64x64/night/113.png,1000,9.4,15.1,157,SSE,1006,29.71,0,0,0,54,13,34.9,94.8,31.7,89.1,35.3,95.5,21.3,70.3,0,3,0,0,10,6,13.9,22.3,0,24.3,75.7,null,null,null,null,null,null,null,null,0,0,0,0,,,,,,,,,,,,,,,,,,,,,,,,,,,,,,,,,,,,,,,,,,,,,,,,,,,,,,,,,,,,,,,,,,,,,,,,,,,,,,,,,,,,,,,,,,,,,
Udaipur,Rajasthan,India,27.7167,75.4833,Asia/Kolkata,1789110024,11/9/2026 12:30,1789489800,15-09-2026 22:00:00,30.1,86.2,0,Overcast,http://cdn.weatherapi.com/weather/64x64/night/122.png,1009,9.2,14.8,161,SSE,1006,29.72,0,0,0,59,91,32.9,91.2,30.1,86.2,33.2,91.8,21.3,70.4,0,12,0,0,10,6,16.4,26.3,0,23.8,74.9,null,null,null,null,null,null,null,null,0,0,0,0,,,,,,,,,,,,,,,,,,,,,,,,,,,,,,,,,,,,,,,,,,,,,,,,,,,,,,,,,,,,,,,,,,,,,,,,,,,,,,,,,,,,,,,,,,,,,
Udaipur,Rajasthan,India,27.7167,75.4833,Asia/Kolkata,1789110024,11/9/2026 12:30,1789493400,15-09-2026 23:00:00,29.4,85,0,Overcast,http://cdn.weatherapi.com/weather/64x64/night/122.png,1009,9.6,15.5,167,SSE,1006,29.72,0,0,0,62,100,32.2,90,29.4,85,32.4,90.3,21.5,70.6,0,15,0,0,10,6,17.2,27.8,0,23.7,74.7,null,null,null,null,null,null,null,null,0,0,0,0,,,,,,,,,,,,,,,,,,,,,,,,,,,,,,,,,,,,,,,,,,,,,,,,,,,,,,,,,,,,,,,,,,,,,,,,,,,,,,,,,,,,,,,,,,,,,
Udaipur,Rajasthan,India,27.7167,75.4833,Asia/Kolkata,1789110024,11/9/2026 12:30,1789497000,16-09-2026 00:00:00,28.5,83.3,0,Overcast,http://cdn.weatherapi.com/weather/64x64/night/122.png,1009,9.8,15.8,178,S,1006,29.71,0,0,0,64,100,30.8,87.4,28.5,83.3,31,87.8,21,69.8,0,15,0,0,10,6,18.1,29.2,0,23.2,73.8,null,null,null,null,null,null,null,null,0,0,0,0,,,,,,,,,,,,,,,,,,,,,,,,,,,,,,,,,,,,,,,,,,,,,,,,,,,,,,,,,,,,,,,,,,,,,,,,,,,,,,,,,,,,,,,,,,,,,
Udaipur,Rajasthan,India,27.7167,75.4833,Asia/Kolkata,1789110024,11/9/2026 12:30,1789500600,16-09-2026 01:00:00,27.5,81.5,0,Overcast,http://cdn.weatherapi.com/weather/64x64/night/122.png,1009,10.1,16.2,189,S,1006,29.7,0,0,0,66,100,29.3,84.7,27.5,81.5,29.7,85.5,20.5,68.9,0,16,0,0,10,6,19.2,31,0,22.6,72.7,null,null,null,null,null,null,null,null,0,0,0,0,,,,,,,,,,,,,,,,,,,,,,,,,,,,,,,,,,,,,,,,,,,,,,,,,,,,,,,,,,,,,,,,,,,,,,,,,,,,,,,,,,,,,,,,,,,,,
Udaipur,Rajasthan,India,27.7167,75.4833,Asia/Kolkata,1789110024,11/9/2026 12:30,1789504200,16-09-2026 02:00:00,26.5,79.7,0,Overcast,http://cdn.weatherapi.com/weather/64x64/night/122.png,1009,10.3,16.6,200,SSW,1005,29.69,0,0,0,68,100,27.7,81.9,26.5,79.7,28.3,82.9,20,68,0,17,0,0,10,6,20.1,32.4,0,22,71.5,null,null,null,null,null,null,null,null,0,0,0,0,,,,,,,,,,,,,,,,,,,,,,,,,,,,,,,,,,,,,,,,,,,,,,,,,,,,,,,,,,,,,,,,,,,,,,,,,,,,,,,,,,,,,,,,,,,,,
Udaipur,Rajasthan,India,27.7167,75.4833,Asia/Kolkata,1789110024,11/9/2026 12:30,1789507800,16-09-2026 03:00:00,25.9,78.6,0,Partly Cloudy,http://cdn.weatherapi.com/weather/64x64/night/116.png,1003,10.5,16.9,213,SSW,1006,29.7,0,0,0,69,84,26.7,80.1,25.9,78.6,27.7,81.9,19.9,67.8,0,15,0,0,10,6,20.6,33.1,0,21.7,71,null,null,null,null,null,null,null,null,0,0,0,0,,,,,,,,,,,,,,,,,,,,,,,,,,,,,,,,,,,,,,,,,,,,,,,,,,,,,,,,,,,,,,,,,,,,,,,,,,,,,,,,,,,,,,,,,,,,,
Udaipur,Rajasthan,India,27.7167,75.4833,Asia/Kolkata,1789110024,11/9/2026 12:30,1789511400,16-09-2026 04:00:00,25.4,77.7,0,Overcast,http://cdn.weatherapi.com/weather/64x64/night/122.png,1009,10.5,16.9,226,SW,1006,29.72,0,0,0,71,68,25.9,78.6,25.4,77.7,27.1,80.8,19.7,67.5,0,12,0,0,10,6,20.8,33.5,0,21.5,70.7,null,null,null,null,null,null,null,null,0,0,0,0,,,,,,,,,,,,,,,,,,,,,,,,,,,,,,,,,,,,,,,,,,,,,,,,,,,,,,,,,,,,,,,,,,,,,,,,,,,,,,,,,,,,,,,,,,,,,
Udaipur,Rajasthan,India,27.7167,75.4833,Asia/Kolkata,1789110024,11/9/2026 12:30,1789515000,16-09-2026 05:00:00,24.8,76.6,0,Partly Cloudy,http://cdn.weatherapi.com/weather/64x64/night/116.png,1003,10.7,17.3,239,WSW,1007,29.73,0,0,0,73,52,25,77,24.8,76.6,26.5,79.7,19.6,67.2,0,11,0,0,10,6,21.3,34.2,0,21.2,70.1,null,null,null,null,null,null,null,null,0,0,0,0,,,,,,,,,,,,,,,,,,,,,,,,,,,,,,,,,,,,,,,,,,,,,,,,,,,,,,,,,,,,,,,,,,,,,,,,,,,,,,,,,,,,,,,,,,,,,
Udaipur,Rajasthan,India,27.7167,75.4833,Asia/Kolkata,1789110024,11/9/2026 12:30,1789518600,16-09-2026 06:00:00,25.4,77.7,1,Cloudy,http://cdn.weatherapi.com/weather/64x64/day/119.png,1006,11.6,18.7,242,WSW,1008,29.75,0,0,0,70,58,25.5,77.9,25.4,77.7,27.1,80.8,19.6,67.3,0,11,0,0,10,6,19.9,32,6,21.4,70.5,null,null,null,null,null,null,null,null,63.3,20.19,0.67,60.22,,,,,,,,,,,,,,,,,,,,,,,,,,,,,,,,,,,,,,,,,,,,,,,,,,,,,,,,,,,,,,,,,,,,,,,,,,,,,,,,,,,,,,,,,,,,,
Udaipur,Rajasthan,India,27.7167,75.4833,Asia/Kolkata,1789110024,11/9/2026 12:30,1789522200,16-09-2026 07:00:00,26,78.8,1,Partly Cloudy,http://cdn.weatherapi.com/weather/64x64/day/116.png,1003,12.3,19.8,245,WSW,1008,29.77,0,0,0,68,64,26.4,79.5,26,78.8,27.7,81.9,19.6,67.3,0,11,0,0,10,6,18.6,29.9,7,21.5,70.8,null,null,null,null,null,null,null,null,94.96,30.28,1,90.33,,,,,,,,,,,,,,,,,,,,,,,,,,,,,,,,,,,,,,,,,,,,,,,,,,,,,,,,,,,,,,,,,,,,,,,,,,,,,,,,,,,,,,,,,,,,,
Udaipur,Rajasthan,India,27.7167,75.4833,Asia/Kolkata,1789110024,11/9/2026 12:30,1789525800,16-09-2026 08:00:00,26.7,80,1,Cloudy,http://cdn.weatherapi.com/weather/64x64/day/119.png,1006,13.2,21.2,248,WSW,1009,29.79,0,0,0,65,71,27.7,81.9,26.7,80,28.3,83,19.6,67.2,0,11,0,0,10,6,17.2,27.7,6,21.8,71.2,null,null,null,null,null,null,null,null,126.61,40.38,1.34,120.44,,,,,,,,,,,,,,,,,,,,,,,,,,,,,,,,,,,,,,,,,,,,,,,,,,,,,,,,,,,,,,,,,,,,,,,,,,,,,,,,,,,,,,,,,,,,,
Udaipur,Rajasthan,India,27.7167,75.4833,Asia/Kolkata,1789110024,11/9/2026 12:30,1789529400,16-09-2026 09:00:00,28.4,83.1,1,Thundery outbreaks in nearby,http://cdn.weatherapi.com/weather/64x64/day/200.png,1087,12.8,20.5,255,WSW,1008,29.78,0,0,0,59,76,29.9,85.8,28.4,83.1,30.2,86.4,19.4,66.9,0,10,0,0,9.7,6,15.7,25.2,6,22.3,72.1,null,null,null,null,null,null,null,null,257.93,67.33,15.75,242.38,,,,,,,,,,,,,,,,,,,,,,,,,,,,,,,,,,,,,,,,,,,,,,,,,,,,,,,,,,,,,,,,,,,,,,,,,,,,,,,,,,,,,,,,,,,,,
Udaipur,Rajasthan,India,27.7167,75.4833,Asia/Kolkata,1789110024,11/9/2026 12:30,1789533000,16-09-2026 10:00:00,30.2,86.4,1,Cloudy,http://cdn.weatherapi.com/weather/64x64/day/119.png,1006,12.5,20.2,261,W,1008,29.77,0,0,0,53,82,31.8,89.2,30.2,86.4,32.1,89.8,19.3,66.7,0,9,0,0,9.3,5,14.1,22.7,7,22.8,73,null,null,null,null,null,null,null,null,323.59,80.81,22.95,303.36,,,,,,,,,,,,,,,,,,,,,,,,,,,,,,,,,,,,,,,,,,,,,,,,,,,,,,,,,,,,,,,,,,,,,,,,,,,,,,,,,,,,,,,,,,,,,
Udaipur,Rajasthan,India,27.7167,75.4833,Asia/Kolkata,1789110024,11/9/2026 12:30,1789536600,16-09-2026 11:00:00,31.9,89.4,1,Thundery outbreaks in nearby,http://cdn.weatherapi.com/weather/64x64/day/200.png,1087,12.1,19.4,267,W,1008,29.76,0,0,0,47,87,33.5,92.3,31.9,89.4,34.1,93.3,19.1,66.4,0,9,0,0,9,5,12.6,20.3,7,23,73.4,null,null,null,null,null,null,null,null,389.25,94.29,30.16,364.33,,,,,,,,,,,,,,,,,,,,,,,,,,,,,,,,,,,,,,,,,,,,,,,,,,,,,,,,,,,,,,,,,,,,,,,,,,,,,,,,,,,,,,,,,,,,,
Udaipur,Rajasthan,India,27.7167,75.4833,Asia/Kolkata,1789110024,11/9/2026 12:30,1789540200,16-09-2026 12:00:00,32.9,91.2,1,Thundery outbreaks in nearby,http://cdn.weatherapi.com/weather/64x64/day/200.png,1087,10.7,17.3,268,W,1007,29.73,0,0,0,44,84,34.4,93.9,32.9,91.2,35,95,18.8,65.8,0,8,0,0,9,5,11.2,18,7,23.1,73.6,null,null,null,null,null,null,null,null,592.84,129.24,321.3,492.09,,,,,,,,,,,,,,,,,,,,,,,,,,,,,,,,,,,,,,,,,,,,,,,,,,,,,,,,,,,,,,,,,,,,,,,,,,,,,,,,,,,,,,,,,,,,,
Udaipur,Rajasthan,India,27.7167,75.4833,Asia/Kolkata,1789110024,11/9/2026 12:30,1789543800,16-09-2026 13:00:00,33.8,92.8,1,Thundery outbreaks in nearby,http://cdn.weatherapi.com/weather/64x64/day/200.png,1087,9.2,14.8,269,W,1006,29.7,0,0,0,40,81,35.2,95.4,33.8,92.8,35.9,96.6,18.4,65.1,0,8,0,0,9,5,9.8,15.8,7,23.2,73.7,null,null,null,null,null,null,null,null,694.64,146.72,466.87,555.96,,,,,,,,,,,,,,,,,,,,,,,,,,,,,,,,,,,,,,,,,,,,,,,,,,,,,,,,,,,,,,,,,,,,,,,,,,,,,,,,,,,,,,,,,,,,,
Udaipur,Rajasthan,India,27.7167,75.4833,Asia/Kolkata,1789110024,11/9/2026 12:30,1789547400,16-09-2026 14:00:00,34.7,94.5,1,Thundery outbreaks in nearby,http://cdn.weatherapi.com/weather/64x64/day/200.png,1087,7.8,12.6,271,W,1005,29.68,0,0,0,37,79,35.1,95.2,34.7,94.5,36.8,98.2,18.1,64.5,0,7,0,0,9,5,8.3,13.4,7,23.2,73.7,null,null,null,null,null,null,null,null,796.44,164.2,612.44,619.84,,,,,,,,,,,,,,,,,,,,,,,,,,,,,,,,,,,,,,,,,,,,,,,,,,,,,,,,,,,,,,,,,,,,,,,,,,,,,,,,,,,,,,,,,,,,,
Udaipur,Rajasthan,India,27.7167,75.4833,Asia/Kolkata,1789110024,11/9/2026 12:30,1789551000,16-09-2026 15:00:00,34.4,93.9,1,Thundery outbreaks in nearby,http://cdn.weatherapi.com/weather/64x64/day/200.png,1087,7.8,12.6,260,W,1004,29.66,0,0,0,38,67,34.8,94.6,34.4,93.9,36.4,97.5,18.1,64.6,0,6,0,0,9,5,9.2,14.8,7,23.1,73.5,null,null,null,null,null,null,null,null,658.48,142.57,367.6,544.12,,,,,,,,,,,,,,,,,,,,,,,,,,,,,,,,,,,,,,,,,,,,,,,,,,,,,,,,,,,,,,,,,,,,,,,,,,,,,,,,,,,,,,,,,,,,,
Udaipur,Rajasthan,India,27.7167,75.4833,Asia/Kolkata,1789110024,11/9/2026 12:30,1789554600,16-09-2026 16:00:00,34.1,93.4,1,Thundery outbreaks in nearby,http://cdn.weatherapi.com/weather/64x64/day/200.png,1087,8.1,13,248,WSW,1004,29.65,0,0,0,39,56,34.5,94.1,34.1,93.4,36.1,97,18.1,64.6,0,4,0,0,9,5,10.1,16.2,7,23,73.4,null,null,null,null,null,null,null,null,589.51,131.75,245.17,506.27,,,,,,,,,,,,,,,,,,,,,,,,,,,,,,,,,,,,,,,,,,,,,,,,,,,,,,,,,,,,,,,,,,,,,,,,,,,,,,,,,,,,,,,,,,,,,
Udaipur,Rajasthan,India,27.7167,75.4833,Asia/Kolkata,1789110024,11/9/2026 12:30,1789558200,16-09-2026 17:00:00,33.8,92.9,1,Thundery outbreaks in nearby,http://cdn.weatherapi.com/weather/64x64/day/200.png,1087,8.1,13,237,WSW,1004,29.64,0,0,0,40,45,34.2,93.6,33.8,92.9,35.8,96.4,18.2,64.7,0,4,0,0,9,5,11,17.7,7,23,73.4,null,null,null,null,null,null,null,null,520.53,120.94,122.75,468.41,,,,,,,,,,,,,,,,,,,,,,,,,,,,,,,,,,,,,,,,,,,,,,,,,,,,,,,,,,,,,,,,,,,,,,,,,,,,,,,,,,,,,,,,,,,,,
Udaipur,Rajasthan,India,27.7167,75.4833,Asia/Kolkata,1789110024,11/9/2026 12:30,1789561800,16-09-2026 18:00:00,33.3,91.9,1,Thundery outbreaks in nearby,http://cdn.weatherapi.com/weather/64x64/day/200.png,1087,9.8,15.8,232,SW,1004,29.64,0,0,0,42,60,34.7,94.5,33.3,91.9,35.2,95.4,18.5,65.3,0,5,0,0,9,5,15,24.1,7,23,73.5,null,null,null,null,null,null,null,null,269.19,64.72,61.39,242.72,,,,,,,,,,,,,,,,,,,,,,,,,,,,,,,,,,,,,,,,,,,,,,,,,,,,,,,,,,,,,,,,,,,,,,,,,,,,,,,,,,,,,,,,,,,,,
Udaipur,Rajasthan,India,27.7167,75.4833,Asia/Kolkata,1789110024,11/9/2026 12:30,1789565400,16-09-2026 19:00:00,32.7,90.9,0,Thundery outbreaks in nearby,http://cdn.weatherapi.com/weather/64x64/night/200.png,1087,11.4,18.4,227,SW,1004,29.65,0,0,0,44,76,34.1,93.4,32.7,90.9,34.7,94.5,18.7,65.7,0,7,0,0,9,5,18.8,30.2,0,23,73.4,null,null,null,null,null,null,null,null,0,0,0,0,,,,,,,,,,,,,,,,,,,,,,,,,,,,,,,,,,,,,,,,,,,,,,,,,,,,,,,,,,,,,,,,,,,,,,,,,,,,,,,,,,,,,,,,,,,,,
Udaipur,Rajasthan,India,27.7167,75.4833,Asia/Kolkata,1789110024,11/9/2026 12:30,1789569000,16-09-2026 20:00:00,32.1,89.8,0,Thundery outbreaks in nearby,http://cdn.weatherapi.com/weather/64x64/night/200.png,1087,13.2,21.2,221,SW,1004,29.66,0,0,0,46,91,33.6,92.5,32.1,89.8,34.2,93.6,19,66.3,0,10,0,0,9,5,22.8,36.8,0,23,73.4,null,null,null,null,null,null,null,null,0,0,0,0,,,,,,,,,,,,,,,,,,,,,,,,,,,,,,,,,,,,,,,,,,,,,,,,,,,,,,,,,,,,,,,,,,,,,,,,,,,,,,,,,,,,,,,,,,,,,
Udaipur,Rajasthan,India,27.7167,75.4833,Asia/Kolkata,1789110024,11/9/2026 12:30,1789572600,16-09-2026 21:00:00,30.9,87.6,0,Clear,http://cdn.weatherapi.com/weather/64x64/night/113.png,1000,10.7,17.3,245,WSW,1005,29.67,0,0,0,51,63,32.6,90.7,30.9,87.6,33,91.4,19.4,66.9,0,7,0,0,9.3,5,20.4,32.8,0,23,73.4,null,null,null,null,null,null,null,null,0,0,0,0,,,,,,,,,,,,,,,,,,,,,,,,,,,,,,,,,,,,,,,,,,,,,,,,,,,,,,,,,,,,,,,,,,,,,,,,,,,,,,,,,,,,,,,,,,,,,
Udaipur,Rajasthan,India,27.7167,75.4833,Asia/Kolkata,1789110024,11/9/2026 12:30,1789576200,16-09-2026 22:00:00,29.6,85.3,0,Thundery outbreaks in nearby,http://cdn.weatherapi.com/weather/64x64/night/200.png,1087,8.5,13.7,269,W,1005,29.68,0,0,0,56,36,31.4,88.5,29.6,85.3,31.7,89.1,19.8,67.6,0,5,0,0,9.7,6,17.9,28.8,0,22.8,73,null,null,null,null,null,null,null,null,0,0,0,0,,,,,,,,,,,,,,,,,,,,,,,,,,,,,,,,,,,,,,,,,,,,,,,,,,,,,,,,,,,,,,,,,,,,,,,,,,,,,,,,,,,,,,,,,,,,,
Udaipur,Rajasthan,India,27.7167,75.4833,Asia/Kolkata,1789110024,11/9/2026 12:30,1789579800,16-09-2026 23:00:00,28.4,83.2,0,Clear,http://cdn.weatherapi.com/weather/64x64/night/113.png,1000,6,9.7,293,WNW,1005,29.69,0,0,0,61,8,30.2,86.4,28.4,83.2,30.5,86.8,20.2,68.3,0,4,0,0,10,6,15.5,24.9,0,22.6,72.7,null,null,null,null,null,null,null,null,0,0,0,0,,,,,,,,,,,,,,,,,,,,,,,,,,,,,,,,,,,,,,,,,,,,,,,,,,,,,,,,,,,,,,,,,,,,,,,,,,,,,,,,,,,,,,,,,,,,,
Udaipur,Rajasthan,India,27.7167,75.4833,Asia/Kolkata,1789110024,11/9/2026 12:30,1789583400,17-09-2026 00:00:00,27.4,81.3,0,Partly Cloudy,http://cdn.weatherapi.com/weather/64x64/night/116.png,1003,7.6,12.2,247,WSW,1006,29.7,0,0,0,67,16,29.2,84.6,27.4,81.3,29.5,85.1,20.6,69.1,0,5,0,0,10,6,15.4,24.8,0,22.7,72.9,null,null,null,null,null,null,null,null,0,0,0,0,,,,,,,,,,,,,,,,,,,,,,,,,,,,,,,,,,,,,,,,,,,,,,,,,,,,,,,,,,,,,,,,,,,,,,,,,,,,,,,,,,,,,,,,,,,,,
Udaipur,Rajasthan,India,27.7167,75.4833,Asia/Kolkata,1789110024,11/9/2026 12:30,1789587000,17-09-2026 01:00:00,26.5,79.7,0,Clear,http://cdn.weatherapi.com/weather/64x64/night/113.png,1000,9.4,15.1,201,SSW,1006,29.7,0,0,0,73,24,28.1,82.6,26.5,79.7,28.6,83.5,21.1,70,0,8,0,0,10,6,15.7,25.2,0,22.8,73,null,null,null,null,null,null,null,null,0,0,0,0,,,,,,,,,,,,,,,,,,,,,,,,,,,,,,,,,,,,,,,,,,,,,,,,,,,,,,,,,,,,,,,,,,,,,,,,,,,,,,,,,,,,,,,,,,,,,
Udaipur,Rajasthan,India,27.7167,75.4833,Asia/Kolkata,1789110024,11/9/2026 12:30,1789590600,17-09-2026 02:00:00,25.5,77.9,0,Partly Cloudy,http://cdn.weatherapi.com/weather/64x64/night/116.png,1003,11,17.6,155,SSE,1006,29.71,0,0,0,79,32,26.6,79.9,25.5,77.9,27.7,81.9,21.6,70.9,0,11,0,0,10,6,15.7,25.2,0,22.7,72.9,null,null,null,null,null,null,null,null,0,0,0,0,,,,,,,,,,,,,,,,,,,,,,,,,,,,,,,,,,,,,,,,,,,,,,,,,,,,,,,,,,,,,,,,,,,,,,,,,,,,,,,,,,,,,,,,,,,,,
Udaipur,Rajasthan,India,27.7167,75.4833,Asia/Kolkata,1789110024,11/9/2026 12:30,1789594200,17-09-2026 03:00:00,25.7,78.3,0,Patchy rain nearby,http://cdn.weatherapi.com/weather/64x64/night/176.png,1063,10.3,16.6,166,SSE,1006,29.72,0,0,0,78,49,27,80.6,25.7,78.3,27.9,82.2,21.6,70.9,0,13,0,0,10,6,16.3,26.3,0,22.8,73,null,null,null,null,null,null,null,null,0,0,0,0,,,,,,,,,,,,,,,,,,,,,,,,,,,,,,,,,,,,,,,,,,,,,,,,,,,,,,,,,,,,,,,,,,,,,,,,,,,,,,,,,,,,,,,,,,,,,
Udaipur,Rajasthan,India,27.7167,75.4833,Asia/Kolkata,1789110024,11/9/2026 12:30,1789597800,17-09-2026 04:00:00,25.9,78.6,0,Partly Cloudy,http://cdn.weatherapi.com/weather/64x64/night/116.png,1003,9.6,15.5,177,S,1007,29.72,0,0,0,77,65,27.4,81.3,25.9,78.6,28.2,82.8,21.6,70.9,0,15,0,0,10,6,17.2,27.7,0,22.8,73.1,null,null,null,null,null,null,null,null,0,0,0,0,,,,,,,,,,,,,,,,,,,,,,,,,,,,,,,,,,,,,,,,,,,,,,,,,,,,,,,,,,,,,,,,,,,,,,,,,,,,,,,,,,,,,,,,,,,,,
Udaipur,Rajasthan,India,27.7167,75.4833,Asia/Kolkata,1789110024,11/9/2026 12:30,1789601400,17-09-2026 05:00:00,26.1,79,0,Patchy rain nearby,http://cdn.weatherapi.com/weather/64x64/night/176.png,1063,8.9,14.4,188,S,1007,29.73,0,0,0,76,82,27.8,82,26.1,79,28.4,83.1,21.6,70.8,0,23,0,0,10,6,17.9,28.8,0,22.9,73.2,null,null,null,null,null,null,null,null,0,0,0,0,,,,,,,,,,,,,,,,,,,,,,,,,,,,,,,,,,,,,,,,,,,,,,,,,,,,,,,,,,,,,,,,,,,,,,,,,,,,,,,,,,,,,,,,,,,,,
Udaipur,Rajasthan,India,27.7167,75.4833,Asia/Kolkata,1789110024,11/9/2026 12:30,1789605000,17-09-2026 06:00:00,26.1,79,1,Sunny,http://cdn.weatherapi.com/weather/64x64/day/113.png,1000,10.7,17.3,207,SSW,1007,29.75,0,0,0,72,56,27.2,81,26.1,79,28.1,82.6,20.7,69.3,0,11,0,0,10,6,18.6,29.9,7,22.3,72.2,null,null,null,null,null,null,null,null,63.4,19.65,0.67,60.31,,,,,,,,,,,,,,,,,,,,,,,,,,,,,,,,,,,,,,,,,,,,,,,,,,,,,,,,,,,,,,,,,,,,,,,,,,,,,,,,,,,,,,,,,,,,,
Udaipur,Rajasthan,India,27.7167,75.4833,Asia/Kolkata,1789110024,11/9/2026 12:30,1789608600,17-09-2026 07:00:00,26.1,79,1,Patchy rain nearby,http://cdn.weatherapi.com/weather/64x64/day/176.png,1063,12.8,20.5,227,SW,1008,29.76,0,0,0,69,31,26.7,80.1,26.1,79,27.8,82,19.8,67.6,0,7,0,0,10,6,19.2,31,6,21.8,71.2,null,null,null,null,null,null,null,null,95.1,29.48,1,90.47,,,,,,,,,,,,,,,,,,,,,,,,,,,,,,,,,,,,,,,,,,,,,,,,,,,,,,,,,,,,,,,,,,,,,,,,,,,,,,,,,,,,,,,,,,,,,
Udaipur,Rajasthan,India,27.7167,75.4833,Asia/Kolkata,1789110024,11/9/2026 12:30,1789612200,17-09-2026 08:00:00,26,78.8,1,Sunny,http://cdn.weatherapi.com/weather/64x64/day/113.png,1000,14.5,23.4,246,WSW,1008,29.78,0,0,0,65,5,26,78.8,26,78.8,27.5,81.5,18.9,66.1,0,4,0,0,10,6,19.9,32,7,21.2,70.1,null,null,null,null,null,null,null,null,126.8,39.3,1.34,120.62,,,,,,,,,,,,,,,,,,,,,,,,,,,,,,,,,,,,,,,,,,,,,,,,,,,,,,,,,,,,,,,,,,,,,,,,,,,,,,,,,,,,,,,,,,,,,
Udaipur,Rajasthan,India,27.7167,75.4833,Asia/Kolkata,1789110024,11/9/2026 12:30,1789615800,17-09-2026 09:00:00,27.8,82,1,Sunny,http://cdn.weatherapi.com/weather/64x64/day/113.png,1000,14.1,22.7,252,WSW,1008,29.77,0,0,0,59,3,29,84.2,27.8,82,29.3,84.7,18.7,65.7,0,3,0,0,10,6,17.7,28.4,7,21.7,71.1,null,null,null,null,null,null,null,null,260.88,59.04,16.91,244.93,,,,,,,,,,,,,,,,,,,,,,,,,,,,,,,,,,,,,,,,,,,,,,,,,,,,,,,,,,,,,,,,,,,,,,,,,,,,,,,,,,,,,,,,,,,,,
Udaipur,Rajasthan,India,27.7167,75.4833,Asia/Kolkata,1789110024,11/9/2026 12:30,1789619400,17-09-2026 10:00:00,29.5,85.1,1,Sunny,http://cdn.weatherapi.com/weather/64x64/day/113.png,1000,13.4,21.6,258,WSW,1008,29.77,0,0,0,52,2,30.7,87.3,29.5,85.1,31.1,88,18.5,65.3,0,2,0,0,10,6,15.7,25.2,7,22.1,71.7,null,null,null,null,null,null,null,null,327.92,68.91,24.69,307.09,,,,,,,,,,,,,,,,,,,,,,,,,,,,,,,,,,,,,,,,,,,,,,,,,,,,,,,,,,,,,,,,,,,,,,,,,,,,,,,,,,,,,,,,,,,,,
Udaipur,Rajasthan,India,27.7167,75.4833,Asia/Kolkata,1789110024,11/9/2026 12:30,1789623000,17-09-2026 11:00:00,31.3,88.4,1,Sunny,http://cdn.weatherapi.com/weather/64x64/day/113.png,1000,13,20.9,264,W,1008,29.76,0,0,0,46,0,32.4,90.3,31.3,88.4,32.9,91.3,18.4,65,0,1,0,0,10,6,13.4,21.6,8,22.4,72.3,null,null,null,null,null,null,null,null,394.96,78.78,32.47,369.25,,,,,,,,,,,,,,,,,,,,,,,,,,,,,,,,,,,,,,,,,,,,,,,,,,,,,,,,,,,,,,,,,,,,,,,,,,,,,,,,,,,,,,,,,,,,,
Udaipur,Rajasthan,India,27.7167,75.4833,Asia/Kolkata,1789110024,11/9/2026 12:30,1789626600,17-09-2026 12:00:00,32.2,90,1,Sunny,http://cdn.weatherapi.com/weather/64x64/day/113.png,1000,11.4,18.4,265,W,1007,29.74,0,0,0,43,0,33.2,91.8,32.2,90,33.8,92.8,18,64.4,0,1,0,0,10,6,11.9,19.1,8,22.5,72.5,null,null,null,null,null,null,null,null,616.04,104.96,366.12,503.98,,,,,,,,,,,,,,,,,,,,,,,,,,,,,,,,,,,,,,,,,,,,,,,,,,,,,,,,,,,,,,,,,,,,,,,,,,,,,,,,,,,,,,,,,,,,,
Udaipur,Rajasthan,India,27.7167,75.4833,Asia/Kolkata,1789110024,11/9/2026 12:30,1789630200,17-09-2026 13:00:00,33.1,91.6,1,Sunny,http://cdn.weatherapi.com/weather/64x64/day/113.png,1000,10.1,16.2,266,W,1006,29.71,0,0,0,40,0,34,93.2,33.1,91.6,34.6,94.3,17.7,63.9,0,1,0,0,10,6,10.3,16.6,8,22.5,72.6,null,null,null,null,null,null,null,null,726.58,118.05,532.95,571.35,,,,,,,,,,,,,,,,,,,,,,,,,,,,,,,,,,,,,,,,,,,,,,,,,,,,,,,,,,,,,,,,,,,,,,,,,,,,,,,,,,,,,,,,,,,,,
Udaipur,Rajasthan,India,27.7167,75.4833,Asia/Kolkata,1789110024,11/9/2026 12:30,1789633800,17-09-2026 14:00:00,34,93.2,1,Sunny,http://cdn.weatherapi.com/weather/64x64/day/113.png,1000,8.5,13.7,268,W,1005,29.69,0,0,0,37,0,33.9,93,34,93.2,35.5,95.8,17.3,63.2,0,1,0,0,10,6,8.7,14.1,8,22.6,72.6,null,null,null,null,null,null,null,null,837.12,131.14,699.78,638.71,,,,,,,,,,,,,,,,,,,,,,,,,,,,,,,,,,,,,,,,,,,,,,,,,,,,,,,,,,,,,,,,,,,,,,,,,,,,,,,,,,,,,,,,,,,,,
Udaipur,Rajasthan,India,27.7167,75.4833,Asia/Kolkata,1789110024,11/9/2026 12:30,1789637400,17-09-2026 15:00:00,33.9,93,1,Partly Cloudy,http://cdn.weatherapi.com/weather/64x64/day/116.png,1003,8.5,13.7,268,W,1005,29.67,0,0,0,37,9,33.7,92.7,33.9,93,35.3,95.5,17.2,63,0,1,0,0,10,6,9.2,14.8,8,22.5,72.4,null,null,null,null,null,null,null,null,740.14,122.78,498.41,592.16,,,,,,,,,,,,,,,,,,,,,,,,,,,,,,,,,,,,,,,,,,,,,,,,,,,,,,,,,,,,,,,,,,,,,,,,,,,,,,,,,,,,,,,,,,,,,
Udaipur,Rajasthan,India,27.7167,75.4833,Asia/Kolkata,1789110024,11/9/2026 12:30,1789641000,17-09-2026 16:00:00,33.9,93,1,Sunny,http://cdn.weatherapi.com/weather/64x64/day/113.png,1000,8.7,14,268,W,1004,29.65,0,0,0,37,17,33.6,92.5,33.9,93,35.2,95.4,17.1,62.8,0,1,0,0,10,6,9.8,15.8,8,22.4,72.3,null,null,null,null,null,null,null,null,691.64,118.61,397.72,568.88,,,,,,,,,,,,,,,,,,,,,,,,,,,,,,,,,,,,,,,,,,,,,,,,,,,,,,,,,,,,,,,,,,,,,,,,,,,,,,,,,,,,,,,,,,,,,
Udaipur,Rajasthan,India,27.7167,75.4833,Asia/Kolkata,1789110024,11/9/2026 12:30,1789644600,17-09-2026 17:00:00,33.8,92.8,1,Partly Cloudy,http://cdn.weatherapi.com/weather/64x64/day/116.png,1003,8.7,14,268,W,1004,29.64,0,0,0,37,26,33.4,92.1,33.8,92.8,35,95,17,62.5,0,2,0,0,10,6,10.3,16.6,8,22.3,72.1,null,null,null,null,null,null,null,null,643.15,114.43,297.03,545.6,,,,,,,,,,,,,,,,,,,,,,,,,,,,,,,,,,,,,,,,,,,,,,,,,,,,,,,,,,,,,,,,,,,,,,,,,,,,,,,,,,,,,,,,,,,,,
Udaipur,Rajasthan,India,27.7167,75.4833,Asia/Kolkata,1789110024,11/9/2026 12:30,1789648200,17-09-2026 18:00:00,33.3,91.9,1,Sunny,http://cdn.weatherapi.com/weather/64x64/day/113.png,1000,9.8,15.8,253,WSW,1004,29.65,0,0,0,40,17,34.3,93.7,33.4,92.1,35,95,17.8,64,0,2,0,0,10,6,15,24.1,8,22.7,72.8,null,null,null,null,null,null,null,null,330.16,61.32,148.52,280.98,,,,,,,,,,,,,,,,,,,,,,,,,,,,,,,,,,,,,,,,,,,,,,,,,,,,,,,,,,,,,,,,,,,,,,,,,,,,,,,,,,,,,,,,,,,,,
Udaipur,Rajasthan,India,27.7167,75.4833,Asia/Kolkata,1789110024,11/9/2026 12:30,1789651800,17-09-2026 19:00:00,32.9,91.2,0,Partly Cloudy,http://cdn.weatherapi.com/weather/64x64/night/116.png,1003,11,17.6,238,WSW,1004,29.66,0,0,0,43,9,34.3,93.7,32.9,91.2,35,95,18.7,65.7,0,1,0,0,10,6,19.7,31.7,0,23,73.5,null,null,null,null,null,null,null,null,0,0,0,0,,,,,,,,,,,,,,,,,,,,,,,,,,,,,,,,,,,,,,,,,,,,,,,,,,,,,,,,,,,,,,,,,,,,,,,,,,,,,,,,,,,,,,,,,,,,,
Udaipur,Rajasthan,India,27.7167,75.4833,Asia/Kolkata,1789110024,11/9/2026 12:30,1789655400,17-09-2026 20:00:00,32.5,90.4,0,Clear,http://cdn.weatherapi.com/weather/64x64/night/113.png,1000,12.1,19.4,223,SW,1005,29.68,0,0,0,46,0,34.4,93.9,32.5,90.4,35,94.9,19.5,67.2,0,1,0,0,10,6,24.4,39.2,0,23.4,74.1,null,null,null,null,null,null,null,null,0,0,0,0,,,,,,,,,,,,,,,,,,,,,,,,,,,,,,,,,,,,,,,,,,,,,,,,,,,,,,,,,,,,,,,,,,,,,,,,,,,,,,,,,,,,,,,,,,,,,
Udaipur,Rajasthan,India,27.7167,75.4833,Asia/Kolkata,1789110024,11/9/2026 12:30,1789659000,17-09-2026 21:00:00,31.5,88.7,0,Patchy rain nearby,http://cdn.weatherapi.com/weather/64x64/night/176.png,1063,10.5,16.9,236,WSW,1006,29.7,0,0,0,49,26,33.3,91.9,31.5,88.7,33.8,92.8,19.5,67.1,0,36,0,0,9.7,6,22.4,36,0,23.1,73.6,null,null,null,null,null,null,null,null,0,0,0,0,,,,,,,,,,,,,,,,,,,,,,,,,,,,,,,,,,,,,,,,,,,,,,,,,,,,,,,,,,,,,,,,,,,,,,,,,,,,,,,,,,,,,,,,,,,,,
Udaipur,Rajasthan,India,27.7167,75.4833,Asia/Kolkata,1789110024,11/9/2026 12:30,1789662600,17-09-2026 22:00:00,30.6,87.1,0,Clear,http://cdn.weatherapi.com/weather/64x64/night/113.png,1000,8.9,14.4,249,WSW,1006,29.72,0,0,0,52,53,32.3,90.1,30.6,87.1,32.7,90.9,19.5,67.1,0,36,0,0,9.3,5,20.6,33.1,0,22.9,73.2,null,null,null,null,null,null,null,null,0,0,0,0,,,,,,,,,,,,,,,,,,,,,,,,,,,,,,,,,,,,,,,,,,,,,,,,,,,,,,,,,,,,,,,,,,,,,,,,,,,,,,,,,,,,,,,,,,,,,
Udaipur,Rajasthan,India,27.7167,75.4833,Asia/Kolkata,1789110024,11/9/2026 12:30,1789666200,17-09-2026 23:00:00,29.6,85.4,0,Patchy rain nearby,http://cdn.weatherapi.com/weather/64x64/night/176.png,1063,7.4,11.9,263,W,1007,29.74,1,0,0,54,79,31.2,88.2,29.7,85.4,31.6,88.9,19.5,67.1,0,41,0,0,9,5,18.6,29.9,0,22.6,72.6,null,null,null,null,null,null,null,null,0,0,0,0,,,,,,,,,,,,,,,,,,,,,,,,,,,,,,,,,,,,,,,,,,,,,,,,,,,,,,,,,,,,,,,,,,,,,,,,,,,,,,,,,,,,,,,,,,,,,
Faridabad,Haryana,India,28.4333,77.3167,Asia/Kolkata,1789110024,11/9/2026 12:30,1789065000,11/9/2026 0:00,30.3,86.6,0,Partly Cloudy,http://cdn.weatherapi.com/weather/64x64/night/116.png,1003,2.5,4,146,SE,1007,29.73,0,0,0,44,30,30.6,87.1,30.3,86.6,31.1,87.9,16.7,62,0,3,0,0,10,6,2.5,4.1,0,21.1,70,1695,68.7,18,34.9,87.8,202.6,4,10,0,0,0,0,,,,,,,,,,,,,,,,,,,,,,,,,,,,,,,,,,,,,,,,,,,,,,,,,,,,,,,,,,,,,,,,,,,,,,,,,,,,,,,,,,,,,,,,,,,,,
Faridabad,Haryana,India,28.4333,77.3167,Asia/Kolkata,1789110024,11/9/2026 12:30,1789068600,11/9/2026 1:00,29.8,85.7,0,Overcast,http://cdn.weatherapi.com/weather/64x64/night/122.png,1009,2.5,4,142,SE,1007,29.72,0,0,0,46,99,30.2,86.4,29.8,85.7,30.6,87.1,16.8,62.3,0,10,0,0,6,3,2.5,4,0,21.1,69.9,1171,59.5,23,30.4,82.4,176.5,4,10,0,0,0,0,,,,,,,,,,,,,,,,,,,,,,,,,,,,,,,,,,,,,,,,,,,,,,,,,,,,,,,,,,,,,,,,,,,,,,,,,,,,,,,,,,,,,,,,,,,,,
Faridabad,Haryana,India,28.4333,77.3167,Asia/Kolkata,1789110024,11/9/2026 12:30,1789072200,11/9/2026 2:00,28.5,83.2,0,Partly Cloudy,http://cdn.weatherapi.com/weather/64x64/night/116.png,1003,4,6.5,163,SSE,1007,29.73,0,0,0,59,58,30,86,28.5,83.2,30.3,86.6,19.7,67.4,0,8,0,0,6.5,4,4.6,7.3,0,22.3,72.2,772,53,27,27.1,78.5,157.9,4,10,0,0,0,0,,,,,,,,,,,,,,,,,,,,,,,,,,,,,,,,,,,,,,,,,,,,,,,,,,,,,,,,,,,,,,,,,,,,,,,,,,,,,,,,,,,,,,,,,,,,,
Faridabad,Haryana,India,28.4333,77.3167,Asia/Kolkata,1789110024,11/9/2026 12:30,1789075800,11/9/2026 3:00,28.3,83,0,Overcast,http://cdn.weatherapi.com/weather/64x64/night/122.png,1009,3.1,5,163,SSE,1007,29.73,0,0,0,60,91,29.9,85.8,28.3,83,30.2,86.4,19.8,67.6,0,13,0,0,6.8,4,3.6,5.8,0,22.3,72.2,635,53,23,26.5,77.3,147.1,4,10,0,0,0,0,,,,,,,,,,,,,,,,,,,,,,,,,,,,,,,,,,,,,,,,,,,,,,,,,,,,,,,,,,,,,,,,,,,,,,,,,,,,,,,,,,,,,,,,,,,,,
Faridabad,Haryana,India,28.4333,77.3167,Asia/Kolkata,1789110024,11/9/2026 12:30,1789079400,11/9/2026 4:00,28.3,82.9,0,Overcast,http://cdn.weatherapi.com/weather/64x64/night/122.png,1009,2,3.2,206,SSW,1007,29.73,0,0,0,59,100,29.7,85.5,28.3,82.9,30,86.1,19.5,67.1,0,14,0,0,7,4,2.2,3.6,0,22.2,71.9,624,55.7,18,27.2,77.5,139.2,4,10,0,0,0,0,,,,,,,,,,,,,,,,,,,,,,,,,,,,,,,,,,,,,,,,,,,,,,,,,,,,,,,,,,,,,,,,,,,,,,,,,,,,,,,,,,,,,,,,,,,,,
Faridabad,Haryana,India,28.4333,77.3167,Asia/Kolkata,1789110024,11/9/2026 12:30,1789083000,11/9/2026 5:00,28.3,82.9,0,Cloudy,http://cdn.weatherapi.com/weather/64x64/night/119.png,1006,1.3,2.2,123,SE,1007,29.74,0,0,0,58,76,29.6,85.3,28.3,82.9,29.9,85.9,19.3,66.7,0,10,0,0,7,4,1.4,2.2,0,22,71.7,630,55.4,22,27.7,80.1,134.1,4,10,0,0,0,0,,,,,,,,,,,,,,,,,,,,,,,,,,,,,,,,,,,,,,,,,,,,,,,,,,,,,,,,,,,,,,,,,,,,,,,,,,,,,,,,,,,,,,,,,,,,,
Faridabad,Haryana,India,28.4333,77.3167,Asia/Kolkata,1789110024,11/9/2026 12:30,1789086600,11/9/2026 6:00,28.3,83,1,Overcast,http://cdn.weatherapi.com/weather/64x64/day/122.png,1009,2.2,3.6,163,SSE,1008,29.75,0,0,0,59,98,29.8,85.6,28.3,83,30.1,86.2,19.5,67.2,0,14,0,0,6.9,4,13.4,21.6,0,22.2,72,631,49.3,42,27.6,85.7,131.3,4,10,5.46,2.62,0,5.2,,,,,,,,,,,,,,,,,,,,,,,,,,,,,,,,,,,,,,,,,,,,,,,,,,,,,,,,,,,,,,,,,,,,,,,,,,,,,,,,,,,,,,,,,,,,,
Faridabad,Haryana,India,28.4333,77.3167,Asia/Kolkata,1789110024,11/9/2026 12:30,1789090200,11/9/2026 7:00,28.7,83.7,1,Smoky haze,http://cdn.weatherapi.com/weather/64x64/day/149.png,1036,2.7,4.3,213,SSW,1008,29.77,0,0,0,57,76,30.1,86.2,28.7,83.7,30.4,86.8,19.3,66.8,0,9,0,0,8.1,5,2.7,4.3,0.5,22.2,71.9,649,40.2,71,27.4,79.6,102.7,4,10,49.42,25.43,0.2,46.99,,,,,,,,,,,,,,,,,,,,,,,,,,,,,,,,,,,,,,,,,,,,,,,,,,,,,,,,,,,,,,,,,,,,,,,,,,,,,,,,,,,,,,,,,,,,,
Faridabad,Haryana,India,28.4333,77.3167,Asia/Kolkata,1789110024,11/9/2026 12:30,1789093800,11/9/2026 8:00,30.3,86.6,1,Smoky haze,http://cdn.weatherapi.com/weather/64x64/day/149.png,1036,0.7,1.1,187,S,1009,29.79,0,0,0,50,83,31.6,88.9,30.3,86.6,32,89.7,18.8,65.9,0,9,0,0,9.7,6,1.1,1.8,1.7,22.4,72.3,648,31.2,101,26.9,64.5,88.7,3,8,122.26,58.51,1.24,116.06,,,,,,,,,,,,,,,,,,,,,,,,,,,,,,,,,,,,,,,,,,,,,,,,,,,,,,,,,,,,,,,,,,,,,,,,,,,,,,,,,,,,,,,,,,,,,
Faridabad,Haryana,India,28.4333,77.3167,Asia/Kolkata,1789110024,11/9/2026 12:30,1789097400,11/9/2026 9:00,32.1,89.8,1,Partly Cloudy,http://cdn.weatherapi.com/weather/64x64/day/116.png,1003,2,3.2,49,NE,1009,29.79,0,0,0,45,39,33.4,92.1,32.1,89.8,34.1,93.3,18.7,65.7,0,3,0,0,10,6,3.2,5.2,3.4,22.8,73.1,606,22.6,133,26.3,56.2,101.5,3,7,203.44,92.22,3.43,192.8,,,,,,,,,,,,,,,,,,,,,,,,,,,,,,,,,,,,,,,,,,,,,,,,,,,,,,,,,,,,,,,,,,,,,,,,,,,,,,,,,,,,,,,,,,,,,
Faridabad,Haryana,India,28.4333,77.3167,Asia/Kolkata,1789110024,11/9/2026 12:30,1789101000,11/9/2026 10:00,33.8,92.9,1,Partly Cloudy,http://cdn.weatherapi.com/weather/64x64/day/116.png,1003,2.7,4.3,58,ENE,1009,29.79,0,0,0,40,54,35.2,95.4,33.8,92.9,35.9,96.6,18.5,65.2,0,4,0,0,10,6,4.7,7.6,4.7,23.1,73.7,544,14.1,167,25.5,46.9,78.2,3,5,253.18,118.31,5.32,239.69,,,,,,,,,,,,,,,,,,,,,,,,,,,,,,,,,,,,,,,,,,,,,,,,,,,,,,,,,,,,,,,,,,,,,,,,,,,,,,,,,,,,,,,,,,,,,
Faridabad,Haryana,India,28.4333,77.3167,Asia/Kolkata,1789110024,11/9/2026 12:30,1789104600,11/9/2026 11:00,34.6,94.3,1,Sunny,http://cdn.weatherapi.com/weather/64x64/day/113.png,1000,4.9,7.9,67,ENE,1008,29.77,0,0,0,38,14,36.1,97,34.6,94.3,36.8,98.3,18.4,65.2,0,1,0,0,10,6,8.1,13,5.4,23.3,74,488,7.9,191,24.3,41.6,59.4,3,4,285.44,136.82,7.25,269.93,,,,,,,,,,,,,,,,,,,,,,,,,,,,,,,,,,,,,,,,,,,,,,,,,,,,,,,,,,,,,,,,,,,,,,,,,,,,,,,,,,,,,,,,,,,,,
Faridabad,Haryana,India,28.4333,77.3167,Asia/Kolkata,1789110024,11/9/2026 12:30,1789108200,11/9/2026 12:00,35.6,96.1,1,Sunny,http://cdn.weatherapi.com/weather/64x64/day/113.png,1000,6.9,11.2,63,ENE,1007,29.74,0,0,0,36,23,36.3,97.3,35.6,96.1,37.8,100.1,18.1,64.6,0,2,0,0,10,6,8.3,13.4,6,23.4,74.2,438,4.9,201,22.4,37.7,48.5,2,4,339.36,195.27,14.95,319.4,,,,,,,,,,,,,,,,,,,,,,,,,,,,,,,,,,,,,,,,,,,,,,,,,,,,,,,,,,,,,,,,,,,,,,,,,,,,,,,,,,,,,,,,,,,,,
Faridabad,Haryana,India,28.4333,77.3167,Asia/Kolkata,1789110024,11/9/2026 12:30,1789111800,11/9/2026 13:00,35.9,96.7,1,Partly Cloudy,http://cdn.weatherapi.com/weather/64x64/day/116.png,1003,9.2,14.8,72,ENE,1006,29.71,0,0,0,36,59,36.2,97.2,36,96.7,38.6,101.4,18.6,65.4,0,4,0,0,10,6,20.4,32.8,5.1,23.8,74.8,394,4.2,201,20,34.7,41.2,2,3,320.58,180.64,11.46,302.36,,,,,,,,,,,,,,,,,,,,,,,,,,,,,,,,,,,,,,,,,,,,,,,,,,,,,,,,,,,,,,,,,,,,,,,,,,,,,,,,,,,,,,,,,,,,,
Faridabad,Haryana,India,28.4333,77.3167,Asia/Kolkata,1789110024,11/9/2026 12:30,1789115400,11/9/2026 14:00,35.3,95.6,1,Patchy light drizzle,http://cdn.weatherapi.com/weather/64x64/day/263.png,1150,9.8,15.8,87,E,1005,29.69,0,0,0,40,68,35.8,96.4,35.3,95.6,38.5,101.3,19.5,67.1,0,18,0,0,5,3,16.6,26.6,3.4,24.1,75.5,383,5.4,193,17.9,32.7,37.3,2,3,324.03,175.65,12.03,305.51,,,,,,,,,,,,,,,,,,,,,,,,,,,,,,,,,,,,,,,,,,,,,,,,,,,,,,,,,,,,,,,,,,,,,,,,,,,,,,,,,,,,,,,,,,,,,
Faridabad,Haryana,India,28.4333,77.3167,Asia/Kolkata,1789110024,11/9/2026 12:30,1789119000,11/9/2026 15:00,34.9,94.8,1,Patchy rain nearby,http://cdn.weatherapi.com/weather/64x64/day/176.png,1063,8.9,14.4,96,E,1005,29.67,0,0,0,42,59,37.6,99.7,34.9,94.8,38.4,101,20.1,68.1,0,5,0,0,10,6,17.9,28.8,1.5,24.4,75.8,420,8.8,173,15.9,32.5,35.6,2,3,260.1,142.62,5.61,246.2,,,,,,,,,,,,,,,,,,,,,,,,,,,,,,,,,,,,,,,,,,,,,,,,,,,,,,,,,,,,,,,,,,,,,,,,,,,,,,,,,,,,,,,,,,,,,
Faridabad,Haryana,India,28.4333,77.3167,Asia/Kolkata,1789110024,11/9/2026 12:30,1789122600,11/9/2026 16:00,34.2,93.5,1,Patchy rain nearby,http://cdn.weatherapi.com/weather/64x64/day/176.png,1063,10.5,16.9,104,ESE,1005,29.67,0,0,0,46,97,37.3,99.1,34.2,93.5,37.9,100.3,20.7,69.3,0,11,0,0,10,6,19.5,31.3,0.4,24.5,76.2,490,14.1,144,14.2,30.9,32.5,2,3,213.72,117.98,3.79,202.5,,,,,,,,,,,,,,,,,,,,,,,,,,,,,,,,,,,,,,,,,,,,,,,,,,,,,,,,,,,,,,,,,,,,,,,,,,,,,,,,,,,,,,,,,,,,,
Faridabad,Haryana,India,28.4333,77.3167,Asia/Kolkata,1789110024,11/9/2026 12:30,1789126200,11/9/2026 17:00,32.9,91.2,1,Patchy rain nearby,http://cdn.weatherapi.com/weather/64x64/day/176.png,1063,8.9,14.4,109,ESE,1005,29.67,0,0,0,51,100,36.4,97.5,32.9,91.2,36.9,98.4,21.4,70.5,0,12,0,0,10,6,10.6,17,0.1,24.6,76.3,573,20.4,117,14,28.2,28.8,2,3,181.97,100.79,2.75,172.53,,,,,,,,,,,,,,,,,,,,,,,,,,,,,,,,,,,,,,,,,,,,,,,,,,,,,,,,,,,,,,,,,,,,,,,,,,,,,,,,,,,,,,,,,,,,,
Faridabad,Haryana,India,28.4333,77.3167,Asia/Kolkata,1789110024,11/9/2026 12:30,1789129800,11/9/2026 18:00,32.3,90.1,1,Patchy rain nearby,http://cdn.weatherapi.com/weather/64x64/day/176.png,1063,8.5,13.7,103,ESE,1005,29.69,0,0,0,53,100,35.7,96.3,32.3,90.1,36.2,97.1,21.6,70.8,0,13,0,0,10,6,11.2,18,0,24.6,76.2,683,28.6,94,16.4,28.8,29.3,2,3,34.42,17.9,0.1,32.74,,,,,,,,,,,,,,,,,,,,,,,,,,,,,,,,,,,,,,,,,,,,,,,,,,,,,,,,,,,,,,,,,,,,,,,,,,,,,,,,,,,,,,,,,,,,,
Faridabad,Haryana,India,28.4333,77.3167,Asia/Kolkata,1789110024,11/9/2026 12:30,1789133400,11/9/2026 19:00,31.2,88.2,0,Patchy rain nearby,http://cdn.weatherapi.com/weather/64x64/night/176.png,1063,9.6,15.5,101,E,1006,29.71,0,0,0,59,100,35,95,31.2,88.2,35.3,95.5,22.2,71.9,0,18,0,0,10,6,12.4,19.9,0,24.7,76.4,806,37.8,73,20.4,31.5,31.9,2,3,0,0,0,0,,,,,,,,,,,,,,,,,,,,,,,,,,,,,,,,,,,,,,,,,,,,,,,,,,,,,,,,,,,,,,,,,,,,,,,,,,,,,,,,,,,,,,,,,,,,,
Faridabad,Haryana,India,28.4333,77.3167,Asia/Kolkata,1789110024,11/9/2026 12:30,1789137000,11/9/2026 20:00,30.6,87,0,Overcast,http://cdn.weatherapi.com/weather/64x64/night/122.png,1009,9.2,14.8,100,E,1007,29.73,0,0,0,62,100,34.5,94.1,30.6,87,34.6,94.3,22.5,72.6,0,15,0,0,10,6,13.6,22,0,24.7,76.5,875,44.8,56,23.6,36.4,36.7,2,4,0,0,0,0,,,,,,,,,,,,,,,,,,,,,,,,,,,,,,,,,,,,,,,,,,,,,,,,,,,,,,,,,,,,,,,,,,,,,,,,,,,,,,,,,,,,,,,,,,,,,
Faridabad,Haryana,India,28.4333,77.3167,Asia/Kolkata,1789110024,11/9/2026 12:30,1789140600,11/9/2026 21:00,29.8,85.6,0,Patchy rain nearby,http://cdn.weatherapi.com/weather/64x64/night/176.png,1063,9.4,15.1,104,ESE,1007,29.74,0,0,0,66,100,33.6,92.5,29.8,85.6,33.7,92.6,22.7,72.8,0,20,0,0,10,6,14.5,23.4,0,24.6,76.3,857,48.3,45,25.4,39.9,40,2,4,0,0,0,0,,,,,,,,,,,,,,,,,,,,,,,,,,,,,,,,,,,,,,,,,,,,,,,,,,,,,,,,,,,,,,,,,,,,,,,,,,,,,,,,,,,,,,,,,,,,,
Faridabad,Haryana,India,28.4333,77.3167,Asia/Kolkata,1789110024,11/9/2026 12:30,1789144200,11/9/2026 22:00,29.1,84.3,0,Overcast,http://cdn.weatherapi.com/weather/64x64/night/122.png,1009,8.5,13.7,114,ESE,1007,29.74,0,0,0,68,100,32.5,90.5,29.1,84.3,32.6,90.7,22.6,72.7,0,17,0,0,10,6,14.1,22.7,0,24.4,75.9,786,49.5,38,26.5,42.4,42.5,3,5,0,0,0,0,,,,,,,,,,,,,,,,,,,,,,,,,,,,,,,,,,,,,,,,,,,,,,,,,,,,,,,,,,,,,,,,,,,,,,,,,,,,,,,,,,,,,,,,,,,,,
Faridabad,Haryana,India,28.4333,77.3167,Asia/Kolkata,1789110024,11/9/2026 12:30,1789147800,11/9/2026 23:00,28.6,83.5,0,Overcast,http://cdn.weatherapi.com/weather/64x64/night/122.png,1009,8.5,13.7,114,ESE,1007,29.75,0,0,0,69,100,31.7,89.1,28.6,83.5,31.9,89.4,22.4,72.3,0,17,0,0,10,6,14.8,23.8,0,24.1,75.4,700,49.2,34,26.7,41.9,42,3,4,0,0,0,0,,,,,,,,,,,,,,,,,,,,,,,,,,,,,,,,,,,,,,,,,,,,,,,,,,,,,,,,,,,,,,,,,,,,,,,,,,,,,,,,,,,,,,,,,,,,,
Faridabad,Haryana,India,28.4333,77.3167,Asia/Kolkata,1789110024,11/9/2026 12:30,1789151400,12/9/2026 0:00,28.3,83,0,Overcast,http://cdn.weatherapi.com/weather/64x64/night/122.png,1009,8.5,13.7,112,ESE,1007,29.74,0,0,0,70,100,31.2,88.2,28.3,83,31.4,88.5,22.2,72,0,17,0,0,10,6,15.2,24.5,0,23.9,75.1,596,47.1,32,25.5,39.7,39.8,2,4,0,0,0,0,,,,,,,,,,,,,,,,,,,,,,,,,,,,,,,,,,,,,,,,,,,,,,,,,,,,,,,,,,,,,,,,,,,,,,,,,,,,,,,,,,,,,,,,,,,,,
Faridabad,Haryana,India,28.4333,77.3167,Asia/Kolkata,1789110024,11/9/2026 12:30,1789155000,12/9/2026 1:00,27,80.6,0,Overcast,http://cdn.weatherapi.com/weather/64x64/night/122.png,1009,7.8,12.6,123,ESE,1007,29.73,0,0,0,76,100,29.3,84.7,27,80.6,29.8,85.6,22.3,72.2,0,21,0,0,10,6,15.7,25.3,0,23.6,74.5,476,43.5,31,23.4,37.6,37.6,2,4,0,0,0,0,,,,,,,,,,,,,,,,,,,,,,,,,,,,,,,,,,,,,,,,,,,,,,,,,,,,,,,,,,,,,,,,,,,,,,,,,,,,,,,,,,,,,,,,,,,,,
Faridabad,Haryana,India,28.4333,77.3167,Asia/Kolkata,1789110024,11/9/2026 12:30,1789158600,12/9/2026 2:00,26.9,80.4,0,Patchy rain nearby,http://cdn.weatherapi.com/weather/64x64/night/176.png,1063,6.5,10.4,122,ESE,1007,29.73,0,0,0,77,96,29.3,84.7,26.9,80.4,29.8,85.6,22.5,72.5,0,22,0,0,10,6,14.3,23.1,0,23.7,74.7,392,39.5,32,21.3,35.7,35.7,2,3,0,0,0,0,,,,,,,,,,,,,,,,,,,,,,,,,,,,,,,,,,,,,,,,,,,,,,,,,,,,,,,,,,,,,,,,,,,,,,,,,,,,,,,,,,,,,,,,,,,,,
Faridabad,Haryana,India,28.4333,77.3167,Asia/Kolkata,1789110024,11/9/2026 12:30,1789162200,12/9/2026 3:00,26.5,79.7,0,Light rain shower,http://cdn.weatherapi.com/weather/64x64/night/353.png,1240,5.1,8.3,114,ESE,1007,29.73,0,0,0,79,93,29,84.2,26.5,79.7,29.3,84.7,22.6,72.6,0,37,0,0,10,6,10.3,16.6,0,23.7,74.6,369,35.1,32,19.3,29.6,29.6,2,3,0,0,0,0,,,,,,,,,,,,,,,,,,,,,,,,,,,,,,,,,,,,,,,,,,,,,,,,,,,,,,,,,,,,,,,,,,,,,,,,,,,,,,,,,,,,,,,,,,,,,
Faridabad,Haryana,India,28.4333,77.3167,Asia/Kolkata,1789110024,11/9/2026 12:30,1789165800,12/9/2026 4:00,26.2,79.2,0,Light rain shower,http://cdn.weatherapi.com/weather/64x64/night/353.png,1240,6,9.7,116,ESE,1007,29.73,0,0,0,81,100,28.7,83.7,26.3,79.3,29.1,84.3,22.8,73,0,39,0,0,10,6,11.7,18.8,0,23.7,74.7,380,30.3,34,17.3,26.9,27,2,3,0,0,0,0,,,,,,,,,,,,,,,,,,,,,,,,,,,,,,,,,,,,,,,,,,,,,,,,,,,,,,,,,,,,,,,,,,,,,,,,,,,,,,,,,,,,,,,,,,,,,
Faridabad,Haryana,India,28.4333,77.3167,Asia/Kolkata,1789110024,11/9/2026 12:30,1789169400,12/9/2026 5:00,26.4,79.4,0,Overcast,http://cdn.weatherapi.com/weather/64x64/night/122.png,1009,6.7,10.8,117,ESE,1008,29.76,0,0,0,82,98,28.8,83.8,26.4,79.4,29.3,84.8,23,73.4,0,24,0,0,10,6,13.4,21.6,0,23.9,75.1,397,26.6,39,16.3,25.6,25.6,2,3,0,0,0,0,,,,,,,,,,,,,,,,,,,,,,,,,,,,,,,,,,,,,,,,,,,,,,,,,,,,,,,,,,,,,,,,,,,,,,,,,,,,,,,,,,,,,,,,,,,,,
Faridabad,Haryana,India,28.4333,77.3167,Asia/Kolkata,1789110024,11/9/2026 12:30,1789173000,12/9/2026 6:00,26.3,79.3,1,Overcast,http://cdn.weatherapi.com/weather/64x64/day/122.png,1009,7.2,11.5,125,SE,1008,29.78,0,0,0,81,92,28.6,83.5,26.3,79.3,29.1,84.5,22.8,73.1,0,22,0,0,10,6,13.6,22,0,23.8,74.8,418,25.1,49,17.1,27.8,27.8,2,3,4.72,2.4,0,4.49,,,,,,,,,,,,,,,,,,,,,,,,,,,,,,,,,,,,,,,,,,,,,,,,,,,,,,,,,,,,,,,,,,,,,,,,,,,,,,,,,,,,,,,,,,,,,
Faridabad,Haryana,India,28.4333,77.3167,Asia/Kolkata,1789110024,11/9/2026 12:30,1789176600,12/9/2026 7:00,27.1,80.7,1,Overcast,http://cdn.weatherapi.com/weather/64x64/day/122.png,1009,7.4,11.9,121,ESE,1009,29.8,0,0,0,74,96,29.3,84.7,27.1,80.7,29.7,85.5,22.1,71.7,0,19,0,0,10,6,13.2,21.3,0.5,23.5,74.3,445,24.7,64,18.9,26.8,26.9,2,3,38.88,20.48,0.13,36.97,,,,,,,,,,,,,,,,,,,,,,,,,,,,,,,,,,,,,,,,,,,,,,,,,,,,,,,,,,,,,,,,,,,,,,,,,,,,,,,,,,,,,,,,,,,,,
Faridabad,Haryana,India,28.4333,77.3167,Asia/Kolkata,1789110024,11/9/2026 12:30,1789180200,12/9/2026 8:00,27.1,80.8,1,Patchy rain nearby,http://cdn.weatherapi.com/weather/64x64/day/176.png,1063,9.4,15.1,118,ESE,1010,29.82,0,0,0,73,93,29.3,84.7,27.1,80.8,29.7,85.4,21.8,71.2,0,20,0,0,10,6,15.7,25.2,1,23.3,74,450,22.8,83,19.8,25.4,25.5,2,3,79.22,40.88,0.52,75.27,,,,,,,,,,,,,,,,,,,,,,,,,,,,,,,,,,,,,,,,,,,,,,,,,,,,,,,,,,,,,,,,,,,,,,,,,,,,,,,,,,,,,,,,,,,,,
Faridabad,Haryana,India,28.4333,77.3167,Asia/Kolkata,1789110024,11/9/2026 12:30,1789183800,12/9/2026 9:00,27,80.5,1,Patchy rain nearby,http://cdn.weatherapi.com/weather/64x64/day/176.png,1063,8.7,14,117,ESE,1010,29.84,0,0,0,73,97,29.1,84.4,27,80.5,29.5,85,21.8,71.2,0,20,0,0,10,6,15.4,24.8,1.4,23.3,73.9,413,17.6,112,18.7,21.4,21.4,2,2,98.82,50.78,0.81,93.86,,,,,,,,,,,,,,,,,,,,,,,,,,,,,,,,,,,,,,,,,,,,,,,,,,,,,,,,,,,,,,,,,,,,,,,,,,,,,,,,,,,,,,,,,,,,,
Faridabad,Haryana,India,28.4333,77.3167,Asia/Kolkata,1789110024,11/9/2026 12:30,1789187400,12/9/2026 10:00,27.4,81.3,1,Cloudy,http://cdn.weatherapi.com/weather/64x64/day/119.png,1006,7.4,11.9,104,ESE,1010,29.84,0,0,0,71,77,29.6,85.3,27.4,81.3,30,85.9,21.7,71,0,14,0,0,10,6,12.5,20.2,2.5,23.3,74,355,11,146,16.6,18.8,18.9,2,2,131.68,69.14,1.44,124.98,,,,,,,,,,,,,,,,,,,,,,,,,,,,,,,,,,,,,,,,,,,,,,,,,,,,,,,,,,,,,,,,,,,,,,,,,,,,,,,,,,,,,,,,,,,,,
Faridabad,Haryana,India,28.4333,77.3167,Asia/Kolkata,1789110024,11/9/2026 12:30,1789191000,12/9/2026 11:00,29.3,84.7,1,Partly Cloudy,http://cdn.weatherapi.com/weather/64x64/day/116.png,1003,6.9,11.2,103,ESE,1010,29.81,0,0,0,62,50,31.8,89.2,29.3,84.7,32,89.6,21.2,70.1,0,7,0,0,10,6,11.7,18.8,5.4,23.5,74.3,311,6.1,173,14.9,18.5,18.6,2,2,193.52,90.48,3.11,183.44,,,,,,,,,,,,,,,,,,,,,,,,,,,,,,,,,,,,,,,,,,,,,,,,,,,,,,,,,,,,,,,,,,,,,,,,,,,,,,,,,,,,,,,,,,,,,
Faridabad,Haryana,India,28.4333,77.3167,Asia/Kolkata,1789110024,11/9/2026 12:30,1789194600,12/9/2026 12:00,31,87.7,1,Cloudy,http://cdn.weatherapi.com/weather/64x64/day/119.png,1006,7.8,12.6,108,ESE,1009,29.79,0,0,0,54,65,33.5,92.3,31,87.7,33.9,92.9,20.7,69.2,0,7,0,0,10,6,11,17.7,6.8,23.7,74.6,294,3.8,189,14,18.7,18.7,2,2,430.62,232.63,49.18,398.04,,,,,,,,,,,,,,,,,,,,,,,,,,,,,,,,,,,,,,,,,,,,,,,,,,,,,,,,,,,,,,,,,,,,,,,,,,,,,,,,,,,,,,,,,,,,,
Faridabad,Haryana,India,28.4333,77.3167,Asia/Kolkata,1789110024,11/9/2026 12:30,1789198200,12/9/2026 13:00,31.7,89,1,Partly Cloudy,http://cdn.weatherapi.com/weather/64x64/day/116.png,1003,8.5,13.7,111,ESE,1008,29.76,0,0,0,52,29,34.2,93.6,31.7,89,34.7,94.4,20.6,69.1,0,4,0,0,10,6,10.8,17.4,5.9,23.8,74.8,293,3.2,197,13.5,19.7,19.7,2,2,508.6,228.11,108.78,457.96,,,,,,,,,,,,,,,,,,,,,,,,,,,,,,,,,,,,,,,,,,,,,,,,,,,,,,,,,,,,,,,,,,,,,,,,,,,,,,,,,,,,,,,,,,,,,
Faridabad,Haryana,India,28.4333,77.3167,Asia/Kolkata,1789110024,11/9/2026 12:30,1789201800,12/9/2026 14:00,32.1,89.8,1,Partly Cloudy,http://cdn.weatherapi.com/weather/64x64/day/116.png,1003,8.9,14.4,102,ESE,1007,29.73,0,0,0,50,30,34.6,94.3,32.1,89.8,35.2,95.3,20.5,68.8,0,3,0,0,10,6,10.7,17.3,5.1,23.8,74.9,305,5.3,196,13.6,20.5,20.6,2,2,534.99,207.16,136.57,476.41,,,,,,,,,,,,,,,,,,,,,,,,,,,,,,,,,,,,,,,,,,,,,,,,,,,,,,,,,,,,,,,,,,,,,,,,,,,,,,,,,,,,,,,,,,,,,
Faridabad,Haryana,India,28.4333,77.3167,Asia/Kolkata,1789110024,11/9/2026 12:30,1789205400,12/9/2026 15:00,31.9,89.4,1,Partly Cloudy,http://cdn.weatherapi.com/weather/64x64/day/116.png,1003,9.2,14.8,92,E,1006,29.71,0,0,0,51,26,34.3,93.7,31.9,89.4,34.8,94.7,20.4,68.7,0,3,0,0,10,6,10.3,16.6,3.6,23.8,74.8,327,12,180,14.5,21,22.6,2,2,546.59,195.81,150.07,484.21,,,,,,,,,,,,,,,,,,,,,,,,,,,,,,,,,,,,,,,,,,,,,,,,,,,,,,,,,,,,,,,,,,,,,,,,,,,,,,,,,,,,,,,,,,,,,
Faridabad,Haryana,India,28.4333,77.3167,Asia/Kolkata,1789110024,11/9/2026 12:30,1789209000,12/9/2026 16:00,31.4,88.5,1,Partly Cloudy,http://cdn.weatherapi.com/weather/64x64/day/116.png,1003,8.3,13.3,86,E,1006,29.71,0,0,0,54,26,34.1,93.4,31.4,88.6,34.6,94.2,20.9,69.6,0,4,0,0,10,6,9.2,14.8,1.6,23.9,75,363,21.3,153,16,21.7,22.6,2,2,519.78,179.94,120.05,465.89,,,,,,,,,,,,,,,,,,,,,,,,,,,,,,,,,,,,,,,,,,,,,,,,,,,,,,,,,,,,,,,,,,,,,,,,,,,,,,,,,,,,,,,,,,,,,
Faridabad,Haryana,India,28.4333,77.3167,Asia/Kolkata,1789110024,11/9/2026 12:30,1789212600,12/9/2026 17:00,30.8,87.5,1,Sunny,http://cdn.weatherapi.com/weather/64x64/day/113.png,1000,7.2,11.5,75,ENE,1007,29.72,0,0,0,58,22,33.9,93,30.8,87.5,34.2,93.6,21.5,70.7,0,4,0,0,10,6,8.8,14.2,0.4,24.1,75.4,428,28.4,129,17.2,25.6,26,2,3,467.94,162.95,73.69,427.67,,,,,,,,,,,,,,,,,,,,,,,,,,,,,,,,,,,,,,,,,,,,,,,,,,,,,,,,,,,,,,,,,,,,,,,,,,,,,,,,,,,,,,,,,,,,,
Faridabad,Haryana,India,28.4333,77.3167,Asia/Kolkata,1789110024,11/9/2026 12:30,1789216200,12/9/2026 18:00,30,86,0,Clear,http://cdn.weatherapi.com/weather/64x64/night/113.png,1000,6.9,11.2,70,ENE,1007,29.74,0,0,0,61,14,33,91.4,30,86,33.2,91.8,21.6,70.8,0,4,0,0,10,6,8.7,14.1,0,24,75.1,560,30.8,112,17.9,26.3,26.4,2,3,0,0,0,0,,,,,,,,,,,,,,,,,,,,,,,,,,,,,,,,,,,,,,,,,,,,,,,,,,,,,,,,,,,,,,,,,,,,,,,,,,,,,,,,,,,,,,,,,,,,,
Faridabad,Haryana,India,28.4333,77.3167,Asia/Kolkata,1789110024,11/9/2026 12:30,1789219800,12/9/2026 19:00,29.4,85,0,Clear,http://cdn.weatherapi.com/weather/64x64/night/113.png,1000,6.9,11.2,81,E,1008,29.75,0,0,0,63,5,32.3,90.1,29.4,85,32.5,90.6,21.7,71,0,4,0,0,10,6,9.2,14.8,0,23.9,75,721,31,96,18.5,24.6,24.7,2,3,0,0,0,0,,,,,,,,,,,,,,,,,,,,,,,,,,,,,,,,,,,,,,,,,,,,,,,,,,,,,,,,,,,,,,,,,,,,,,,,,,,,,,,,,,,,,,,,,,,,,
Faridabad,Haryana,India,28.4333,77.3167,Asia/Kolkata,1789110024,11/9/2026 12:30,1789223400,12/9/2026 20:00,28.9,84,0,Clear,http://cdn.weatherapi.com/weather/64x64/night/113.png,1000,6.7,10.8,93,E,1008,29.77,0,0,0,66,5,31.7,89.1,28.9,84,31.9,89.5,21.8,71.3,0,4,0,0,10,6,9.8,15.8,0,23.8,74.9,812,31,84,18.8,25.9,26,2,3,0,0,0,0,,,,,,,,,,,,,,,,,,,,,,,,,,,,,,,,,,,,,,,,,,,,,,,,,,,,,,,,,,,,,,,,,,,,,,,,,,,,,,,,,,,,,,,,,,,,,
Faridabad,Haryana,India,28.4333,77.3167,Asia/Kolkata,1789110024,11/9/2026 12:30,1789227000,12/9/2026 21:00,28.5,83.2,0,Clear,http://cdn.weatherapi.com/weather/64x64/night/113.png,1000,6,9.7,100,E,1009,29.79,0,0,0,67,5,31.1,88,28.5,83.2,31.3,88.4,21.7,71.1,0,5,0,0,10,6,9.6,15.5,0,23.6,74.6,774,32.2,74,19.1,27.3,27.4,2,3,0,0,0,0,,,,,,,,,,,,,,,,,,,,,,,,,,,,,,,,,,,,,,,,,,,,,,,,,,,,,,,,,,,,,,,,,,,,,,,,,,,,,,,,,,,,,,,,,,,,,
Faridabad,Haryana,India,28.4333,77.3167,Asia/Kolkata,1789110024,11/9/2026 12:30,1789230600,12/9/2026 22:00,28.2,82.7,0,Clear,http://cdn.weatherapi.com/weather/64x64/night/113.png,1000,6,9.7,104,ESE,1009,29.79,0,0,0,67,5,30.6,87.1,28.2,82.7,30.8,87.5,21.5,70.6,0,5,0,0,10,6,10.8,17.3,0,23.4,74.1,666,33.3,66,19.2,29,29,2,3,0,0,0,0,,,,,,,,,,,,,,,,,,,,,,,,,,,,,,,,,,,,,,,,,,,,,,,,,,,,,,,,,,,,,,,,,,,,,,,,,,,,,,,,,,,,,,,,,,,,,
Faridabad,Haryana,India,28.4333,77.3167,Asia/Kolkata,1789110024,11/9/2026 12:30,1789234200,12/9/2026 23:00,27.9,82.2,0,Clear,http://cdn.weatherapi.com/weather/64x64/night/113.png,1000,6,9.7,101,ESE,1009,29.78,0,0,0,68,6,30.2,86.4,27.9,82.2,30.5,86.8,21.4,70.6,0,5,0,0,10,6,12.1,19.4,0,23.3,73.9,568,32.6,62,18.6,28.7,28.7,2,3,0,0,0,0,,,,,,,,,,,,,,,,,,,,,,,,,,,,,,,,,,,,,,,,,,,,,,,,,,,,,,,,,,,,,,,,,,,,,,,,,,,,,,,,,,,,,,,,,,,,,
Faridabad,Haryana,India,28.4333,77.3167,Asia/Kolkata,1789110024,11/9/2026 12:30,1789237800,13-09-2026 00:00:00,29.4,85,0,Overcast,http://cdn.weatherapi.com/weather/64x64/night/122.png,1009,7.6,12.2,137,SE,1007,29.73,0,0,0,66,100,33,91.4,29.4,85,33.1,91.6,22.5,72.6,0,16,0,0,10,6,12.8,20.6,0,24.4,76,506,28.6,62,16.7,25.4,25.4,2,3,0,0,0,0,,,,,,,,,,,,,,,,,,,,,,,,,,,,,,,,,,,,,,,,,,,,,,,,,,,,,,,,,,,,,,,,,,,,,,,,,,,,,,,,,,,,,,,,,,,,,
Faridabad,Haryana,India,28.4333,77.3167,Asia/Kolkata,1789110024,11/9/2026 12:30,1789241400,13-09-2026 01:00:00,29.1,84.3,0,Overcast,http://cdn.weatherapi.com/weather/64x64/night/122.png,1009,7.8,12.6,134,SE,1007,29.72,0,0,0,68,100,32.5,90.5,29.1,84.3,32.6,90.7,22.6,72.6,0,17,0,0,10,6,13.5,21.7,0,24.3,75.8,454,22.8,65,14.1,21.6,21.7,2,2,0,0,0,0,,,,,,,,,,,,,,,,,,,,,,,,,,,,,,,,,,,,,,,,,,,,,,,,,,,,,,,,,,,,,,,,,,,,,,,,,,,,,,,,,,,,,,,,,,,,,
Faridabad,Haryana,India,28.4333,77.3167,Asia/Kolkata,1789110024,11/9/2026 12:30,1789245000,13-09-2026 02:00:00,28.6,83.6,0,Patchy rain nearby,http://cdn.weatherapi.com/weather/64x64/night/176.png,1063,6.3,10.1,134,SE,1006,29.72,0,0,0,69,89,31.9,89.4,28.7,83.6,32,89.6,22.5,72.5,0,16,0,0,10,6,12.8,20.6,0,24.2,75.5,414,18.5,67,12.3,18.7,18.7,2,2,0,0,0,0,,,,,,,,,,,,,,,,,,,,,,,,,,,,,,,,,,,,,,,,,,,,,,,,,,,,,,,,,,,,,,,,,,,,,,,,,,,,,,,,,,,,,,,,,,,,,
Faridabad,Haryana,India,28.4333,77.3167,Asia/Kolkata,1789110024,11/9/2026 12:30,1789248600,13-09-2026 03:00:00,28,82.4,0,Partly Cloudy,http://cdn.weatherapi.com/weather/64x64/night/116.png,1003,4.9,7.9,151,SSE,1007,29.72,0,0,0,73,40,31.1,88,28,82.4,31.3,88.3,22.7,72.8,0,10,0,0,10,6,10.1,16.2,0,24.2,75.5,388,17.3,63,12,16.7,16.8,2,2,0,0,0,0,,,,,,,,,,,,,,,,,,,,,,,,,,,,,,,,,,,,,,,,,,,,,,,,,,,,,,,,,,,,,,,,,,,,,,,,,,,,,,,,,,,,,,,,,,,,,
Faridabad,Haryana,India,28.4333,77.3167,Asia/Kolkata,1789110024,11/9/2026 12:30,1789252200,13-09-2026 04:00:00,27.7,81.9,0,Patchy rain nearby,http://cdn.weatherapi.com/weather/64x64/night/176.png,1063,5.4,8.6,153,SSE,1007,29.73,0,0,0,74,71,30.7,87.3,27.7,81.9,31,87.7,22.8,73,0,21,0,0,10,6,9.4,15.2,0,24.1,75.5,373,17.6,58,12.5,15.7,15.8,2,2,0,0,0,0,,,,,,,,,,,,,,,,,,,,,,,,,,,,,,,,,,,,,,,,,,,,,,,,,,,,,,,,,,,,,,,,,,,,,,,,,,,,,,,,,,,,,,,,,,,,,
Faridabad,Haryana,India,28.4333,77.3167,Asia/Kolkata,1789110024,11/9/2026 12:30,1789255800,13-09-2026 05:00:00,27.5,81.6,0,Overcast,http://cdn.weatherapi.com/weather/64x64/night/122.png,1009,5.4,8.6,144,SE,1007,29.75,0,0,0,75,100,30.4,86.7,27.6,81.6,30.7,87.3,22.8,73,0,20,0,0,10,6,10.4,16.7,0,24.1,75.4,365,17.6,57,13.3,15.7,15.7,2,2,0,0,0,0,,,,,,,,,,,,,,,,,,,,,,,,,,,,,,,,,,,,,,,,,,,,,,,,,,,,,,,,,,,,,,,,,,,,,,,,,,,,,,,,,,,,,,,,,,,,,
Faridabad,Haryana,India,28.4333,77.3167,Asia/Kolkata,1789110024,11/9/2026 12:30,1789259400,13-09-2026 06:00:00,27,80.6,1,Light rain shower,http://cdn.weatherapi.com/weather/64x64/day/353.png,1240,5.6,9,137,SE,1008,29.77,1,0,0,78,100,29.5,85.1,27,80.6,30,86,22.8,73,0,68,0,0,10,6,10.1,16.3,0,23.9,75.1,370,17,63,14.6,17.1,17.1,2,2,4.92,2.4,0,4.68,,,,,,,,,,,,,,,,,,,,,,,,,,,,,,,,,,,,,,,,,,,,,,,,,,,,,,,,,,,,,,,,,,,,,,,,,,,,,,,,,,,,,,,,,,,,,
Faridabad,Haryana,India,28.4333,77.3167,Asia/Kolkata,1789110024,11/9/2026 12:30,1789263000,13-09-2026 07:00:00,27.3,81.1,1,Overcast,http://cdn.weatherapi.com/weather/64x64/day/122.png,1009,7.2,11.5,127,SE,1009,29.79,0,0,0,78,100,30.1,86.2,27.3,81.1,30.6,87,23.1,73.6,0,22,0,0,10,6,13.3,21.4,0.6,24.2,75.6,382,16.3,73,16.1,16.6,16.8,2,2,47.56,24.67,0.19,45.22,,,,,,,,,,,,,,,,,,,,,,,,,,,,,,,,,,,,,,,,,,,,,,,,,,,,,,,,,,,,,,,,,,,,,,,,,,,,,,,,,,,,,,,,,,,,,
Faridabad,Haryana,India,28.4333,77.3167,Asia/Kolkata,1789110024,11/9/2026 12:30,1789266600,13-09-2026 08:00:00,28.5,83.3,1,Light rain shower,http://cdn.weatherapi.com/weather/64x64/day/353.png,1240,9.2,14.8,123,ESE,1009,29.8,1,0,0,72,100,32,89.6,28.5,83.3,32.2,89.9,23,73.4,0,56,0,0,10,6,15.3,24.6,1.9,24.5,76.1,380,14.7,87,17.1,18.6,25.4,2,2,119.06,57.72,1.18,113.03,,,,,,,,,,,,,,,,,,,,,,,,,,,,,,,,,,,,,,,,,,,,,,,,,,,,,,,,,,,,,,,,,,,,,,,,,,,,,,,,,,,,,,,,,,,,,
Faridabad,Haryana,India,28.4333,77.3167,Asia/Kolkata,1789110024,11/9/2026 12:30,1789270200,13-09-2026 09:00:00,30.1,86.3,1,Overcast,http://cdn.weatherapi.com/weather/64x64/day/122.png,1009,9.2,14.8,109,ESE,1010,29.83,0,0,0,61,99,33.3,91.9,30.2,86.3,33.5,92.3,21.7,71.1,0,14,0,0,10,6,13.3,21.3,4.1,24.1,75.4,348,11.6,109,16.9,18.2,23.1,2,2,203.52,89.14,3.44,192.88,,,,,,,,,,,,,,,,,,,,,,,,,,,,,,,,,,,,,,,,,,,,,,,,,,,,,,,,,,,,,,,,,,,,,,,,,,,,,,,,,,,,,,,,,,,,,
Faridabad,Haryana,India,28.4333,77.3167,Asia/Kolkata,1789110024,11/9/2026 12:30,1789273800,13-09-2026 10:00:00,31.5,88.6,1,Cloudy,http://cdn.weatherapi.com/weather/64x64/day/119.png,1006,9.6,15.5,111,ESE,1010,29.83,0,0,0,55,86,34.6,94.3,31.5,88.6,35,94.9,21.4,70.5,0,11,0,0,10,6,12.5,20.2,6.6,24.2,75.6,301,7.7,136,16.1,17.9,20.2,2,2,287.17,114.99,7.4,271.54,,,,,,,,,,,,,,,,,,,,,,,,,,,,,,,,,,,,,,,,,,,,,,,,,,,,,,,,,,,,,,,,,,,,,,,,,,,,,,,,,,,,,,,,,,,,,
Faridabad,Haryana,India,28.4333,77.3167,Asia/Kolkata,1789110024,11/9/2026 12:30,1789277400,13-09-2026 11:00:00,32.6,90.8,1,Cloudy,http://cdn.weatherapi.com/weather/64x64/day/119.png,1006,9.4,15.1,109,ESE,1009,29.81,0,0,0,50,78,35.7,96.3,32.7,90.8,36.3,97.3,21,69.9,0,8,0,0,10,6,12.1,19.5,8.5,24.3,75.8,265,4.9,157,15.4,17.7,19,2,2,368.93,123.48,22.6,345.7,,,,,,,,,,,,,,,,,,,,,,,,,,,,,,,,,,,,,,,,,,,,,,,,,,,,,,,,,,,,,,,,,,,,,,,,,,,,,,,,,,,,,,,,,,,,,
Faridabad,Haryana,India,28.4333,77.3167,Asia/Kolkata,1789110024,11/9/2026 12:30,1789281000,13-09-2026 12:00:00,33.6,92.5,1,Partly Cloudy,http://cdn.weatherapi.com/weather/64x64/day/116.png,1003,9.2,14.8,107,ESE,1009,29.79,0,0,0,47,45,36.6,97.9,33.6,92.5,37.3,99.1,20.7,69.2,0,4,0,0,10,6,11.6,18.7,9.2,24.4,75.9,245,3.5,169,15.1,18.6,19.6,2,2,827.82,179,674.07,626.13,,,,,,,,,,,,,,,,,,,,,,,,,,,,,,,,,,,,,,,,,,,,,,,,,,,,,,,,,,,,,,,,,,,,,,,,,,,,,,,,,,,,,,,,,,,,,
Faridabad,Haryana,India,28.4333,77.3167,Asia/Kolkata,1789110024,11/9/2026 12:30,1789284600,13-09-2026 13:00:00,34.5,94,1,Sunny,http://cdn.weatherapi.com/weather/64x64/day/113.png,1000,9.4,15.1,104,ESE,1008,29.76,0,0,0,44,20,37.3,99.1,34.5,94,38,100.4,20.3,68.6,0,2,0,0,10,6,11.7,18.8,8.3,24.4,75.9,236,3.2,175,15,19.3,20,2,2,821.22,174.86,660,623.22,,,,,,,,,,,,,,,,,,,,,,,,,,,,,,,,,,,,,,,,,,,,,,,,,,,,,,,,,,,,,,,,,,,,,,,,,,,,,,,,,,,,,,,,,,,,,
Faridabad,Haryana,India,28.4333,77.3167,Asia/Kolkata,1789110024,11/9/2026 12:30,1789288200,13-09-2026 14:00:00,34.9,94.9,1,Partly Cloudy,http://cdn.weatherapi.com/weather/64x64/day/116.png,1003,9.6,15.5,99,E,1007,29.73,0,0,0,42,35,37.6,99.7,35,94.9,38.4,101.1,20,68,0,3,0,0,10,6,11.2,18.1,6.1,24.3,75.8,248,4.4,173,15.1,19.8,20.4,2,2,791.78,170.79,596.18,610.51,,,,,,,,,,,,,,,,,,,,,,,,,,,,,,,,,,,,,,,,,,,,,,,,,,,,,,,,,,,,,,,,,,,,,,,,,,,,,,,,,,,,,,,,,,,,,
Faridabad,Haryana,India,28.4333,77.3167,Asia/Kolkata,1789110024,11/9/2026 12:30,1789291800,13-09-2026 15:00:00,35,94.9,1,Partly Cloudy,http://cdn.weatherapi.com/weather/64x64/day/116.png,1003,9.8,15.8,96,E,1006,29.71,0,0,0,41,50,37.3,99.1,35,94.9,38.1,100.6,19.6,67.3,0,4,0,0,10,6,10.6,17.1,3.5,24.1,75.4,292,7.8,161,15.3,20.1,20.7,2,2,741.28,165.63,486.44,588.79,,,,,,,,,,,,,,,,,,,,,,,,,,,,,,,,,,,,,,,,,,,,,,,,,,,,,,,,,,,,,,,,,,,,,,,,,,,,,,,,,,,,,,,,,,,,,
Faridabad,Haryana,India,28.4333,77.3167,Asia/Kolkata,1789110024,11/9/2026 12:30,1789295400,13-09-2026 16:00:00,34.5,94.1,1,Partly Cloudy,http://cdn.weatherapi.com/weather/64x64/day/116.png,1003,9.6,15.5,96,E,1006,29.7,0,0,0,42,44,36.9,98.4,34.5,94.1,37.6,99.7,19.7,67.5,0,4,0,0,10,6,10.3,16.6,1.3,24,75.3,357,12.7,142,15.6,19.7,20.3,2,2,675.06,155.62,351.54,558.13,,,,,,,,,,,,,,,,,,,,,,,,,,,,,,,,,,,,,,,,,,,,,,,,,,,,,,,,,,,,,,,,,,,,,,,,,,,,,,,,,,,,,,,,,,,,,
Faridabad,Haryana,India,28.4333,77.3167,Asia/Kolkata,1789110024,11/9/2026 12:30,1789299000,13-09-2026 17:00:00,33.4,92,1,Partly Cloudy,http://cdn.weatherapi.com/weather/64x64/day/116.png,1003,10.5,16.9,105,ESE,1006,29.71,0,0,0,48,44,36.3,97.3,33.4,92,36.9,98.5,20.7,69.3,0,4,0,0,10,6,11.5,18.4,0.3,24.3,75.8,418,17.5,123,16.5,22.6,23.1,2,2,596.75,142.53,217.64,515.73,,,,,,,,,,,,,,,,,,,,,,,,,,,,,,,,,,,,,,,,,,,,,,,,,,,,,,,,,,,,,,,,,,,,,,,,,,,,,,,,,,,,,,,,,,,,,
Faridabad,Haryana,India,28.4333,77.3167,Asia/Kolkata,1789110024,11/9/2026 12:30,1789302600,13-09-2026 18:00:00,31.7,89.1,0,Clear,http://cdn.weatherapi.com/weather/64x64/night/113.png,1000,9.4,15.1,111,ESE,1007,29.73,0,0,0,54,6,34.9,94.8,31.7,89.1,35.3,95.5,21.4,70.4,0,3,0,0,10,6,12.8,20.6,0,24.3,75.7,476,22.2,105,18.6,25.6,25.8,2,3,0,0,0,0,,,,,,,,,,,,,,,,,,,,,,,,,,,,,,,,,,,,,,,,,,,,,,,,,,,,,,,,,,,,,,,,,,,,,,,,,,,,,,,,,,,,,,,,,,,,,
Faridabad,Haryana,India,28.4333,77.3167,Asia/Kolkata,1789110024,11/9/2026 12:30,1789306200,13-09-2026 19:00:00,31.1,88,0,Clear,http://cdn.weatherapi.com/weather/64x64/night/113.png,1000,8.3,13.3,104,ESE,1007,29.75,0,0,0,56,10,34.2,93.6,31.1,88,34.5,94.2,21.4,70.6,0,3,0,0,10,6,13.2,21.2,0,24.2,75.5,531,26.7,88,21.2,26.9,27.2,2,3,0,0,0,0,,,,,,,,,,,,,,,,,,,,,,,,,,,,,,,,,,,,,,,,,,,,,,,,,,,,,,,,,,,,,,,,,,,,,,,,,,,,,,,,,,,,,,,,,,,,,
Faridabad,Haryana,India,28.4333,77.3167,Asia/Kolkata,1789110024,11/9/2026 12:30,1789309800,13-09-2026 20:00:00,30.7,87.3,0,Clear,http://cdn.weatherapi.com/weather/64x64/night/113.png,1000,8.3,13.3,105,ESE,1008,29.77,0,0,0,58,5,33.8,92.8,30.7,87.3,34.1,93.3,21.5,70.7,0,3,0,0,10,6,14.8,23.9,0,24.1,75.4,557,29,75,22.4,27.3,27.5,2,3,0,0,0,0,,,,,,,,,,,,,,,,,,,,,,,,,,,,,,,,,,,,,,,,,,,,,,,,,,,,,,,,,,,,,,,,,,,,,,,,,,,,,,,,,,,,,,,,,,,,,
Faridabad,Haryana,India,28.4333,77.3167,Asia/Kolkata,1789110024,11/9/2026 12:30,1789313400,13-09-2026 21:00:00,30,86.1,0,Clear,http://cdn.weatherapi.com/weather/64x64/night/113.png,1000,8.5,13.7,118,ESE,1009,29.79,0,0,0,61,5,33,91.4,30.1,86.1,33.3,91.9,21.6,70.9,0,4,0,0,10,6,16.1,26,0,24,75.2,537,27.8,69,21.1,28.2,28.4,2,3,0,0,0,0,,,,,,,,,,,,,,,,,,,,,,,,,,,,,,,,,,,,,,,,,,,,,,,,,,,,,,,,,,,,,,,,,,,,,,,,,,,,,,,,,,,,,,,,,,,,,
Faridabad,Haryana,India,28.4333,77.3167,Asia/Kolkata,1789110024,11/9/2026 12:30,1789317000,13-09-2026 22:00:00,29.4,84.8,0,Clear,http://cdn.weatherapi.com/weather/64x64/night/113.png,1000,8.1,13,123,ESE,1009,29.8,0,0,0,64,12,32.4,90.3,29.4,84.8,32.6,90.6,21.8,71.3,0,5,0,0,10,6,16.2,26,0,24,75.1,489,24.4,68,18.5,27.2,27.4,2,3,0,0,0,0,,,,,,,,,,,,,,,,,,,,,,,,,,,,,,,,,,,,,,,,,,,,,,,,,,,,,,,,,,,,,,,,,,,,,,,,,,,,,,,,,,,,,,,,,,,,,
Faridabad,Haryana,India,28.4333,77.3167,Asia/Kolkata,1789110024,11/9/2026 12:30,1789320600,13-09-2026 23:00:00,29,84.3,0,Clear,http://cdn.weatherapi.com/weather/64x64/night/113.png,1000,7.4,11.9,115,ESE,1009,29.79,0,0,0,65,13,31.9,89.4,29,84.3,32.1,89.7,21.8,71.2,0,5,0,0,10,6,15.9,25.6,0,23.8,74.9,439,21.1,68,16.3,23.4,23.6,2,2,0,0,0,0,,,,,,,,,,,,,,,,,,,,,,,,,,,,,,,,,,,,,,,,,,,,,,,,,,,,,,,,,,,,,,,,,,,,,,,,,,,,,,,,,,,,,,,,,,,,,
Faridabad,Haryana,India,28.4333,77.3167,Asia/Kolkata,1789110024,11/9/2026 12:30,1789324200,14-09-2026 00:00:00,28.7,83.7,0,Clear,http://cdn.weatherapi.com/weather/64x64/night/113.png,1000,7.4,11.9,114,ESE,1009,29.78,0,0,0,66,23,31.5,88.7,28.7,83.7,31.7,89,21.8,71.2,0,6,0,0,10,6,16.4,26.4,0,23.7,74.7,391,18.5,67,15.1,20.3,20.5,2,2,0,0,0,0,,,,,,,,,,,,,,,,,,,,,,,,,,,,,,,,,,,,,,,,,,,,,,,,,,,,,,,,,,,,,,,,,,,,,,,,,,,,,,,,,,,,,,,,,,,,,
Faridabad,Haryana,India,28.4333,77.3167,Asia/Kolkata,1789110024,11/9/2026 12:30,1789327800,14-09-2026 01:00:00,28.5,83.4,0,Clear,http://cdn.weatherapi.com/weather/64x64/night/113.png,1000,6.7,10.8,113,ESE,1008,29.77,0,0,0,66,11,31.1,88,28.5,83.4,31.3,88.4,21.6,70.8,0,5,0,0,10,6,15.3,24.6,0,23.6,74.4,341,16.1,67,14.4,18.1,18.3,2,2,0,0,0,0,,,,,,,,,,,,,,,,,,,,,,,,,,,,,,,,,,,,,,,,,,,,,,,,,,,,,,,,,,,,,,,,,,,,,,,,,,,,,,,,,,,,,,,,,,,,,
Faridabad,Haryana,India,28.4333,77.3167,Asia/Kolkata,1789110024,11/9/2026 12:30,1789331400,14-09-2026 02:00:00,28.3,82.9,0,Clear,http://cdn.weatherapi.com/weather/64x64/night/113.png,1000,6.9,11.2,116,ESE,1008,29.76,0,0,0,66,10,30.7,87.3,28.3,82.9,30.9,87.6,21.4,70.5,0,5,0,0,10,6,15.2,24.5,0,23.4,74.1,303,14.4,67,14.2,16.5,16.7,2,2,0,0,0,0,,,,,,,,,,,,,,,,,,,,,,,,,,,,,,,,,,,,,,,,,,,,,,,,,,,,,,,,,,,,,,,,,,,,,,,,,,,,,,,,,,,,,,,,,,,,,
Faridabad,Haryana,India,28.4333,77.3167,Asia/Kolkata,1789110024,11/9/2026 12:30,1789335000,14-09-2026 03:00:00,27.8,82.1,0,Clear,http://cdn.weatherapi.com/weather/64x64/night/113.png,1000,7.6,12.2,114,ESE,1007,29.75,0,0,0,68,5,30.1,86.2,27.8,82.1,30.3,86.6,21.4,70.5,0,5,0,0,10,6,15.7,25.2,0,23.3,73.9,282,13.8,65,14.8,16,16.4,2,2,0,0,0,0,,,,,,,,,,,,,,,,,,,,,,,,,,,,,,,,,,,,,,,,,,,,,,,,,,,,,,,,,,,,,,,,,,,,,,,,,,,,,,,,,,,,,,,,,,,,,
Faridabad,Haryana,India,28.4333,77.3167,Asia/Kolkata,1789110024,11/9/2026 12:30,1789338600,14-09-2026 04:00:00,27.4,81.3,0,Clear,http://cdn.weatherapi.com/weather/64x64/night/113.png,1000,8.1,13,113,ESE,1008,29.76,0,0,0,71,5,29.6,85.3,27.4,81.3,29.9,85.8,21.6,70.9,0,6,0,0,10,6,15.9,25.6,0,23.3,73.9,274,13.8,63,15.9,16.1,16.5,2,2,0,0,0,0,,,,,,,,,,,,,,,,,,,,,,,,,,,,,,,,,,,,,,,,,,,,,,,,,,,,,,,,,,,,,,,,,,,,,,,,,,,,,,,,,,,,,,,,,,,,,
Faridabad,Haryana,India,28.4333,77.3167,Asia/Kolkata,1789110024,11/9/2026 12:30,1789342200,14-09-2026 05:00:00,27.2,80.9,0,Clear,http://cdn.weatherapi.com/weather/64x64/night/113.png,1000,7.6,12.2,114,ESE,1008,29.77,0,0,0,72,5,29.4,84.9,27.2,80.9,29.7,85.5,21.7,71.1,0,6,0,0,10,6,17,27.4,0,23.3,73.9,277,14,63,16.8,19.4,43.4,2,2,0,0,0,0,,,,,,,,,,,,,,,,,,,,,,,,,,,,,,,,,,,,,,,,,,,,,,,,,,,,,,,,,,,,,,,,,,,,,,,,,,,,,,,,,,,,,,,,,,,,,
Faridabad,Haryana,India,28.4333,77.3167,Asia/Kolkata,1789110024,11/9/2026 12:30,1789345800,14-09-2026 06:00:00,27,80.6,1,Sunny,http://cdn.weatherapi.com/weather/64x64/day/113.png,1000,7.6,12.2,117,ESE,1009,29.79,0,0,0,73,5,29,84.2,27,80.6,29.4,85,21.6,71,0,7,0,0,10,6,17.3,27.8,0,23.2,73.7,300,14.3,66,17.4,17.2,21.7,2,2,4.5,2.5,0,4.28,,,,,,,,,,,,,,,,,,,,,,,,,,,,,,,,,,,,,,,,,,,,,,,,,,,,,,,,,,,,,,,,,,,,,,,,,,,,,,,,,,,,,,,,,,,,,
Faridabad,Haryana,India,28.4333,77.3167,Asia/Kolkata,1789110024,11/9/2026 12:30,1789349400,14-09-2026 07:00:00,27.7,81.9,1,Sunny,http://cdn.weatherapi.com/weather/64x64/day/113.png,1000,8.3,13.3,113,ESE,1010,29.82,0,0,0,69,7,30,86,27.7,81.9,30.3,86.6,21.6,70.8,0,6,0,0,10,6,16.8,27.1,0.6,23.3,74,335,14.8,71,17.8,16.6,18.6,2,2,53.44,24.37,0.24,50.8,,,,,,,,,,,,,,,,,,,,,,,,,,,,,,,,,,,,,,,,,,,,,,,,,,,,,,,,,,,,,,,,,,,,,,,,,,,,,,,,,,,,,,,,,,,,,
Faridabad,Haryana,India,28.4333,77.3167,Asia/Kolkata,1789110024,11/9/2026 12:30,1789353000,14-09-2026 08:00:00,29,84.2,1,Partly Cloudy,http://cdn.weatherapi.com/weather/64x64/day/116.png,1003,9.2,14.8,110,ESE,1010,29.83,0,0,0,63,56,31.4,88.5,29,84.2,31.7,89,21.2,70.1,0,8,0,0,10,6,15,24.1,2,23.4,74.2,352,14.3,80,18,12.8,13.4,1,2,135.64,47.98,1.53,128.73,,,,,,,,,,,,,,,,,,,,,,,,,,,,,,,,,,,,,,,,,,,,,,,,,,,,,,,,,,,,,,,,,,,,,,,,,,,,,,,,,,,,,,,,,,,,,
Faridabad,Haryana,India,28.4333,77.3167,Asia/Kolkata,1789110024,11/9/2026 12:30,1789356600,14-09-2026 09:00:00,30.3,86.5,1,Overcast,http://cdn.weatherapi.com/weather/64x64/day/122.png,1009,9.6,15.5,111,ESE,1010,29.84,0,0,0,58,100,32.9,91.2,30.3,86.5,33.2,91.8,21,69.9,0,13,0,0,10,6,13,20.9,4.1,23.7,74.7,334,12,97,18,11.3,11.5,1,1,226.72,68.01,4.26,214.76,,,,,,,,,,,,,,,,,,,,,,,,,,,,,,,,,,,,,,,,,,,,,,,,,,,,,,,,,,,,,,,,,,,,,,,,,,,,,,,,,,,,,,,,,,,,,
Faridabad,Haryana,India,28.4333,77.3167,Asia/Kolkata,1789110024,11/9/2026 12:30,1789360200,14-09-2026 10:00:00,31.3,88.4,1,Overcast,http://cdn.weatherapi.com/weather/64x64/day/122.png,1009,8.9,14.4,114,ESE,1010,29.83,0,0,0,55,100,34.2,93.6,31.3,88.4,34.6,94.3,21.1,70,0,13,0,0,10,6,11.7,18.8,6.5,24,75.3,299,8.8,117,17.8,11.3,11.4,1,1,309.78,93.44,9.87,292.46,,,,,,,,,,,,,,,,,,,,,,,,,,,,,,,,,,,,,,,,,,,,,,,,,,,,,,,,,,,,,,,,,,,,,,,,,,,,,,,,,,,,,,,,,,,,,
Faridabad,Haryana,India,28.4333,77.3167,Asia/Kolkata,1789110024,11/9/2026 12:30,1789363800,14-09-2026 11:00:00,31.9,89.5,1,Patchy rain nearby,http://cdn.weatherapi.com/weather/64x64/day/176.png,1063,5.6,9,130,SE,1009,29.79,0,0,0,54,78,35.1,95.2,31.9,89.5,35.5,96,21.3,70.4,0,10,0,0,10,6,5.8,9.4,8.2,24.3,75.8,275,6.6,131,17.5,13.1,13.2,1,2,380.66,119.34,26.47,355.94,,,,,,,,,,,,,,,,,,,,,,,,,,,,,,,,,,,,,,,,,,,,,,,,,,,,,,,,,,,,,,,,,,,,,,,,,,,,,,,,,,,,,,,,,,,,,
Faridabad,Haryana,India,28.4333,77.3167,Asia/Kolkata,1789110024,11/9/2026 12:30,1789367400,14-09-2026 12:00:00,33.8,92.9,1,Partly Cloudy,http://cdn.weatherapi.com/weather/64x64/day/116.png,1003,7.8,12.6,122,ESE,1009,29.78,0,0,0,45,32,36.6,97.9,33.8,92.9,37.3,99.1,20.4,68.6,0,3,0,0,10,6,8.3,13.4,7,24.2,75.6,264,6,134,17,13.3,13.4,1,2,623.7,312.22,259.99,531.22,,,,,,,,,,,,,,,,,,,,,,,,,,,,,,,,,,,,,,,,,,,,,,,,,,,,,,,,,,,,,,,,,,,,,,,,,,,,,,,,,,,,,,,,,,,,,
Faridabad,Haryana,India,28.4333,77.3167,Asia/Kolkata,1789110024,11/9/2026 12:30,1789371000,14-09-2026 13:00:00,34.7,94.4,1,Partly Cloudy,http://cdn.weatherapi.com/weather/64x64/day/116.png,1003,7.8,12.6,121,ESE,1007,29.75,0,0,0,43,48,37.3,99.1,34.7,94.4,38.1,100.5,20.1,68.2,0,4,0,0,10,6,7.9,12.7,3.8,24.3,75.8,265,6.5,131,16.4,14.7,14.8,1,2,427.28,223.52,47.32,395.31,,,,,,,,,,,,,,,,,,,,,,,,,,,,,,,,,,,,,,,,,,,,,,,,,,,,,,,,,,,,,,,,,,,,,,,,,,,,,,,,,,,,,,,,,,,,,
Faridabad,Haryana,India,28.4333,77.3167,Asia/Kolkata,1789110024,11/9/2026 12:30,1789374600,14-09-2026 14:00:00,33.5,92.3,1,Light rain shower,http://cdn.weatherapi.com/weather/64x64/day/353.png,1240,5.8,9.4,126,SE,1006,29.71,0,0,0,46,100,36.2,97.2,33.5,92.3,36.8,98.3,20.4,68.7,0,21,0,0,10,6,17,27.4,2.5,24.2,75.5,300,8.5,125,16.3,15.1,15.2,1,2,344.51,184.53,16.08,324.03,,,,,,,,,,,,,,,,,,,,,,,,,,,,,,,,,,,,,,,,,,,,,,,,,,,,,,,,,,,,,,,,,,,,,,,,,,,,,,,,,,,,,,,,,,,,,
Faridabad,Haryana,India,28.4333,77.3167,Asia/Kolkata,1789110024,11/9/2026 12:30,1789378200,14-09-2026 15:00:00,34.3,93.7,1,Patchy rain nearby,http://cdn.weatherapi.com/weather/64x64/day/176.png,1063,8.5,13.7,121,ESE,1006,29.7,0,0,0,43,70,36.7,98.1,34.3,93.7,37.5,99.4,19.9,67.8,0,17,0,0,10,6,17.4,28.1,1.3,24.1,75.3,397,13.2,115,16.9,14.9,15,1,2,293.6,159.3,7.99,277.52,,,,,,,,,,,,,,,,,,,,,,,,,,,,,,,,,,,,,,,,,,,,,,,,,,,,,,,,,,,,,,,,,,,,,,,,,,,,,,,,,,,,,,,,,,,,,
Faridabad,Haryana,India,28.4333,77.3167,Asia/Kolkata,1789110024,11/9/2026 12:30,1789381800,14-09-2026 16:00:00,33.2,91.7,1,Cloudy,http://cdn.weatherapi.com/weather/64x64/day/119.png,1006,8.5,13.7,122,ESE,1006,29.7,0,0,0,47,63,35.8,96.4,33.2,91.7,36.5,97.6,20.4,68.8,0,6,0,0,10,6,19.7,31.7,0.6,24.1,75.4,530,19.4,101,18,16.4,16.5,2,2,251.49,137.51,5.25,238.09,,,,,,,,,,,,,,,,,,,,,,,,,,,,,,,,,,,,,,,,,,,,,,,,,,,,,,,,,,,,,,,,,,,,,,,,,,,,,,,,,,,,,,,,,,,,,
Faridabad,Haryana,India,28.4333,77.3167,Asia/Kolkata,1789110024,11/9/2026 12:30,1789385400,14-09-2026 17:00:00,31.9,89.4,1,Patchy rain nearby,http://cdn.weatherapi.com/weather/64x64/day/176.png,1063,4.5,7.2,104,ESE,1006,29.7,0,0,0,53,100,34.9,94.8,31.9,89.4,35.3,95.6,21.2,70.1,0,14,0,0,10,6,13.4,21.6,0.2,24.2,75.6,637,24.4,89,19,19.2,19.3,2,2,219.54,120.41,4,207.98,,,,,,,,,,,,,,,,,,,,,,,,,,,,,,,,,,,,,,,,,,,,,,,,,,,,,,,,,,,,,,,,,,,,,,,,,,,,,,,,,,,,,,,,,,,,,
Faridabad,Haryana,India,28.4333,77.3167,Asia/Kolkata,1789110024,11/9/2026 12:30,1789389000,14-09-2026 18:00:00,31.8,89.3,0,Patchy rain nearby,http://cdn.weatherapi.com/weather/64x64/night/176.png,1063,6.3,10.1,100,E,1006,29.71,0,0,0,54,74,35,95,31.8,89.3,35.4,95.8,21.4,70.4,0,17,0,0,10,6,7,11.3,0,24.3,75.8,706,27.3,80,20,22.1,22.2,2,2,0,0,0,0,,,,,,,,,,,,,,,,,,,,,,,,,,,,,,,,,,,,,,,,,,,,,,,,,,,,,,,,,,,,,,,,,,,,,,,,,,,,,,,,,,,,,,,,,,,,,
Faridabad,Haryana,India,28.4333,77.3167,Asia/Kolkata,1789110024,11/9/2026 12:30,1789392600,14-09-2026 19:00:00,31.5,88.6,0,Clear,http://cdn.weatherapi.com/weather/64x64/night/113.png,1000,6,9.7,93,E,1006,29.72,0,0,0,56,25,34.7,94.5,31.5,88.6,35.1,95.1,21.5,70.7,0,4,0,0,10,6,7,11.2,0,24.3,75.8,751,29,73,20.9,24,24,2,3,0,0,0,0,,,,,,,,,,,,,,,,,,,,,,,,,,,,,,,,,,,,,,,,,,,,,,,,,,,,,,,,,,,,,,,,,,,,,,,,,,,,,,,,,,,,,,,,,,,,,
Faridabad,Haryana,India,28.4333,77.3167,Asia/Kolkata,1789110024,11/9/2026 12:30,1789396200,14-09-2026 20:00:00,29.8,85.6,0,Overcast,http://cdn.weatherapi.com/weather/64x64/night/122.png,1009,7.4,11.9,109,ESE,1007,29.73,0,0,0,62,100,32.7,90.9,29.8,85.6,33,91.3,21.7,71,0,15,0,0,10,6,9.6,15.5,0,24,75.1,751,29.3,68,21.3,23.6,23.7,2,2,0,0,0,0,,,,,,,,,,,,,,,,,,,,,,,,,,,,,,,,,,,,,,,,,,,,,,,,,,,,,,,,,,,,,,,,,,,,,,,,,,,,,,,,,,,,,,,,,,,,,
Faridabad,Haryana,India,28.4333,77.3167,Asia/Kolkata,1789110024,11/9/2026 12:30,1789399800,14-09-2026 21:00:00,29.3,84.8,0,Clear,http://cdn.weatherapi.com/weather/64x64/night/113.png,1000,7.2,11.5,97,E,1008,29.77,0,0,0,65,5,32.5,90.5,29.3,84.8,32.7,90.9,22.2,71.9,0,4,0,0,10,6,11.4,18.4,0,24.2,75.5,677,27.6,67,20.9,22.5,22.6,2,2,0,0,0,0,,,,,,,,,,,,,,,,,,,,,,,,,,,,,,,,,,,,,,,,,,,,,,,,,,,,,,,,,,,,,,,,,,,,,,,,,,,,,,,,,,,,,,,,,,,,,
Faridabad,Haryana,India,28.4333,77.3167,Asia/Kolkata,1789110024,11/9/2026 12:30,1789403400,14-09-2026 22:00:00,28.8,83.9,0,Clear,http://cdn.weatherapi.com/weather/64x64/night/113.png,1000,7.6,12.2,103,ESE,1008,29.77,0,0,0,68,5,32,89.6,28.8,83.9,32.2,89.9,22.3,72.2,0,5,0,0,10,6,12.5,20.2,0,24.1,75.5,558,24.6,69,20,21.9,22,2,2,0,0,0,0,,,,,,,,,,,,,,,,,,,,,,,,,,,,,,,,,,,,,,,,,,,,,,,,,,,,,,,,,,,,,,,,,,,,,,,,,,,,,,,,,,,,,,,,,,,,,
Faridabad,Haryana,India,28.4333,77.3167,Asia/Kolkata,1789110024,11/9/2026 12:30,1789407000,14-09-2026 23:00:00,28.3,83,0,Clear,http://cdn.weatherapi.com/weather/64x64/night/113.png,1000,7.8,12.6,108,ESE,1008,29.76,0,0,0,71,6,31.4,88.5,28.3,83,31.6,88.8,22.5,72.4,0,6,0,0,10,6,13.2,21.3,0,24.1,75.4,461,21.3,71,18.8,20.3,20.4,2,2,0,0,0,0,,,,,,,,,,,,,,,,,,,,,,,,,,,,,,,,,,,,,,,,,,,,,,,,,,,,,,,,,,,,,,,,,,,,,,,,,,,,,,,,,,,,,,,,,,,,,
Faridabad,Haryana,India,28.4333,77.3167,Asia/Kolkata,1789110024,11/9/2026 12:30,1789410600,15-09-2026 00:00:00,27.9,82.3,0,Clear,http://cdn.weatherapi.com/weather/64x64/night/113.png,1000,7.6,12.2,109,ESE,1008,29.75,0,0,0,72,4,30.8,87.4,28,82.3,31.1,87.9,22.5,72.4,0,6,0,0,10,6,13.2,21.3,0,24,75.2,413,17.8,73,17.3,17.9,18,2,2,0,0,0,0,,,,,,,,,,,,,,,,,,,,,,,,,,,,,,,,,,,,,,,,,,,,,,,,,,,,,,,,,,,,,,,,,,,,,,,,,,,,,,,,,,,,,,,,,,,,,
Faridabad,Haryana,India,28.4333,77.3167,Asia/Kolkata,1789110024,11/9/2026 12:30,1789414200,15-09-2026 01:00:00,27.6,81.8,0,Clear,http://cdn.weatherapi.com/weather/64x64/night/113.png,1000,7.4,11.9,111,ESE,1007,29.74,0,0,0,74,5,30.4,86.7,27.7,81.8,30.7,87.3,22.5,72.5,0,7,0,0,10,6,13,21,0,23.9,75.1,386,14.2,76,15.4,16.5,16.6,2,2,0,0,0,0,,,,,,,,,,,,,,,,,,,,,,,,,,,,,,,,,,,,,,,,,,,,,,,,,,,,,,,,,,,,,,,,,,,,,,,,,,,,,,,,,,,,,,,,,,,,,
Faridabad,Haryana,India,28.4333,77.3167,Asia/Kolkata,1789110024,11/9/2026 12:30,1789417800,15-09-2026 02:00:00,27.3,81.1,0,Clear,http://cdn.weatherapi.com/weather/64x64/night/113.png,1000,7.2,11.5,112,ESE,1007,29.73,0,0,0,75,6,29.9,85.8,27.3,81.1,30.3,86.5,22.5,72.6,0,7,0,0,10,6,12.8,20.6,0,23.9,75,367,11.7,77,14,12.9,13,1,2,0,0,0,0,,,,,,,,,,,,,,,,,,,,,,,,,,,,,,,,,,,,,,,,,,,,,,,,,,,,,,,,,,,,,,,,,,,,,,,,,,,,,,,,,,,,,,,,,,,,,
Faridabad,Haryana,India,28.4333,77.3167,Asia/Kolkata,1789110024,11/9/2026 12:30,1789421400,15-09-2026 03:00:00,27.7,81.8,0,Clear,http://cdn.weatherapi.com/weather/64x64/night/113.png,1000,4.9,7.9,118,ESE,1006,29.71,0,0,0,71,11,30.2,86.4,27.7,81.8,30.5,86.8,22,71.6,0,6,0,0,10,6,9.2,14.8,0,23.6,74.5,351,10.8,76,13.1,9.2,9.2,1,1,0,0,0,0,,,,,,,,,,,,,,,,,,,,,,,,,,,,,,,,,,,,,,,,,,,,,,,,,,,,,,,,,,,,,,,,,,,,,,,,,,,,,,,,,,,,,,,,,,,,,
Faridabad,Haryana,India,28.4333,77.3167,Asia/Kolkata,1789110024,11/9/2026 12:30,1789425000,15-09-2026 04:00:00,27.4,81.4,0,Clear,http://cdn.weatherapi.com/weather/64x64/night/113.png,1000,4.7,7.6,126,SE,1006,29.72,0,0,0,72,8,29.8,85.6,27.4,81.4,30.2,86.3,22,71.6,0,7,0,0,10,6,8.3,13.4,0,23.5,74.4,343,11.1,73,12.5,8.1,8.1,1,1,0,0,0,0,,,,,,,,,,,,,,,,,,,,,,,,,,,,,,,,,,,,,,,,,,,,,,,,,,,,,,,,,,,,,,,,,,,,,,,,,,,,,,,,,,,,,,,,,,,,,
Faridabad,Haryana,India,28.4333,77.3167,Asia/Kolkata,1789110024,11/9/2026 12:30,1789428600,15-09-2026 05:00:00,27.2,80.9,0,Clear,http://cdn.weatherapi.com/weather/64x64/night/113.png,1000,4.7,7.6,121,ESE,1007,29.73,0,0,0,73,13,29.5,85.1,27.2,80.9,29.9,85.7,22,71.6,0,7,0,0,10,6,7.9,12.7,0,23.5,74.2,324,12.2,70,12.4,8.4,8.4,1,1,0,0,0,0,,,,,,,,,,,,,,,,,,,,,,,,,,,,,,,,,,,,,,,,,,,,,,,,,,,,,,,,,,,,,,,,,,,,,,,,,,,,,,,,,,,,,,,,,,,,,
Faridabad,Haryana,India,28.4333,77.3167,Asia/Kolkata,1789110024,11/9/2026 12:30,1789432200,15-09-2026 06:00:00,27,80.6,1,Sunny,http://cdn.weatherapi.com/weather/64x64/day/113.png,1000,4.9,7.9,129,SE,1007,29.75,0,0,0,74,25,29.2,84.6,27,80.6,29.6,85.3,22,71.5,0,8,0,0,10,6,8.1,13,0,23.4,74.1,320,14.9,66,13.1,10.4,10.5,1,1,4.36,2.39,0,4.15,,,,,,,,,,,,,,,,,,,,,,,,,,,,,,,,,,,,,,,,,,,,,,,,,,,,,,,,,,,,,,,,,,,,,,,,,,,,,,,,,,,,,,,,,,,,,
Faridabad,Haryana,India,28.4333,77.3167,Asia/Kolkata,1789110024,11/9/2026 12:30,1789435800,15-09-2026 07:00:00,27.8,82,1,Sunny,http://cdn.weatherapi.com/weather/64x64/day/113.png,1000,5.1,8.3,127,SE,1008,29.77,0,0,0,71,7,30.4,86.7,27.8,82,30.6,87.1,22,71.5,0,6,0,0,10,6,8.3,13.3,0.6,23.6,74.5,338,18.3,63,14.3,10.1,10.2,1,1,52.46,24.21,0.23,49.87,,,,,,,,,,,,,,,,,,,,,,,,,,,,,,,,,,,,,,,,,,,,,,,,,,,,,,,,,,,,,,,,,,,,,,,,,,,,,,,,,,,,,,,,,,,,,
Faridabad,Haryana,India,28.4333,77.3167,Asia/Kolkata,1789110024,11/9/2026 12:30,1789439400,15-09-2026 08:00:00,29.1,84.5,1,Sunny,http://cdn.weatherapi.com/weather/64x64/day/113.png,1000,5.1,8.3,128,SE,1009,29.78,0,0,0,65,11,32.1,89.8,29.1,84.5,32.3,90.1,21.8,71.3,0,5,0,0,10,6,7.2,11.6,1.9,23.9,75,359,20,64,15.3,10.1,10.2,1,1,133.86,48.2,1.49,127.04,,,,,,,,,,,,,,,,,,,,,,,,,,,,,,,,,,,,,,,,,,,,,,,,,,,,,,,,,,,,,,,,,,,,,,,,,,,,,,,,,,,,,,,,,,,,,
Faridabad,Haryana,India,28.4333,77.3167,Asia/Kolkata,1789110024,11/9/2026 12:30,1789443000,15-09-2026 09:00:00,30.5,87,1,Sunny,http://cdn.weatherapi.com/weather/64x64/day/113.png,1000,3.6,5.8,138,SE,1009,29.8,0,0,0,59,0,33.7,92.7,30.6,87,34,93.2,21.7,71.1,0,3,0,0,10,6,14.8,23.8,4.1,24.2,75.6,354,18.2,72,15.8,11.1,11.2,1,1,224.28,68.56,4.17,212.46,,,,,,,,,,,,,,,,,,,,,,,,,,,,,,,,,,,,,,,,,,,,,,,,,,,,,,,,,,,,,,,,,,,,,,,,,,,,,,,,,,,,,,,,,,,,,
Faridabad,Haryana,India,28.4333,77.3167,Asia/Kolkata,1789110024,11/9/2026 12:30,1789446600,15-09-2026 10:00:00,32.3,90.1,1,Patchy rain nearby,http://cdn.weatherapi.com/weather/64x64/day/176.png,1063,2.7,4.3,168,SSE,1009,29.79,0,0,0,53,77,35.7,96.3,32.3,90.1,36.1,97,21.5,70.7,0,10,0,0,10,6,13.9,22.3,6.5,24.5,76.1,335,14.6,85,16.1,13,13.1,1,2,311.78,85.03,10.15,294.3,,,,,,,,,,,,,,,,,,,,,,,,,,,,,,,,,,,,,,,,,,,,,,,,,,,,,,,,,,,,,,,,,,,,,,,,,,,,,,,,,,,,,,,,,,,,,
Faridabad,Haryana,India,28.4333,77.3167,Asia/Kolkata,1789110024,11/9/2026 12:30,1789450200,15-09-2026 11:00:00,33.8,92.9,1,Patchy rain nearby,http://cdn.weatherapi.com/weather/64x64/day/176.png,1063,2,3.2,177,S,1008,29.77,0,0,0,48,85,37.2,99,33.8,92.9,37.9,100.1,21.1,70.1,0,10,0,0,10,6,11,17.6,8.4,24.7,76.5,318,11.6,99,16.3,12.9,13.1,1,2,389.54,98.09,29.75,363.6,,,,,,,,,,,,,,,,,,,,,,,,,,,,,,,,,,,,,,,,,,,,,,,,,,,,,,,,,,,,,,,,,,,,,,,,,,,,,,,,,,,,,,,,,,,,,
Faridabad,Haryana,India,28.4333,77.3167,Asia/Kolkata,1789110024,11/9/2026 12:30,1789453800,15-09-2026 12:00:00,34.9,94.8,1,Patchy rain nearby,http://cdn.weatherapi.com/weather/64x64/day/176.png,1063,0.9,1.4,127,SE,1007,29.74,0,0,0,44,88,38.1,100.6,34.9,94.8,38.9,102,20.7,69.2,0,9,0,0,10,6,2,3.2,8.6,24.7,76.5,302,9.1,117,16.6,13.4,13.7,1,2,811.18,208.97,638.4,618.85,,,,,,,,,,,,,,,,,,,,,,,,,,,,,,,,,,,,,,,,,,,,,,,,,,,,,,,,,,,,,,,,,,,,,,,,,,,,,,,,,,,,,,,,,,,,,
Faridabad,Haryana,India,28.4333,77.3167,Asia/Kolkata,1789110024,11/9/2026 12:30,1789457400,15-09-2026 13:00:00,34.3,93.7,1,Overcast,http://cdn.weatherapi.com/weather/64x64/day/122.png,1009,2.2,3.6,75,ENE,1006,29.7,0,0,0,43,98,36.8,98.2,34.3,93.7,37.5,99.5,19.9,67.9,0,10,0,0,10,6,3.1,5,7.6,24.1,75.4,289,7.3,136,16.8,15.1,15.4,1,2,811.26,195.42,638.57,618.88,,,,,,,,,,,,,,,,,,,,,,,,,,,,,,,,,,,,,,,,,,,,,,,,,,,,,,,,,,,,,,,,,,,,,,,,,,,,,,,,,,,,,,,,,,,,,
Faridabad,Haryana,India,28.4333,77.3167,Asia/Kolkata,1789110024,11/9/2026 12:30,1789461000,15-09-2026 14:00:00,33.9,92.9,1,Patchy rain nearby,http://cdn.weatherapi.com/weather/64x64/day/176.png,1063,3.8,6.1,92,E,1005,29.68,0,0,0,43,100,36,96.8,33.9,92.9,36.7,98.1,19.6,67.3,0,13,0,0,10,6,4.5,7.3,4.1,23.8,74.9,298,8.3,143,16.8,17.2,17.5,2,2,776.77,198.64,563.37,604.1,,,,,,,,,,,,,,,,,,,,,,,,,,,,,,,,,,,,,,,,,,,,,,,,,,,,,,,,,,,,,,,,,,,,,,,,,,,,,,,,,,,,,,,,,,,,,
Faridabad,Haryana,India,28.4333,77.3167,Asia/Kolkata,1789110024,11/9/2026 12:30,1789464600,15-09-2026 15:00:00,33.7,92.6,1,Patchy rain nearby,http://cdn.weatherapi.com/weather/64x64/day/176.png,1063,4.9,7.9,98,E,1004,29.66,0,0,0,44,74,36,96.8,33.7,92.6,36.7,98,19.9,67.7,0,9,0,0,10,6,11.6,18.7,1.7,23.9,75,351,14.9,129,16.5,17.7,18,2,2,714.62,203.93,430.34,576.88,,,,,,,,,,,,,,,,,,,,,,,,,,,,,,,,,,,,,,,,,,,,,,,,,,,,,,,,,,,,,,,,,,,,,,,,,,,,,,,,,,,,,,,,,,,,,
Faridabad,Haryana,India,28.4333,77.3167,Asia/Kolkata,1789110024,11/9/2026 12:30,1789468200,15-09-2026 16:00:00,33.8,92.8,1,Partly Cloudy,http://cdn.weatherapi.com/weather/64x64/day/116.png,1003,4.7,7.6,100,E,1004,29.64,0,0,0,44,60,36.1,97,33.8,92.8,36.8,98.3,19.9,67.8,0,5,0,0,10,6,15.9,25.6,0.5,23.9,75.1,427,24.4,103,15.9,18.7,19.1,2,2,600.51,178.1,223.3,517.95,,,,,,,,,,,,,,,,,,,,,,,,,,,,,,,,,,,,,,,,,,,,,,,,,,,,,,,,,,,,,,,,,,,,,,,,,,,,,,,,,,,,,,,,,,,,,
Faridabad,Haryana,India,28.4333,77.3167,Asia/Kolkata,1789110024,11/9/2026 12:30,1789471800,15-09-2026 17:00:00,33.6,92.4,1,Patchy rain nearby,http://cdn.weatherapi.com/weather/64x64/day/176.png,1063,3.8,6.1,58,ENE,1004,29.66,0,0,0,46,88,36.1,97,33.6,92.4,36.8,98.2,20.2,68.3,0,10,0,0,10,6,4.7,7.6,0.1,24.1,75.3,482,31.3,84,15.5,21.9,22.2,2,2,503.17,150.25,103.56,454.04,,,,,,,,,,,,,,,,,,,,,,,,,,,,,,,,,,,,,,,,,,,,,,,,,,,,,,,,,,,,,,,,,,,,,,,,,,,,,,,,,,,,,,,,,,,,,
Faridabad,Haryana,India,28.4333,77.3167,Asia/Kolkata,1789110024,11/9/2026 12:30,1789475400,15-09-2026 18:00:00,32.8,91,0,Clear,http://cdn.weatherapi.com/weather/64x64/night/113.png,1000,5.6,9,83,E,1004,29.66,0,0,0,48,7,35.4,95.7,32.8,91,36,96.7,20.5,68.8,0,2,0,0,10,6,6.3,10.1,0,24,75.2,null,null,null,null,null,null,null,null,0,0,0,0,,,,,,,,,,,,,,,,,,,,,,,,,,,,,,,,,,,,,,,,,,,,,,,,,,,,,,,,,,,,,,,,,,,,,,,,,,,,,,,,,,,,,,,,,,,,,
Faridabad,Haryana,India,28.4333,77.3167,Asia/Kolkata,1789110024,11/9/2026 12:30,1789479000,15-09-2026 19:00:00,31.8,89.2,0,Clear,http://cdn.weatherapi.com/weather/64x64/night/113.png,1000,5.8,9.4,120,ESE,1005,29.67,0,0,0,53,4,34.7,94.5,31.8,89.2,35.1,95.2,21,69.8,0,2,0,0,10,6,7.7,12.3,0,24.1,75.3,null,null,null,null,null,null,null,null,0,0,0,0,,,,,,,,,,,,,,,,,,,,,,,,,,,,,,,,,,,,,,,,,,,,,,,,,,,,,,,,,,,,,,,,,,,,,,,,,,,,,,,,,,,,,,,,,,,,,
Faridabad,Haryana,India,28.4333,77.3167,Asia/Kolkata,1789110024,11/9/2026 12:30,1789482600,15-09-2026 20:00:00,31.1,87.9,0,Clear,http://cdn.weatherapi.com/weather/64x64/night/113.png,1000,6.3,10.1,136,SE,1006,29.7,0,0,0,55,0,33.9,93,31.1,87.9,34.3,93.7,21.1,70,0,2,0,0,10,6,8.7,14.1,0,23.9,75.1,null,null,null,null,null,null,null,null,0,0,0,0,,,,,,,,,,,,,,,,,,,,,,,,,,,,,,,,,,,,,,,,,,,,,,,,,,,,,,,,,,,,,,,,,,,,,,,,,,,,,,,,,,,,,,,,,,,,,
Faridabad,Haryana,India,28.4333,77.3167,Asia/Kolkata,1789110024,11/9/2026 12:30,1789486200,15-09-2026 21:00:00,30.6,87,0,Clear,http://cdn.weatherapi.com/weather/64x64/night/113.png,1000,6.3,10.1,146,SSE,1006,29.7,0,0,0,57,0,33.2,91.8,30.6,87,33.6,92.4,21,69.8,0,3,0,0,10,6,9.8,15.8,0,23.8,74.8,null,null,null,null,null,null,null,null,0,0,0,0,,,,,,,,,,,,,,,,,,,,,,,,,,,,,,,,,,,,,,,,,,,,,,,,,,,,,,,,,,,,,,,,,,,,,,,,,,,,,,,,,,,,,,,,,,,,,
Faridabad,Haryana,India,28.4333,77.3167,Asia/Kolkata,1789110024,11/9/2026 12:30,1789489800,15-09-2026 22:00:00,30.2,86.4,0,Clear,http://cdn.weatherapi.com/weather/64x64/night/113.png,1000,5.8,9.4,163,SSE,1006,29.7,0,0,0,58,0,32.8,91,30.2,86.4,33.1,91.6,21.1,69.9,0,3,0,0,10,6,9.4,15.2,0,23.7,74.6,null,null,null,null,null,null,null,null,0,0,0,0,,,,,,,,,,,,,,,,,,,,,,,,,,,,,,,,,,,,,,,,,,,,,,,,,,,,,,,,,,,,,,,,,,,,,,,,,,,,,,,,,,,,,,,,,,,,,
Faridabad,Haryana,India,28.4333,77.3167,Asia/Kolkata,1789110024,11/9/2026 12:30,1789493400,15-09-2026 23:00:00,29.9,85.8,0,Clear,http://cdn.weatherapi.com/weather/64x64/night/113.png,1000,6,9.7,169,S,1006,29.71,0,0,0,59,2,32.4,90.3,29.9,85.8,32.7,90.9,21,69.8,0,3,0,0,10,6,10.1,16.2,0,23.6,74.4,null,null,null,null,null,null,null,null,0,0,0,0,,,,,,,,,,,,,,,,,,,,,,,,,,,,,,,,,,,,,,,,,,,,,,,,,,,,,,,,,,,,,,,,,,,,,,,,,,,,,,,,,,,,,,,,,,,,,
Faridabad,Haryana,India,28.4333,77.3167,Asia/Kolkata,1789110024,11/9/2026 12:30,1789497000,16-09-2026 00:00:00,29.6,85.3,0,Partly Cloudy,http://cdn.weatherapi.com/weather/64x64/night/116.png,1003,5.4,8.6,173,S,1006,29.7,0,0,0,60,13,32.1,89.8,29.6,85.3,32.4,90.3,21,69.8,0,4,0,0,10,6,8.7,14,0,23.5,74.3,null,null,null,null,null,null,null,null,0,0,0,0,,,,,,,,,,,,,,,,,,,,,,,,,,,,,,,,,,,,,,,,,,,,,,,,,,,,,,,,,,,,,,,,,,,,,,,,,,,,,,,,,,,,,,,,,,,,,
Faridabad,Haryana,India,28.4333,77.3167,Asia/Kolkata,1789110024,11/9/2026 12:30,1789500600,16-09-2026 01:00:00,29.3,84.7,0,Clear,http://cdn.weatherapi.com/weather/64x64/night/113.png,1000,4.5,7.2,176,S,1005,29.68,0,0,0,61,23,31.7,89.1,29.3,84.7,32.1,89.8,21.1,70,0,5,0,0,10,6,7.6,12.2,0,23.4,74.2,null,null,null,null,null,null,null,null,0,0,0,0,,,,,,,,,,,,,,,,,,,,,,,,,,,,,,,,,,,,,,,,,,,,,,,,,,,,,,,,,,,,,,,,,,,,,,,,,,,,,,,,,,,,,,,,,,,,,
Faridabad,Haryana,India,28.4333,77.3167,Asia/Kolkata,1789110024,11/9/2026 12:30,1789504200,16-09-2026 02:00:00,29.1,84.3,0,Partly Cloudy,http://cdn.weatherapi.com/weather/64x64/night/116.png,1003,3.8,6.1,179,S,1005,29.67,0,0,0,62,33,31.5,88.7,29.1,84.3,31.7,89.1,21.1,69.9,0,6,0,0,10,6,6.3,10.1,0,23.4,74.1,null,null,null,null,null,null,null,null,0,0,0,0,,,,,,,,,,,,,,,,,,,,,,,,,,,,,,,,,,,,,,,,,,,,,,,,,,,,,,,,,,,,,,,,,,,,,,,,,,,,,,,,,,,,,,,,,,,,,
Faridabad,Haryana,India,28.4333,77.3167,Asia/Kolkata,1789110024,11/9/2026 12:30,1789507800,16-09-2026 03:00:00,28.9,84,0,Clear,http://cdn.weatherapi.com/weather/64x64/night/113.png,1000,4,6.5,184,S,1005,29.68,0,0,0,63,23,31.4,88.5,28.8,83.8,31.5,88.7,21.2,70.2,0,5,0,0,10,6,6.5,10.4,0,23.5,74.2,null,null,null,null,null,null,null,null,0,0,0,0,,,,,,,,,,,,,,,,,,,,,,,,,,,,,,,,,,,,,,,,,,,,,,,,,,,,,,,,,,,,,,,,,,,,,,,,,,,,,,,,,,,,,,,,,,,,,
Faridabad,Haryana,India,28.4333,77.3167,Asia/Kolkata,1789110024,11/9/2026 12:30,1789511400,16-09-2026 04:00:00,28.6,83.5,0,Partly Cloudy,http://cdn.weatherapi.com/weather/64x64/night/116.png,1003,4,6.5,188,S,1005,29.69,0,0,0,65,13,31,87.8,28.6,83.5,31.3,88.3,21.3,70.3,0,5,0,0,10,6,6.7,10.8,0,23.4,74.1,null,null,null,null,null,null,null,null,0,0,0,0,,,,,,,,,,,,,,,,,,,,,,,,,,,,,,,,,,,,,,,,,,,,,,,,,,,,,,,,,,,,,,,,,,,,,,,,,,,,,,,,,,,,,,,,,,,,,
Faridabad,Haryana,India,28.4333,77.3167,Asia/Kolkata,1789110024,11/9/2026 12:30,1789515000,16-09-2026 05:00:00,28.4,83.1,0,Clear,http://cdn.weatherapi.com/weather/64x64/night/113.png,1000,4.3,6.8,192,SSW,1005,29.69,0,0,0,66,4,30.9,87.6,28.4,83.1,31.1,88,21.5,70.6,0,4,0,0,10,6,6.9,11.2,0,23.4,74.2,null,null,null,null,null,null,null,null,0,0,0,0,,,,,,,,,,,,,,,,,,,,,,,,,,,,,,,,,,,,,,,,,,,,,,,,,,,,,,,,,,,,,,,,,,,,,,,,,,,,,,,,,,,,,,,,,,,,,
Faridabad,Haryana,India,28.4333,77.3167,Asia/Kolkata,1789110024,11/9/2026 12:30,1789518600,16-09-2026 06:00:00,29.2,84.6,1,Sunny,http://cdn.weatherapi.com/weather/64x64/day/113.png,1000,4.5,7.2,206,SSW,1006,29.71,0,0,0,63,2,31.9,89.4,29.2,84.6,32,89.6,21.4,70.5,0,4,0,0,10,6,7.2,11.5,7,23.7,74.6,null,null,null,null,null,null,null,null,61.77,27.88,0.63,58.63,,,,,,,,,,,,,,,,,,,,,,,,,,,,,,,,,,,,,,,,,,,,,,,,,,,,,,,,,,,,,,,,,,,,,,,,,,,,,,,,,,,,,,,,,,,,,
Faridabad,Haryana,India,28.4333,77.3167,Asia/Kolkata,1789110024,11/9/2026 12:30,1789522200,16-09-2026 07:00:00,29.9,85.8,1,Sunny,http://cdn.weatherapi.com/weather/64x64/day/113.png,1000,4.9,7.9,219,SW,1007,29.73,0,0,0,60,1,32.7,90.9,29.9,85.8,33,91.4,21.3,70.3,0,3,0,0,10,6,7.6,12.2,7,23.8,74.8,null,null,null,null,null,null,null,null,92.65,41.83,0.95,87.95,,,,,,,,,,,,,,,,,,,,,,,,,,,,,,,,,,,,,,,,,,,,,,,,,,,,,,,,,,,,,,,,,,,,,,,,,,,,,,,,,,,,,,,,,,,,,
Faridabad,Haryana,India,28.4333,77.3167,Asia/Kolkata,1789110024,11/9/2026 12:30,1789525800,16-09-2026 08:00:00,30.7,87.2,1,Sunny,http://cdn.weatherapi.com/weather/64x64/day/113.png,1000,5.1,8.3,232,SW,1007,29.75,0,0,0,57,0,33.6,92.5,30.7,87.2,33.9,93,21.3,70.3,0,3,0,0,10,6,7.8,12.6,8,24,75.1,null,null,null,null,null,null,null,null,123.54,55.77,1.27,117.27,,,,,,,,,,,,,,,,,,,,,,,,,,,,,,,,,,,,,,,,,,,,,,,,,,,,,,,,,,,,,,,,,,,,,,,,,,,,,,,,,,,,,,,,,,,,,
Faridabad,Haryana,India,28.4333,77.3167,Asia/Kolkata,1789110024,11/9/2026 12:30,1789529400,16-09-2026 09:00:00,32.2,90,1,Sunny,http://cdn.weatherapi.com/weather/64x64/day/113.png,1000,5.6,9,249,WSW,1007,29.74,0,0,0,52,2,35.2,95.4,32.2,90,35.5,95.9,20.8,69.4,0,2,0,0,10,6,8.3,13.3,8,24.2,75.6,null,null,null,null,null,null,null,null,252.74,79.35,14.1,237.16,,,,,,,,,,,,,,,,,,,,,,,,,,,,,,,,,,,,,,,,,,,,,,,,,,,,,,,,,,,,,,,,,,,,,,,,,,,,,,,,,,,,,,,,,,,,,
Faridabad,Haryana,India,28.4333,77.3167,Asia/Kolkata,1789110024,11/9/2026 12:30,1789533000,16-09-2026 10:00:00,33.7,92.7,1,Sunny,http://cdn.weatherapi.com/weather/64x64/day/113.png,1000,6.3,10.1,266,W,1007,29.73,0,0,0,46,5,36.6,97.9,33.7,92.7,37.1,98.8,20.4,68.7,0,1,0,0,10,6,8.7,14,8,24.3,75.8,null,null,null,null,null,null,null,null,317.35,91.14,20.51,297.11,,,,,,,,,,,,,,,,,,,,,,,,,,,,,,,,,,,,,,,,,,,,,,,,,,,,,,,,,,,,,,,,,,,,,,,,,,,,,,,,,,,,,,,,,,,,,
Faridabad,Haryana,India,28.4333,77.3167,Asia/Kolkata,1789110024,11/9/2026 12:30,1789536600,16-09-2026 11:00:00,35.2,95.4,1,Sunny,http://cdn.weatherapi.com/weather/64x64/day/113.png,1000,6.7,10.8,283,WNW,1007,29.72,0,0,0,41,7,37.9,100.2,35.2,95.4,38.7,101.6,19.9,67.8,0,1,0,0,10,6,9.2,14.9,9,24.4,75.8,null,null,null,null,null,null,null,null,381.95,102.94,26.93,357.06,,,,,,,,,,,,,,,,,,,,,,,,,,,,,,,,,,,,,,,,,,,,,,,,,,,,,,,,,,,,,,,,,,,,,,,,,,,,,,,,,,,,,,,,,,,,,
Faridabad,Haryana,India,28.4333,77.3167,Asia/Kolkata,1789110024,11/9/2026 12:30,1789540200,16-09-2026 12:00:00,35.7,96.3,1,Thundery outbreaks in nearby,http://cdn.weatherapi.com/weather/64x64/day/200.png,1087,6.3,10.1,290,WNW,1006,29.69,0,0,0,39,37,37.3,99.1,35.7,96.3,39,102.2,19.6,67.3,0,3,0,0,9.7,6,9.8,15.8,8,24.3,75.8,null,null,null,null,null,null,null,null,459.83,132.34,83.29,417.65,,,,,,,,,,,,,,,,,,,,,,,,,,,,,,,,,,,,,,,,,,,,,,,,,,,,,,,,,,,,,,,,,,,,,,,,,,,,,,,,,,,,,,,,,,,,,
Faridabad,Haryana,India,28.4333,77.3167,Asia/Kolkata,1789110024,11/9/2026 12:30,1789543800,16-09-2026 13:00:00,36.1,97,1,Sunny,http://cdn.weatherapi.com/weather/64x64/day/113.png,1000,5.8,9.4,298,WNW,1004,29.66,0,0,0,38,67,37.7,99.9,36.1,97,39.3,102.7,19.3,66.7,0,5,0,0,9.3,5,10.5,16.9,9,24.3,75.7,null,null,null,null,null,null,null,null,498.76,147.04,111.47,447.95,,,,,,,,,,,,,,,,,,,,,,,,,,,,,,,,,,,,,,,,,,,,,,,,,,,,,,,,,,,,,,,,,,,,,,,,,,,,,,,,,,,,,,,,,,,,,
Faridabad,Haryana,India,28.4333,77.3167,Asia/Kolkata,1789110024,11/9/2026 12:30,1789547400,16-09-2026 14:00:00,36.6,97.8,1,Thundery outbreaks in nearby,http://cdn.weatherapi.com/weather/64x64/day/200.png,1087,5.4,8.6,306,NW,1003,29.63,0,0,0,36,96,38.1,100.6,36.6,97.8,39.6,103.3,19,66.2,0,9,0,0,9,5,11.2,18,8,24.2,75.5,null,null,null,null,null,null,null,null,537.7,161.74,139.65,478.25,,,,,,,,,,,,,,,,,,,,,,,,,,,,,,,,,,,,,,,,,,,,,,,,,,,,,,,,,,,,,,,,,,,,,,,,,,,,,,,,,,,,,,,,,,,,,
Faridabad,Haryana,India,28.4333,77.3167,Asia/Kolkata,1789110024,11/9/2026 12:30,1789551000,16-09-2026 15:00:00,34.7,94.5,1,Light rain shower,http://cdn.weatherapi.com/weather/64x64/day/353.png,1240,7.8,12.6,266,W,1003,29.62,0,0,0,44,98,37.9,100.2,34.7,94.5,38,100.4,20.1,68.2,0,17,0,0,9.3,5,13.2,21.2,7,24.7,76.4,null,null,null,null,null,null,null,null,466.02,145.34,85.65,422.98,,,,,,,,,,,,,,,,,,,,,,,,,,,,,,,,,,,,,,,,,,,,,,,,,,,,,,,,,,,,,,,,,,,,,,,,,,,,,,,,,,,,,,,,,,,,,
Faridabad,Haryana,India,28.4333,77.3167,Asia/Kolkata,1789110024,11/9/2026 12:30,1789554600,16-09-2026 16:00:00,32.8,91,1,Thundery outbreaks in nearby,http://cdn.weatherapi.com/weather/64x64/day/200.png,1087,10.1,16.2,226,SW,1003,29.61,0,0,0,52,99,36.5,97.7,32.8,91,36.5,97.7,21.2,70.2,0,19,0,0,9.7,6,15.2,24.5,7,24.8,76.7,null,null,null,null,null,null,null,null,430.18,137.14,58.65,395.35,,,,,,,,,,,,,,,,,,,,,,,,,,,,,,,,,,,,,,,,,,,,,,,,,,,,,,,,,,,,,,,,,,,,,,,,,,,,,,,,,,,,,,,,,,,,,
Faridabad,Haryana,India,28.4333,77.3167,Asia/Kolkata,1789110024,11/9/2026 12:30,1789558200,16-09-2026 17:00:00,30.9,87.6,1,Light rain shower,http://cdn.weatherapi.com/weather/64x64/day/353.png,1240,12.5,20.2,187,S,1003,29.61,0,0,0,61,100,34.7,94.5,30.9,87.6,34.9,94.9,22.4,72.3,0,27,0,0,10,6,17.2,27.8,7,24.7,76.5,null,null,null,null,null,null,null,null,394.34,128.94,31.65,367.71,,,,,,,,,,,,,,,,,,,,,,,,,,,,,,,,,,,,,,,,,,,,,,,,,,,,,,,,,,,,,,,,,,,,,,,,,,,,,,,,,,,,,,,,,,,,,
Faridabad,Haryana,India,28.4333,77.3167,Asia/Kolkata,1789110024,11/9/2026 12:30,1789561800,16-09-2026 18:00:00,29.6,85.3,0,Light rain shower,http://cdn.weatherapi.com/weather/64x64/night/353.png,1240,17.2,27.7,238,WSW,1004,29.65,0,0,0,63,99,32.6,90.7,29.6,85.3,33,91.4,21.7,71.1,0,36,0,0,10,6,23.3,37.4,0,23.9,75.1,null,null,null,null,null,null,null,null,0,0,0,0,,,,,,,,,,,,,,,,,,,,,,,,,,,,,,,,,,,,,,,,,,,,,,,,,,,,,,,,,,,,,,,,,,,,,,,,,,,,,,,,,,,,,,,,,,,,,
Faridabad,Haryana,India,28.4333,77.3167,Asia/Kolkata,1789110024,11/9/2026 12:30,1789565400,16-09-2026 19:00:00,28.3,82.9,0,Light rain shower,http://cdn.weatherapi.com/weather/64x64/night/353.png,1240,21.7,34.9,289,WNW,1006,29.7,0,0,0,65,98,30.5,86.9,28.3,82.9,31,87.8,21,69.8,0,38,0,0,10,6,29.1,46.8,0,23.1,73.6,null,null,null,null,null,null,null,null,0,0,0,0,,,,,,,,,,,,,,,,,,,,,,,,,,,,,,,,,,,,,,,,,,,,,,,,,,,,,,,,,,,,,,,,,,,,,,,,,,,,,,,,,,,,,,,,,,,,,
Faridabad,Haryana,India,28.4333,77.3167,Asia/Kolkata,1789110024,11/9/2026 12:30,1789569000,16-09-2026 20:00:00,27.1,80.7,0,Light rain shower,http://cdn.weatherapi.com/weather/64x64/night/353.png,1240,26.4,42.5,341,NNW,1007,29.75,1,0,0,67,96,28.7,83.7,27.1,80.7,29,84.2,20.3,68.6,0,44,0,0,10,6,35.1,56.6,0,22.3,72.2,null,null,null,null,null,null,null,null,0,0,0,0,,,,,,,,,,,,,,,,,,,,,,,,,,,,,,,,,,,,,,,,,,,,,,,,,,,,,,,,,,,,,,,,,,,,,,,,,,,,,,,,,,,,,,,,,,,,,
Faridabad,Haryana,India,28.4333,77.3167,Asia/Kolkata,1789110024,11/9/2026 12:30,1789572600,16-09-2026 21:00:00,28,82.4,0,Overcast,http://cdn.weatherapi.com/weather/64x64/night/122.png,1009,18.6,29.9,282,WNW,1006,29.71,0,0,0,62,98,29.7,85.5,28,82.4,30,86,20.1,68.2,0,36,0,0,10,6,24.4,39.2,0,22.5,72.5,null,null,null,null,null,null,null,null,0,0,0,0,,,,,,,,,,,,,,,,,,,,,,,,,,,,,,,,,,,,,,,,,,,,,,,,,,,,,,,,,,,,,,,,,,,,,,,,,,,,,,,,,,,,,,,,,,,,,
Faridabad,Haryana,India,28.4333,77.3167,Asia/Kolkata,1789110024,11/9/2026 12:30,1789576200,16-09-2026 22:00:00,29,84.2,0,Light rain shower,http://cdn.weatherapi.com/weather/64x64/night/353.png,1240,10.5,16.9,224,SW,1005,29.68,0,0,0,58,99,30.7,87.3,29,84.2,31,87.8,19.9,67.8,0,25,0,0,10,6,13.6,22,0,22.6,72.8,null,null,null,null,null,null,null,null,0,0,0,0,,,,,,,,,,,,,,,,,,,,,,,,,,,,,,,,,,,,,,,,,,,,,,,,,,,,,,,,,,,,,,,,,,,,,,,,,,,,,,,,,,,,,,,,,,,,,
Faridabad,Haryana,India,28.4333,77.3167,Asia/Kolkata,1789110024,11/9/2026 12:30,1789579800,16-09-2026 23:00:00,30,85.9,0,Overcast,http://cdn.weatherapi.com/weather/64x64/night/122.png,1009,2.7,4.3,165,SSE,1004,29.64,0,0,0,54,100,31.6,88.9,30,85.9,32,89.6,19.6,67.3,0,12,0,0,10,6,2.9,4.7,0,22.7,72.9,null,null,null,null,null,null,null,null,0,0,0,0,,,,,,,,,,,,,,,,,,,,,,,,,,,,,,,,,,,,,,,,,,,,,,,,,,,,,,,,,,,,,,,,,,,,,,,,,,,,,,,,,,,,,,,,,,,,,
Faridabad,Haryana,India,28.4333,77.3167,Asia/Kolkata,1789110024,11/9/2026 12:30,1789583400,17-09-2026 00:00:00,28.8,83.8,0,Overcast,http://cdn.weatherapi.com/weather/64x64/night/122.png,1009,2.5,4,111,ESE,1004,29.64,0,0,0,58,100,30.4,86.7,28.8,83.8,30.7,87.3,19.6,67.3,0,13,0,0,10,6,3.4,5.4,0,22.4,72.3,null,null,null,null,null,null,null,null,0,0,0,0,,,,,,,,,,,,,,,,,,,,,,,,,,,,,,,,,,,,,,,,,,,,,,,,,,,,,,,,,,,,,,,,,,,,,,,,,,,,,,,,,,,,,,,,,,,,,
Faridabad,Haryana,India,28.4333,77.3167,Asia/Kolkata,1789110024,11/9/2026 12:30,1789587000,17-09-2026 01:00:00,27.7,81.9,0,Overcast,http://cdn.weatherapi.com/weather/64x64/night/122.png,1009,2.2,3.6,57,ENE,1004,29.64,0,0,0,62,100,29.2,84.6,27.7,81.9,29.4,84.9,19.6,67.3,0,15,0,0,10,6,3.8,6.1,0,22.1,71.8,null,null,null,null,null,null,null,null,0,0,0,0,,,,,,,,,,,,,,,,,,,,,,,,,,,,,,,,,,,,,,,,,,,,,,,,,,,,,,,,,,,,,,,,,,,,,,,,,,,,,,,,,,,,,,,,,,,,,
Faridabad,Haryana,India,28.4333,77.3167,Asia/Kolkata,1789110024,11/9/2026 12:30,1789590600,17-09-2026 02:00:00,26.5,79.8,0,Overcast,http://cdn.weatherapi.com/weather/64x64/night/122.png,1009,2,3.2,4,N,1003,29.63,0,0,0,65,100,28.2,82.8,26.5,79.8,28.2,82.7,19.5,67.1,0,16,0,0,10,6,4.3,6.8,0,21.7,71,null,null,null,null,null,null,null,null,0,0,0,0,,,,,,,,,,,,,,,,,,,,,,,,,,,,,,,,,,,,,,,,,,,,,,,,,,,,,,,,,,,,,,,,,,,,,,,,,,,,,,,,,,,,,,,,,,,,,
Faridabad,Haryana,India,28.4333,77.3167,Asia/Kolkata,1789110024,11/9/2026 12:30,1789594200,17-09-2026 03:00:00,26.6,79.9,0,Cloudy,http://cdn.weatherapi.com/weather/64x64/night/119.png,1006,2.7,4.3,118,ESE,1004,29.65,0,0,0,66,94,28.2,82.8,26.6,79.9,28.4,83.1,19.8,67.6,0,15,0,0,10,6,6.9,11.2,0,21.9,71.3,null,null,null,null,null,null,null,null,0,0,0,0,,,,,,,,,,,,,,,,,,,,,,,,,,,,,,,,,,,,,,,,,,,,,,,,,,,,,,,,,,,,,,,,,,,,,,,,,,,,,,,,,,,,,,,,,,,,,
Faridabad,Haryana,India,28.4333,77.3167,Asia/Kolkata,1789110024,11/9/2026 12:30,1789597800,17-09-2026 04:00:00,26.7,80.1,0,Overcast,http://cdn.weatherapi.com/weather/64x64/night/122.png,1009,3.4,5.4,232,SW,1004,29.66,0,0,0,67,89,28.3,82.9,26.8,80.2,28.6,83.5,20.1,68.2,0,15,0,0,10,6,9.6,15.5,0,22.1,71.7,null,null,null,null,null,null,null,null,0,0,0,0,,,,,,,,,,,,,,,,,,,,,,,,,,,,,,,,,,,,,,,,,,,,,,,,,,,,,,,,,,,,,,,,,,,,,,,,,,,,,,,,,,,,,,,,,,,,,
Faridabad,Haryana,India,28.4333,77.3167,Asia/Kolkata,1789110024,11/9/2026 12:30,1789601400,17-09-2026 05:00:00,26.9,80.3,0,Cloudy,http://cdn.weatherapi.com/weather/64x64/night/119.png,1006,4,6.5,346,NNW,1005,29.68,0,0,0,68,83,28.5,83.3,26.9,80.3,28.8,83.8,20.4,68.7,0,14,0,0,10,6,12.3,19.8,0,22.3,72.2,null,null,null,null,null,null,null,null,0,0,0,0,,,,,,,,,,,,,,,,,,,,,,,,,,,,,,,,,,,,,,,,,,,,,,,,,,,,,,,,,,,,,,,,,,,,,,,,,,,,,,,,,,,,,,,,,,,,,
Faridabad,Haryana,India,28.4333,77.3167,Asia/Kolkata,1789110024,11/9/2026 12:30,1789605000,17-09-2026 06:00:00,27.6,81.7,1,Partly Cloudy,http://cdn.weatherapi.com/weather/64x64/day/116.png,1003,4.7,7.6,342,NNW,1006,29.7,0,0,0,66,72,29.4,84.9,27.6,81.7,29.7,85.5,20.5,68.9,0,11,0,0,10,6,12.3,19.8,7,22.6,72.8,null,null,null,null,null,null,null,null,65.85,23.47,0.72,62.5,,,,,,,,,,,,,,,,,,,,,,,,,,,,,,,,,,,,,,,,,,,,,,,,,,,,,,,,,,,,,,,,,,,,,,,,,,,,,,,,,,,,,,,,,,,,,
Faridabad,Haryana,India,28.4333,77.3167,Asia/Kolkata,1789110024,11/9/2026 12:30,1789608600,17-09-2026 07:00:00,28.3,82.9,1,Cloudy,http://cdn.weatherapi.com/weather/64x64/day/119.png,1006,5.6,9,338,NNW,1006,29.72,0,0,0,63,60,30.3,86.5,28.3,82.9,30.6,87.1,20.6,69.1,0,9,0,0,10,6,12.5,20.2,6,22.9,73.2,null,null,null,null,null,null,null,null,98.77,35.21,1.08,93.75,,,,,,,,,,,,,,,,,,,,,,,,,,,,,,,,,,,,,,,,,,,,,,,,,,,,,,,,,,,,,,,,,,,,,,,,,,,,,,,,,,,,,,,,,,,,,
Faridabad,Haryana,India,28.4333,77.3167,Asia/Kolkata,1789110024,11/9/2026 12:30,1789612200,17-09-2026 08:00:00,29,84.3,1,Partly Cloudy,http://cdn.weatherapi.com/weather/64x64/day/116.png,1003,6.3,10.1,334,NNW,1007,29.74,0,0,0,61,48,31.2,88.2,29,84.3,31.5,88.7,20.7,69.3,0,7,0,0,10,6,12.5,20.2,7,23.1,73.7,null,null,null,null,null,null,null,null,131.7,46.94,1.44,125,,,,,,,,,,,,,,,,,,,,,,,,,,,,,,,,,,,,,,,,,,,,,,,,,,,,,,,,,,,,,,,,,,,,,,,,,,,,,,,,,,,,,,,,,,,,,
Faridabad,Haryana,India,28.4333,77.3167,Asia/Kolkata,1789110024,11/9/2026 12:30,1789615800,17-09-2026 09:00:00,30.5,86.9,1,Cloudy,http://cdn.weatherapi.com/weather/64x64/day/119.png,1006,6.3,10.1,310,NW,1007,29.74,0,0,0,56,55,32.9,91.2,30.5,86.9,33.2,91.8,20.5,68.9,0,6,0,0,10,6,11.2,18,7,23.5,74.3,null,null,null,null,null,null,null,null,260.15,69.94,15.41,243.9,,,,,,,,,,,,,,,,,,,,,,,,,,,,,,,,,,,,,,,,,,,,,,,,,,,,,,,,,,,,,,,,,,,,,,,,,,,,,,,,,,,,,,,,,,,,,
Faridabad,Haryana,India,28.4333,77.3167,Asia/Kolkata,1789110024,11/9/2026 12:30,1789619400,17-09-2026 10:00:00,32,89.6,1,Partly Cloudy,http://cdn.weatherapi.com/weather/64x64/day/116.png,1003,6.3,10.1,286,WNW,1007,29.73,0,0,0,50,61,34.5,94.1,32,89.6,34.9,94.8,20.3,68.5,0,6,0,0,10,6,9.6,15.5,8,23.8,74.8,null,null,null,null,null,null,null,null,324.37,81.44,22.39,303.34,,,,,,,,,,,,,,,,,,,,,,,,,,,,,,,,,,,,,,,,,,,,,,,,,,,,,,,,,,,,,,,,,,,,,,,,,,,,,,,,,,,,,,,,,,,,,
Faridabad,Haryana,India,28.4333,77.3167,Asia/Kolkata,1789110024,11/9/2026 12:30,1789623000,17-09-2026 11:00:00,33.5,92.3,1,Cloudy,http://cdn.weatherapi.com/weather/64x64/day/119.png,1006,6.3,10.1,262,W,1006,29.72,0,0,0,45,68,36,96.8,33.5,92.4,36.7,98,20.1,68.1,0,6,0,0,10,6,8.3,13.4,7,24,75.2,null,null,null,null,null,null,null,null,388.59,92.94,29.38,362.79,,,,,,,,,,,,,,,,,,,,,,,,,,,,,,,,,,,,,,,,,,,,,,,,,,,,,,,,,,,,,,,,,,,,,,,,,,,,,,,,,,,,,,,,,,,,,
Faridabad,Haryana,India,28.4333,77.3167,Asia/Kolkata,1789110024,11/9/2026 12:30,1789626600,17-09-2026 12:00:00,34.7,94.5,1,Sunny,http://cdn.weatherapi.com/weather/64x64/day/113.png,1000,6.9,11.2,269,W,1006,29.69,0,0,0,41,47,37,98.6,34.7,94.5,37.6,99.7,19.4,66.9,0,4,0,0,10,6,9.8,15.8,8,24.1,75.3,null,null,null,null,null,null,null,null,589.39,122.53,311.05,486.31,,,,,,,,,,,,,,,,,,,,,,,,,,,,,,,,,,,,,,,,,,,,,,,,,,,,,,,,,,,,,,,,,,,,,,,,,,,,,,,,,,,,,,,,,,,,,
Faridabad,Haryana,India,28.4333,77.3167,Asia/Kolkata,1789110024,11/9/2026 12:30,1789630200,17-09-2026 13:00:00,35.8,96.4,1,Cloudy,http://cdn.weatherapi.com/weather/64x64/day/119.png,1006,7.8,12.6,275,W,1004,29.66,0,0,0,37,26,36.6,97.9,35.8,96.4,38.5,101.3,18.8,65.8,0,2,0,0,10,6,11.2,18,8,24,75.2,null,null,null,null,null,null,null,null,689.79,137.33,451.88,548.07,,,,,,,,,,,,,,,,,,,,,,,,,,,,,,,,,,,,,,,,,,,,,,,,,,,,,,,,,,,,,,,,,,,,,,,,,,,,,,,,,,,,,,,,,,,,,
Faridabad,Haryana,India,28.4333,77.3167,Asia/Kolkata,1789110024,11/9/2026 12:30,1789633800,17-09-2026 14:00:00,36.9,98.5,1,Sunny,http://cdn.weatherapi.com/weather/64x64/day/113.png,1000,8.5,13.7,282,WNW,1004,29.63,0,0,0,33,5,37.2,99,36.9,98.5,39.5,103.1,18.2,64.8,0,1,0,0,10,6,12.8,20.6,9,23.9,74.9,null,null,null,null,null,null,null,null,790.19,152.12,592.72,609.83,,,,,,,,,,,,,,,,,,,,,,,,,,,,,,,,,,,,,,,,,,,,,,,,,,,,,,,,,,,,,,,,,,,,,,,,,,,,,,,,,,,,,,,,,,,,,
Faridabad,Haryana,India,28.4333,77.3167,Asia/Kolkata,1789110024,11/9/2026 12:30,1789637400,17-09-2026 15:00:00,36.8,98.2,1,Partly Cloudy,http://cdn.weatherapi.com/weather/64x64/day/116.png,1003,8.5,13.7,269,W,1003,29.62,0,0,0,34,16,37.1,98.8,36.8,98.2,39.3,102.7,18.3,64.9,0,1,0,0,10,6,13.6,22,9,23.9,74.9,null,null,null,null,null,null,null,null,690.98,140.52,401.48,561.3,,,,,,,,,,,,,,,,,,,,,,,,,,,,,,,,,,,,,,,,,,,,,,,,,,,,,,,,,,,,,,,,,,,,,,,,,,,,,,,,,,,,,,,,,,,,,
Faridabad,Haryana,India,28.4333,77.3167,Asia/Kolkata,1789110024,11/9/2026 12:30,1789641000,17-09-2026 16:00:00,36.6,97.9,1,Sunny,http://cdn.weatherapi.com/weather/64x64/day/113.png,1000,8.7,14,257,WSW,1002,29.6,0,0,0,34,26,36.8,98.2,36.6,97.9,39.1,102.4,18.3,64.9,0,2,0,0,10,6,14.5,23.4,9,23.8,74.9,null,null,null,null,null,null,null,null,641.37,134.73,305.87,537.03,,,,,,,,,,,,,,,,,,,,,,,,,,,,,,,,,,,,,,,,,,,,,,,,,,,,,,,,,,,,,,,,,,,,,,,,,,,,,,,,,,,,,,,,,,,,,
Faridabad,Haryana,India,28.4333,77.3167,Asia/Kolkata,1789110024,11/9/2026 12:30,1789644600,17-09-2026 17:00:00,36.4,97.5,1,Partly Cloudy,http://cdn.weatherapi.com/weather/64x64/day/116.png,1003,8.7,14,244,WSW,1002,29.58,0,0,0,35,37,36.6,97.9,36.4,97.5,39,102.1,18.4,65,0,3,0,0,10,6,15.4,24.8,9,23.8,74.8,null,null,null,null,null,null,null,null,591.76,128.93,210.25,512.76,,,,,,,,,,,,,,,,,,,,,,,,,,,,,,,,,,,,,,,,,,,,,,,,,,,,,,,,,,,,,,,,,,,,,,,,,,,,,,,,,,,,,,,,,,,,,
Faridabad,Haryana,India,28.4333,77.3167,Asia/Kolkata,1789110024,11/9/2026 12:30,1789648200,17-09-2026 18:00:00,32.9,91.2,0,Light rain shower,http://cdn.weatherapi.com/weather/64x64/night/353.png,1240,7.8,12.6,271,W,1003,29.62,0,0,0,44,47,34.4,93.9,32.9,91.2,35,95,18.2,64.8,0,36,0,0,10,6,13.6,22,0,23.1,73.6,null,null,null,null,null,null,null,null,0,0,0,0,,,,,,,,,,,,,,,,,,,,,,,,,,,,,,,,,,,,,,,,,,,,,,,,,,,,,,,,,,,,,,,,,,,,,,,,,,,,,,,,,,,,,,,,,,,,,
Faridabad,Haryana,India,28.4333,77.3167,Asia/Kolkata,1789110024,11/9/2026 12:30,1789651800,17-09-2026 19:00:00,29.4,84.9,0,Partly Cloudy,http://cdn.weatherapi.com/weather/64x64/night/116.png,1003,6.7,10.8,298,WNW,1005,29.67,1,0,0,53,56,30.6,87.1,29.4,84.9,31.1,88,18,64.4,0,36,0,0,10,6,11.9,19.1,0,22,71.6,null,null,null,null,null,null,null,null,0,0,0,0,,,,,,,,,,,,,,,,,,,,,,,,,,,,,,,,,,,,,,,,,,,,,,,,,,,,,,,,,,,,,,,,,,,,,,,,,,,,,,,,,,,,,,,,,,,,,
Faridabad,Haryana,India,28.4333,77.3167,Asia/Kolkata,1789110024,11/9/2026 12:30,1789655400,17-09-2026 20:00:00,25.9,78.5,0,Light rain shower,http://cdn.weatherapi.com/weather/64x64/night/353.png,1240,5.8,9.4,325,NW,1006,29.71,1,0,0,62,65,26.8,80.2,25.9,78.5,27.1,80.8,17.9,64.2,0,45,0,0,10,6,10.1,16.2,0,20.5,68.9,null,null,null,null,null,null,null,null,0,0,0,0,,,,,,,,,,,,,,,,,,,,,,,,,,,,,,,,,,,,,,,,,,,,,,,,,,,,,,,,,,,,,,,,,,,,,,,,,,,,,,,,,,,,,,,,,,,,,
Faridabad,Haryana,India,28.4333,77.3167,Asia/Kolkata,1789110024,11/9/2026 12:30,1789659000,17-09-2026 21:00:00,26.6,79.9,0,Clear,http://cdn.weatherapi.com/weather/64x64/night/113.png,1000,5.4,8.6,280,W,1006,29.71,1,0,0,62,45,27.8,82,26.6,79.9,28.1,82.6,18.7,65.7,0,36,0,0,10,6,8.9,14.4,0,21.2,70.1,null,null,null,null,null,null,null,null,0,0,0,0,,,,,,,,,,,,,,,,,,,,,,,,,,,,,,,,,,,,,,,,,,,,,,,,,,,,,,,,,,,,,,,,,,,,,,,,,,,,,,,,,,,,,,,,,,,,,
Faridabad,Haryana,India,28.4333,77.3167,Asia/Kolkata,1789110024,11/9/2026 12:30,1789662600,17-09-2026 22:00:00,27.3,81.1,0,Light rain shower,http://cdn.weatherapi.com/weather/64x64/night/353.png,1240,5.1,8.3,235,SW,1006,29.71,0,0,0,62,25,28.7,83.7,27.3,81.1,29,84.2,19.4,66.9,0,36,0,0,10,6,7.6,12.2,0,21.9,71.4,null,null,null,null,null,null,null,null,0,0,0,0,,,,,,,,,,,,,,,,,,,,,,,,,,,,,,,,,,,,,,,,,,,,,,,,,,,,,,,,,,,,,,,,,,,,,,,,,,,,,,,,,,,,,,,,,,,,,
Faridabad,Haryana,India,28.4333,77.3167,Asia/Kolkata,1789110024,11/9/2026 12:30,1789666200,17-09-2026 23:00:00,28,82.3,0,Clear,http://cdn.weatherapi.com/weather/64x64/night/113.png,1000,4.7,7.6,190,S,1006,29.71,0,0,0,63,5,29.7,85.5,28,82.3,30,85.9,20.2,68.4,0,4,0,0,10,6,6.5,10.4,0,22.5,72.5,null,null,null,null,null,null,null,null,0,0,0,0,,,,,,,,,,,,,,,,,,,,,,,,,,,,,,,,,,,,,,,,,,,,,,,,,,,,,,,,,,,,,,,,,,,,,,,,,,,,,,,,,,,,,,,,,,,,,
Mathura,Uttar Pradesh,India,27.5,77.6833,Asia/Kolkata,1789110025,11/9/2026 12:30,1789065000,11/9/2026 0:00,29.2,84.5,0,Overcast,http://cdn.weatherapi.com/weather/64x64/night/122.png,1009,2.5,4,51,NE,1007,29.72,0,0,0,62,98,31.7,89.1,29.2,84.5,31.9,89.4,21.2,70.1,0,14,0,0,10,6,2.8,4.4,0,23.5,74.2,459,21.7,74,11.8,47.6,66.6,3,5,0,0,0,0,,,,,,,,,,,,,,,,,,,,,,,,,,,,,,,,,,,,,,,,,,,,,,,,,,,,,,,,,,,,,,,,,,,,,,,,,,,,,,,,,,,,,,,,,,,,,
Mathura,Uttar Pradesh,India,27.5,77.6833,Asia/Kolkata,1789110025,11/9/2026 12:30,1789068600,11/9/2026 1:00,28.9,84.1,0,Smoky haze,http://cdn.weatherapi.com/weather/64x64/night/149.png,1036,2.2,3.6,57,ENE,1006,29.72,0,0,0,63,100,31.4,88.5,28.9,84.1,31.7,89,21.3,70.3,0,15,0,0,10,6,2.3,3.6,0,23.5,74.3,454,22.8,65,11,46.8,60.8,3,5,0,0,0,0,,,,,,,,,,,,,,,,,,,,,,,,,,,,,,,,,,,,,,,,,,,,,,,,,,,,,,,,,,,,,,,,,,,,,,,,,,,,,,,,,,,,,,,,,,,,,
Mathura,Uttar Pradesh,India,27.5,77.6833,Asia/Kolkata,1789110025,11/9/2026 12:30,1789072200,11/9/2026 2:00,28.5,83.3,0,Smoky haze,http://cdn.weatherapi.com/weather/64x64/night/149.png,1036,1.6,2.5,341,NNW,1006,29.72,0,0,0,68,94,31.3,88.3,28.5,83.3,31.5,88.7,22,71.5,0,16,0,0,10,6,10.5,16.9,0,23.8,74.8,454,24.2,57,10.3,47.8,60.1,3,5,0,0,0,0,,,,,,,,,,,,,,,,,,,,,,,,,,,,,,,,,,,,,,,,,,,,,,,,,,,,,,,,,,,,,,,,,,,,,,,,,,,,,,,,,,,,,,,,,,,,,
Mathura,Uttar Pradesh,India,27.5,77.6833,Asia/Kolkata,1789110025,11/9/2026 12:30,1789075800,11/9/2026 3:00,28.2,82.8,0,Smoky haze,http://cdn.weatherapi.com/weather/64x64/night/149.png,1036,3.8,6.1,324,NW,1006,29.72,0,0,0,68,97,30.8,87.4,28.2,82.8,31,87.9,21.8,71.2,0,16,0,0,10,6,3.8,6.2,0,23.6,74.5,462,26,49,9.7,51.8,63.3,3,6,0,0,0,0,,,,,,,,,,,,,,,,,,,,,,,,,,,,,,,,,,,,,,,,,,,,,,,,,,,,,,,,,,,,,,,,,,,,,,,,,,,,,,,,,,,,,,,,,,,,,
Mathura,Uttar Pradesh,India,27.5,77.6833,Asia/Kolkata,1789110025,11/9/2026 12:30,1789079400,11/9/2026 4:00,28,82.4,0,Smoky haze,http://cdn.weatherapi.com/weather/64x64/night/149.png,1036,4.7,7.6,343,NNW,1006,29.72,0,0,0,68,100,30.5,86.9,28,82.5,30.7,87.2,21.6,70.8,0,17,0,0,10,6,5.6,9,0,23.4,74.2,475,28.1,41,9.3,53.9,63.6,3,6,0,0,0,0,,,,,,,,,,,,,,,,,,,,,,,,,,,,,,,,,,,,,,,,,,,,,,,,,,,,,,,,,,,,,,,,,,,,,,,,,,,,,,,,,,,,,,,,,,,,,
Mathura,Uttar Pradesh,India,27.5,77.6833,Asia/Kolkata,1789110025,11/9/2026 12:30,1789083000,11/9/2026 5:00,27.8,82.1,0,Smoky haze,http://cdn.weatherapi.com/weather/64x64/night/149.png,1036,5.1,8.3,353,N,1007,29.73,0,0,0,69,72,30.3,86.5,27.8,82.1,30.5,87,21.7,71.1,0,12,0,0,10,6,7.7,12.3,0,23.5,74.2,479,28.2,40,9.5,55.1,62.9,3,7,0,0,0,0,,,,,,,,,,,,,,,,,,,,,,,,,,,,,,,,,,,,,,,,,,,,,,,,,,,,,,,,,,,,,,,,,,,,,,,,,,,,,,,,,,,,,,,,,,,,,
Mathura,Uttar Pradesh,India,27.5,77.6833,Asia/Kolkata,1789110025,11/9/2026 12:30,1789086600,11/9/2026 6:00,27.7,81.9,1,Smoky haze,http://cdn.weatherapi.com/weather/64x64/day/149.png,1036,5.8,9.4,0,N,1008,29.75,0,0,0,74,95,30.5,86.9,27.7,81.9,30.8,87.5,22.6,72.6,0,19,0,0,7.1,4,9.7,15.6,0,24,75.2,463,24.8,51,11.1,56.7,62.6,3,7,6.64,3.3,0,6.34,,,,,,,,,,,,,,,,,,,,,,,,,,,,,,,,,,,,,,,,,,,,,,,,,,,,,,,,,,,,,,,,,,,,,,,,,,,,,,,,,,,,,,,,,,,,,
Mathura,Uttar Pradesh,India,27.5,77.6833,Asia/Kolkata,1789110025,11/9/2026 12:30,1789090200,11/9/2026 7:00,27.6,81.7,1,Patchy rain nearby,http://cdn.weatherapi.com/weather/64x64/day/176.png,1063,6,9.7,351,N,1008,29.77,0,0,0,72,100,30.2,86.4,27.6,81.7,30.5,86.9,22.1,71.8,0,21,0,0,10,6,11,17.6,0.6,23.7,74.6,438,19.3,69,13.2,48.9,53.4,3,6,55.76,27.81,0.25,53.18,,,,,,,,,,,,,,,,,,,,,,,,,,,,,,,,,,,,,,,,,,,,,,,,,,,,,,,,,,,,,,,,,,,,,,,,,,,,,,,,,,,,,,,,,,,,,
Mathura,Uttar Pradesh,India,27.5,77.6833,Asia/Kolkata,1789110025,11/9/2026 12:30,1789093800,11/9/2026 8:00,29.4,85,1,Smoky haze,http://cdn.weatherapi.com/weather/64x64/day/149.png,1036,5.8,9.4,1,N,1008,29.78,0,0,0,65,100,32.7,90.9,29.4,85,32.9,91.2,22.2,72,0,16,0,0,10,6,9,14.4,1.8,24.2,75.6,418,14.2,88,14.3,43.2,45.2,3,5,133.02,60.06,1.44,126.68,,,,,,,,,,,,,,,,,,,,,,,,,,,,,,,,,,,,,,,,,,,,,,,,,,,,,,,,,,,,,,,,,,,,,,,,,,,,,,,,,,,,,,,,,,,,,
Mathura,Uttar Pradesh,India,27.5,77.6833,Asia/Kolkata,1789110025,11/9/2026 12:30,1789097400,11/9/2026 9:00,31,87.8,1,Patchy rain nearby,http://cdn.weatherapi.com/weather/64x64/day/176.png,1063,8.1,13,23,NNE,1009,29.79,0,0,0,57,100,34.1,93.4,31,87.8,34.4,94,21.4,70.6,0,13,0,0,10,6,11.5,18.5,3.3,24.1,75.5,412,9.9,109,13.2,39,39.8,2,4,189.86,88.51,2.94,180.62,,,,,,,,,,,,,,,,,,,,,,,,,,,,,,,,,,,,,,,,,,,,,,,,,,,,,,,,,,,,,,,,,,,,,,,,,,,,,,,,,,,,,,,,,,,,,
Mathura,Uttar Pradesh,India,27.5,77.6833,Asia/Kolkata,1789110025,11/9/2026 12:30,1789101000,11/9/2026 10:00,31.6,88.9,1,Light rain,http://cdn.weatherapi.com/weather/64x64/day/296.png,1183,8.7,14,31,NNE,1009,29.79,2,0,0,55,93,34.8,94.6,31.6,88.9,35.2,95.4,21.4,70.6,0,61,0,0,9,5,11,17.7,4.6,24.3,75.7,411,5.9,131,11,32.5,32.9,2,3,239.98,115.55,4.7,228.08,,,,,,,,,,,,,,,,,,,,,,,,,,,,,,,,,,,,,,,,,,,,,,,,,,,,,,,,,,,,,,,,,,,,,,,,,,,,,,,,,,,,,,,,,,,,,
Mathura,Uttar Pradesh,India,27.5,77.6833,Asia/Kolkata,1789110025,11/9/2026 12:30,1789104600,11/9/2026 11:00,32.8,91,1,Patchy rain nearby,http://cdn.weatherapi.com/weather/64x64/day/176.png,1063,7.6,12.2,52,NE,1008,29.77,0,0,0,52,85,36.3,97.3,32.8,91,36.8,98.3,21.5,70.8,0,18,0,0,10,6,9,14.4,7.3,24.7,76.4,403,3.3,146,9.2,31,31.3,2,3,314.93,140.01,10.23,298.4,,,,,,,,,,,,,,,,,,,,,,,,,,,,,,,,,,,,,,,,,,,,,,,,,,,,,,,,,,,,,,,,,,,,,,,,,,,,,,,,,,,,,,,,,,,,,
Mathura,Uttar Pradesh,India,27.5,77.6833,Asia/Kolkata,1789110025,11/9/2026 12:30,1789108200,11/9/2026 12:00,33.5,92.3,1,Cloudy,http://cdn.weatherapi.com/weather/64x64/day/119.png,1006,7.4,11.9,64,ENE,1007,29.74,0,0,0,50,76,37.4,99.3,33.5,92.3,37.9,100.2,21.7,71,0,8,0,0,10,6,8.5,13.7,8.5,25,77,376,2.5,150,8.5,29.8,30.2,2,3,757.24,284.59,507.44,608.92,,,,,,,,,,,,,,,,,,,,,,,,,,,,,,,,,,,,,,,,,,,,,,,,,,,,,,,,,,,,,,,,,,,,,,,,,,,,,,,,,,,,,,,,,,,,,
Mathura,Uttar Pradesh,India,27.5,77.6833,Asia/Kolkata,1789110025,11/9/2026 12:30,1789111800,11/9/2026 13:00,33.4,92,1,Patchy rain nearby,http://cdn.weatherapi.com/weather/64x64/day/176.png,1063,7.6,12.2,74,ENE,1006,29.71,0,0,0,51,69,37.2,99,33.4,92,37.7,99.9,21.7,71.1,0,9,0,0,10,6,8.5,13.7,7.5,24.9,76.9,343,3.1,147,8.2,29.1,29.5,2,3,758.9,287.5,511,609.71,,,,,,,,,,,,,,,,,,,,,,,,,,,,,,,,,,,,,,,,,,,,,,,,,,,,,,,,,,,,,,,,,,,,,,,,,,,,,,,,,,,,,,,,,,,,,
Mathura,Uttar Pradesh,India,27.5,77.6833,Asia/Kolkata,1789110025,11/9/2026 12:30,1789115400,11/9/2026 14:00,32.9,91.3,1,Patchy rain nearby,http://cdn.weatherapi.com/weather/64x64/day/176.png,1063,8.1,13,58,ENE,1005,29.69,0,0,0,52,74,36.9,98.4,33,91.3,37.4,99.2,21.9,71.4,0,9,0,0,10,6,14.8,23.8,4.5,25,76.9,326,4.4,140,7.8,28.6,28.9,2,3,734.91,276.31,460.16,598.24,,,,,,,,,,,,,,,,,,,,,,,,,,,,,,,,,,,,,,,,,,,,,,,,,,,,,,,,,,,,,,,,,,,,,,,,,,,,,,,,,,,,,,,,,,,,,
Mathura,Uttar Pradesh,India,27.5,77.6833,Asia/Kolkata,1789110025,11/9/2026 12:30,1789119000,11/9/2026 15:00,32.4,90.3,1,Patchy rain nearby,http://cdn.weatherapi.com/weather/64x64/day/176.png,1063,8.7,14,47,NE,1005,29.67,0,0,0,55,78,36.5,97.7,32.4,90.3,36.9,98.4,22.2,72,0,11,0,0,10,6,9,14.5,2.1,25,77,338,6.3,128,6.7,23.5,23.6,2,2,639.74,243.16,278.13,548.29,,,,,,,,,,,,,,,,,,,,,,,,,,,,,,,,,,,,,,,,,,,,,,,,,,,,,,,,,,,,,,,,,,,,,,,,,,,,,,,,,,,,,,,,,,,,,
Mathura,Uttar Pradesh,India,27.5,77.6833,Asia/Kolkata,1789110025,11/9/2026 12:30,1789122600,11/9/2026 16:00,31.9,89.3,1,Patchy rain nearby,http://cdn.weatherapi.com/weather/64x64/day/176.png,1063,7.6,12.2,47,NE,1005,29.67,0,0,0,58,74,36.2,97.2,31.9,89.3,36.4,97.6,22.6,72.6,0,11,0,0,10,6,9.9,16,0.7,25.1,77.2,367,9,112,5.5,19,19.1,2,2,542.66,211.55,140.25,486.6,,,,,,,,,,,,,,,,,,,,,,,,,,,,,,,,,,,,,,,,,,,,,,,,,,,,,,,,,,,,,,,,,,,,,,,,,,,,,,,,,,,,,,,,,,,,,
Mathura,Uttar Pradesh,India,27.5,77.6833,Asia/Kolkata,1789110025,11/9/2026 12:30,1789126200,11/9/2026 17:00,31.3,88.4,1,Patchy rain nearby,http://cdn.weatherapi.com/weather/64x64/day/176.png,1063,6.9,11.2,60,ENE,1005,29.67,0,0,0,62,78,36.1,97,31.3,88.4,36.2,97.2,23.2,73.7,0,12,0,0,10,6,11.7,18.8,0.2,25.4,77.6,397,11.8,98,5,18.7,18.8,2,2,469.04,184.84,71.66,431.73,,,,,,,,,,,,,,,,,,,,,,,,,,,,,,,,,,,,,,,,,,,,,,,,,,,,,,,,,,,,,,,,,,,,,,,,,,,,,,,,,,,,,,,,,,,,,
Mathura,Uttar Pradesh,India,27.5,77.6833,Asia/Kolkata,1789110025,11/9/2026 12:30,1789129800,11/9/2026 18:00,30.3,86.6,0,Patchy rain nearby,http://cdn.weatherapi.com/weather/64x64/night/176.png,1063,7.4,11.9,82,E,1005,29.68,0,0,0,68,98,35.3,95.5,30.3,86.6,35.3,95.5,23.7,74.7,0,17,0,0,10,6,13.2,21.3,0,25.5,77.8,427,15.1,88,5.9,20.8,20.8,2,2,0,0,0,0,,,,,,,,,,,,,,,,,,,,,,,,,,,,,,,,,,,,,,,,,,,,,,,,,,,,,,,,,,,,,,,,,,,,,,,,,,,,,,,,,,,,,,,,,,,,,
Mathura,Uttar Pradesh,India,27.5,77.6833,Asia/Kolkata,1789110025,11/9/2026 12:30,1789133400,11/9/2026 19:00,29.7,85.4,0,Patchy rain nearby,http://cdn.weatherapi.com/weather/64x64/night/176.png,1063,7.8,12.6,84,E,1006,29.7,0,0,0,71,97,34.6,94.3,29.7,85.4,34.5,94.2,23.9,75.1,0,26,0,0,10,6,16.2,26,0,25.5,77.8,459,18.6,81,7.6,22.1,22.2,2,2,0,0,0,0,,,,,,,,,,,,,,,,,,,,,,,,,,,,,,,,,,,,,,,,,,,,,,,,,,,,,,,,,,,,,,,,,,,,,,,,,,,,,,,,,,,,,,,,,,,,,
Mathura,Uttar Pradesh,India,27.5,77.6833,Asia/Kolkata,1789110025,11/9/2026 12:30,1789137000,11/9/2026 20:00,28.9,84,0,Overcast,http://cdn.weatherapi.com/weather/64x64/night/122.png,1009,10.7,17.3,74,ENE,1006,29.72,0,0,0,72,100,32.8,91,28.9,84,32.9,91.2,23.3,73.9,0,19,0,0,10,6,20.1,32.4,0,24.8,76.6,477,21,74,8.9,23.4,23.5,2,2,0,0,0,0,,,,,,,,,,,,,,,,,,,,,,,,,,,,,,,,,,,,,,,,,,,,,,,,,,,,,,,,,,,,,,,,,,,,,,,,,,,,,,,,,,,,,,,,,,,,,
Mathura,Uttar Pradesh,India,27.5,77.6833,Asia/Kolkata,1789110025,11/9/2026 12:30,1789140600,11/9/2026 21:00,28.1,82.5,0,Patchy rain nearby,http://cdn.weatherapi.com/weather/64x64/night/176.png,1063,10.5,16.9,73,ENE,1007,29.73,0,0,0,75,100,31.5,88.7,28.1,82.5,31.7,89.1,23.3,73.9,0,27,0,0,10,6,18.6,29.9,0,24.6,76.2,475,21.7,68,9.4,24.6,24.6,2,3,0,0,0,0,,,,,,,,,,,,,,,,,,,,,,,,,,,,,,,,,,,,,,,,,,,,,,,,,,,,,,,,,,,,,,,,,,,,,,,,,,,,,,,,,,,,,,,,,,,,,
Mathura,Uttar Pradesh,India,27.5,77.6833,Asia/Kolkata,1789110025,11/9/2026 12:30,1789144200,11/9/2026 22:00,27.8,82,0,Overcast,http://cdn.weatherapi.com/weather/64x64/night/122.png,1009,9.2,14.8,71,ENE,1007,29.74,0,0,0,78,100,31.3,88.3,27.8,82,31.6,88.9,23.6,74.6,0,22,0,0,10,6,18.8,30.3,0,24.8,76.6,459,21.4,63,9.6,25.4,25.4,2,3,0,0,0,0,,,,,,,,,,,,,,,,,,,,,,,,,,,,,,,,,,,,,,,,,,,,,,,,,,,,,,,,,,,,,,,,,,,,,,,,,,,,,,,,,,,,,,,,,,,,,
Mathura,Uttar Pradesh,India,27.5,77.6833,Asia/Kolkata,1789110025,11/9/2026 12:30,1789147800,11/9/2026 23:00,27.6,81.6,0,Overcast,http://cdn.weatherapi.com/weather/64x64/night/122.png,1009,8.3,13.3,78,ENE,1007,29.73,0,0,0,81,100,31.2,88.2,27.6,81.6,31.6,88.8,24,75.2,0,24,0,0,10,6,17.5,28.2,0,25,76.9,438,20.7,59,10,25,25.1,2,3,0,0,0,0,,,,,,,,,,,,,,,,,,,,,,,,,,,,,,,,,,,,,,,,,,,,,,,,,,,,,,,,,,,,,,,,,,,,,,,,,,,,,,,,,,,,,,,,,,,,,
Mathura,Uttar Pradesh,India,27.5,77.6833,Asia/Kolkata,1789110025,11/9/2026 12:30,1789151400,12/9/2026 0:00,27.3,81.1,0,Light rain shower,http://cdn.weatherapi.com/weather/64x64/night/353.png,1240,8.7,14,84,E,1007,29.73,0,0,0,83,98,30.7,87.3,27.3,81.1,31.2,88.1,24.1,75.3,0,41,0,0,10,6,19,30.6,0,24.9,76.8,407,19.8,55,10.8,24.1,24.1,2,3,0,0,0,0,,,,,,,,,,,,,,,,,,,,,,,,,,,,,,,,,,,,,,,,,,,,,,,,,,,,,,,,,,,,,,,,,,,,,,,,,,,,,,,,,,,,,,,,,,,,,
Mathura,Uttar Pradesh,India,27.5,77.6833,Asia/Kolkata,1789110025,11/9/2026 12:30,1789155000,12/9/2026 1:00,25.9,78.6,0,Light rain shower,http://cdn.weatherapi.com/weather/64x64/night/353.png,1240,5.6,9,77,ENE,1007,29.73,0,0,0,86,100,28.7,83.7,25.9,78.6,28.9,84,23.3,74,0,43,0,0,10,6,13.9,22.4,0,24,75.3,369,18.5,52,11.8,23.6,23.6,2,2,0,0,0,0,,,,,,,,,,,,,,,,,,,,,,,,,,,,,,,,,,,,,,,,,,,,,,,,,,,,,,,,,,,,,,,,,,,,,,,,,,,,,,,,,,,,,,,,,,,,,
Mathura,Uttar Pradesh,India,27.5,77.6833,Asia/Kolkata,1789110025,11/9/2026 12:30,1789158600,12/9/2026 2:00,25.9,78.6,0,Light rain shower,http://cdn.weatherapi.com/weather/64x64/night/353.png,1240,5.8,9.4,72,ENE,1006,29.72,0,0,0,88,100,28.9,84,25.9,78.6,29.1,84.4,23.8,74.8,0,41,0,0,10,6,14.6,23.4,0,24.3,75.8,344,17.5,50,12.4,23.2,23.2,2,2,0,0,0,0,,,,,,,,,,,,,,,,,,,,,,,,,,,,,,,,,,,,,,,,,,,,,,,,,,,,,,,,,,,,,,,,,,,,,,,,,,,,,,,,,,,,,,,,,,,,,
Mathura,Uttar Pradesh,India,27.5,77.6833,Asia/Kolkata,1789110025,11/9/2026 12:30,1789162200,12/9/2026 3:00,26,78.8,0,Patchy rain nearby,http://cdn.weatherapi.com/weather/64x64/night/176.png,1063,6,9.7,84,E,1006,29.72,0,0,0,88,100,28.9,84,26,78.8,29.3,84.7,23.9,74.9,0,39,0,0,10,6,18.8,30.3,0,24.4,76,341,17.4,47,12.6,22.4,22.4,2,2,0,0,0,0,,,,,,,,,,,,,,,,,,,,,,,,,,,,,,,,,,,,,,,,,,,,,,,,,,,,,,,,,,,,,,,,,,,,,,,,,,,,,,,,,,,,,,,,,,,,,
Mathura,Uttar Pradesh,India,27.5,77.6833,Asia/Kolkata,1789110025,11/9/2026 12:30,1789165800,12/9/2026 4:00,25.7,78.2,0,Patchy rain nearby,http://cdn.weatherapi.com/weather/64x64/night/176.png,1063,7.6,12.2,94,E,1007,29.72,0,0,0,85,100,28.1,82.6,25.7,78.2,28.4,83.2,23,73.4,0,35,0,0,10,6,19.5,31.4,0,23.8,74.8,350,17.5,45,12.6,21,21,2,2,0,0,0,0,,,,,,,,,,,,,,,,,,,,,,,,,,,,,,,,,,,,,,,,,,,,,,,,,,,,,,,,,,,,,,,,,,,,,,,,,,,,,,,,,,,,,,,,,,,,,
Mathura,Uttar Pradesh,India,27.5,77.6833,Asia/Kolkata,1789110025,11/9/2026 12:30,1789169400,12/9/2026 5:00,25.2,77.3,0,Overcast,http://cdn.weatherapi.com/weather/64x64/night/122.png,1009,8.1,13,91,E,1007,29.74,0,0,0,86,100,27.6,81.7,25.2,77.3,27.7,81.9,22.7,72.9,0,27,0,0,10,6,20.6,33.2,0,23.4,74.1,359,16.9,47,12,21.8,21.8,2,2,0,0,0,0,,,,,,,,,,,,,,,,,,,,,,,,,,,,,,,,,,,,,,,,,,,,,,,,,,,,,,,,,,,,,,,,,,,,,,,,,,,,,,,,,,,,,,,,,,,,,
Mathura,Uttar Pradesh,India,27.5,77.6833,Asia/Kolkata,1789110025,11/9/2026 12:30,1789173000,12/9/2026 6:00,24.9,76.8,1,Overcast,http://cdn.weatherapi.com/weather/64x64/day/122.png,1009,8.1,13,88,E,1008,29.76,0,0,0,87,100,27.5,81.5,24.9,76.8,27.4,81.3,22.7,72.8,0,28,0,0,10,6,20.8,33.5,0,23.3,73.9,370,14.8,56,10.7,23.2,23.2,2,2,0.52,0.34,0,0.5,,,,,,,,,,,,,,,,,,,,,,,,,,,,,,,,,,,,,,,,,,,,,,,,,,,,,,,,,,,,,,,,,,,,,,,,,,,,,,,,,,,,,,,,,,,,,
Mathura,Uttar Pradesh,India,27.5,77.6833,Asia/Kolkata,1789110025,11/9/2026 12:30,1789176600,12/9/2026 7:00,24.9,76.8,1,Overcast,http://cdn.weatherapi.com/weather/64x64/day/122.png,1009,7.6,12.2,85,E,1009,29.78,0,0,0,87,100,27.5,81.5,24.9,76.8,27.3,81.2,22.5,72.6,0,27,0,0,10,6,19.9,32.1,0.1,23.2,73.8,380,11.9,70,8.9,16.1,16.1,2,2,4.2,2.88,0,4.01,,,,,,,,,,,,,,,,,,,,,,,,,,,,,,,,,,,,,,,,,,,,,,,,,,,,,,,,,,,,,,,,,,,,,,,,,,,,,,,,,,,,,,,,,,,,,
Mathura,Uttar Pradesh,India,27.5,77.6833,Asia/Kolkata,1789110025,11/9/2026 12:30,1789180200,12/9/2026 8:00,25.1,77.2,1,Overcast,http://cdn.weatherapi.com/weather/64x64/day/122.png,1009,6.9,11.2,71,ENE,1009,29.8,0,0,0,87,93,28,82.4,25.1,77.2,27.7,81.8,22.7,72.9,0,26,0,0,10,6,19,30.6,0.3,23.4,74.1,378,9.2,85,7.3,15.4,15.4,1,2,10.68,7.28,0.01,10.2,,,,,,,,,,,,,,,,,,,,,,,,,,,,,,,,,,,,,,,,,,,,,,,,,,,,,,,,,,,,,,,,,,,,,,,,,,,,,,,,,,,,,,,,,,,,,
Mathura,Uttar Pradesh,India,27.5,77.6833,Asia/Kolkata,1789110025,11/9/2026 12:30,1789183800,12/9/2026 9:00,27.5,81.4,1,Partly Cloudy,http://cdn.weatherapi.com/weather/64x64/day/116.png,1003,9.6,15.5,71,ENE,1009,29.81,0,0,0,75,47,30.3,86.5,27.5,81.4,30.6,87.1,22.7,72.9,0,11,0,0,10,6,15.7,25.2,2.6,24,75.3,350,6.8,101,6,14.6,14.6,1,2,76.66,32.7,0.48,73.09,,,,,,,,,,,,,,,,,,,,,,,,,,,,,,,,,,,,,,,,,,,,,,,,,,,,,,,,,,,,,,,,,,,,,,,,,,,,,,,,,,,,,,,,,,,,,
Mathura,Uttar Pradesh,India,27.5,77.6833,Asia/Kolkata,1789110025,11/9/2026 12:30,1789187400,12/9/2026 10:00,30.2,86.4,1,Sunny,http://cdn.weatherapi.com/weather/64x64/day/113.png,1000,11,17.6,84,E,1009,29.8,0,0,0,64,22,34,93.2,30.2,86.4,34.1,93.4,22.5,72.5,0,5,0,0,10,6,14.8,23.8,7.2,24.6,76.3,308,4.5,117,4.8,15.9,16,2,2,195.16,59.21,3.11,185.64,,,,,,,,,,,,,,,,,,,,,,,,,,,,,,,,,,,,,,,,,,,,,,,,,,,,,,,,,,,,,,,,,,,,,,,,,,,,,,,,,,,,,,,,,,,,,
Mathura,Uttar Pradesh,India,27.5,77.6833,Asia/Kolkata,1789110025,11/9/2026 12:30,1789191000,12/9/2026 11:00,31.3,88.3,1,Partly Cloudy,http://cdn.weatherapi.com/weather/64x64/day/116.png,1003,12.1,19.4,87,E,1009,29.78,0,0,0,60,37,35.5,95.9,31.3,88.3,35.7,96.2,22.6,72.7,0,6,0,0,10,6,14.3,23.1,9.6,25,77,276,2.9,129,4,16.9,16.9,2,2,294.66,76.19,7.86,279.57,,,,,,,,,,,,,,,,,,,,,,,,,,,,,,,,,,,,,,,,,,,,,,,,,,,,,,,,,,,,,,,,,,,,,,,,,,,,,,,,,,,,,,,,,,,,,
Mathura,Uttar Pradesh,India,27.5,77.6833,Asia/Kolkata,1789110025,11/9/2026 12:30,1789194600,12/9/2026 12:00,32.1,89.7,1,Sunny,http://cdn.weatherapi.com/weather/64x64/day/113.png,1000,12.3,19.8,86,E,1008,29.76,0,0,0,55,19,35.8,96.4,32.1,89.7,36.2,97.1,21.9,71.5,0,3,0,0,10,6,14.3,23.1,10,24.7,76.5,259,2.2,134,3.7,13.5,13.5,1,2,840.78,175.57,686.94,648.33,,,,,,,,,,,,,,,,,,,,,,,,,,,,,,,,,,,,,,,,,,,,,,,,,,,,,,,,,,,,,,,,,,,,,,,,,,,,,,,,,,,,,,,,,,,,,
Mathura,Uttar Pradesh,India,27.5,77.6833,Asia/Kolkata,1789110025,11/9/2026 12:30,1789198200,12/9/2026 13:00,32.6,90.7,1,Sunny,http://cdn.weatherapi.com/weather/64x64/day/113.png,1000,11.9,19.1,83,E,1007,29.72,0,0,0,51,5,35.8,96.4,32.6,90.7,36.3,97.3,21.2,70.2,0,2,0,0,10,6,13.7,22.1,8.9,24.4,76,251,2.3,135,3.9,13.4,13.4,1,2,832.22,174.89,668.97,644.2,,,,,,,,,,,,,,,,,,,,,,,,,,,,,,,,,,,,,,,,,,,,,,,,,,,,,,,,,,,,,,,,,,,,,,,,,,,,,,,,,,,,,,,,,,,,,
Mathura,Uttar Pradesh,India,27.5,77.6833,Asia/Kolkata,1789110025,11/9/2026 12:30,1789201800,12/9/2026 14:00,32.5,90.5,1,Sunny,http://cdn.weatherapi.com/weather/64x64/day/113.png,1000,13.2,21.2,79,E,1006,29.7,0,0,0,53,5,36,96.8,32.5,90.5,36.5,97.7,21.6,70.8,0,2,0,0,10,6,14.5,23.4,6.6,24.6,76.3,256,3,133,4.1,13.4,13.4,1,2,803.52,167.7,607.49,630.62,,,,,,,,,,,,,,,,,,,,,,,,,,,,,,,,,,,,,,,,,,,,,,,,,,,,,,,,,,,,,,,,,,,,,,,,,,,,,,,,,,,,,,,,,,,,,
Mathura,Uttar Pradesh,India,27.5,77.6833,Asia/Kolkata,1789110025,11/9/2026 12:30,1789205400,12/9/2026 15:00,31.7,89.1,1,Sunny,http://cdn.weatherapi.com/weather/64x64/day/113.png,1000,13.6,22,73,ENE,1005,29.68,0,0,0,58,6,35.9,96.6,31.7,89.1,36.2,97.2,22.5,72.6,0,3,0,0,10,6,15.2,24.5,3.8,25,77.1,282,4.6,128,4.4,15.7,15.8,2,2,753.57,160.14,499.6,607.18,,,,,,,,,,,,,,,,,,,,,,,,,,,,,,,,,,,,,,,,,,,,,,,,,,,,,,,,,,,,,,,,,,,,,,,,,,,,,,,,,,,,,,,,,,,,,
Mathura,Uttar Pradesh,India,27.5,77.6833,Asia/Kolkata,1789110025,11/9/2026 12:30,1789209000,12/9/2026 16:00,31,87.8,1,Patchy rain nearby,http://cdn.weatherapi.com/weather/64x64/day/176.png,1063,12.3,19.8,64,ENE,1005,29.69,0,0,0,62,75,35.4,95.7,31,87.8,35.6,96,22.9,73.2,0,12,0,0,10,6,14.8,23.8,1.6,25.1,77.2,321,6.8,121,4.8,14.6,14.6,1,2,686.1,151.18,361.98,573.7,,,,,,,,,,,,,,,,,,,,,,,,,,,,,,,,,,,,,,,,,,,,,,,,,,,,,,,,,,,,,,,,,,,,,,,,,,,,,,,,,,,,,,,,,,,,,
Mathura,Uttar Pradesh,India,27.5,77.6833,Asia/Kolkata,1789110025,11/9/2026 12:30,1789212600,12/9/2026 17:00,30.1,86.2,1,Patchy rain nearby,http://cdn.weatherapi.com/weather/64x64/day/176.png,1063,10.5,16.9,51,NE,1006,29.7,0,0,0,68,72,34.9,94.8,30.1,86.2,34.9,94.8,23.6,74.5,0,21,0,0,10,6,14.6,23.5,0.4,25.3,77.6,352,9,113,5.3,13.9,14,1,2,606.51,139.09,224.89,528.54,,,,,,,,,,,,,,,,,,,,,,,,,,,,,,,,,,,,,,,,,,,,,,,,,,,,,,,,,,,,,,,,,,,,,,,,,,,,,,,,,,,,,,,,,,,,,
Mathura,Uttar Pradesh,India,27.5,77.6833,Asia/Kolkata,1789110025,11/9/2026 12:30,1789216200,12/9/2026 18:00,28.4,83.1,0,Patchy rain nearby,http://cdn.weatherapi.com/weather/64x64/night/176.png,1063,10.5,16.9,43,NE,1006,29.72,0,0,0,76,81,32.4,90.3,28.4,83.1,32.6,90.6,23.7,74.7,0,19,0,0,10,6,17.7,28.5,0,25,77,365,10.9,106,5.9,15.4,15.5,1,2,0,0,0,0,,,,,,,,,,,,,,,,,,,,,,,,,,,,,,,,,,,,,,,,,,,,,,,,,,,,,,,,,,,,,,,,,,,,,,,,,,,,,,,,,,,,,,,,,,,,,
Mathura,Uttar Pradesh,India,27.5,77.6833,Asia/Kolkata,1789110025,11/9/2026 12:30,1789219800,12/9/2026 19:00,27.8,82,0,Patchy rain nearby,http://cdn.weatherapi.com/weather/64x64/night/176.png,1063,8.7,14,37,NE,1007,29.74,0,0,0,79,77,31.4,88.5,27.8,82,31.7,89,23.8,74.9,0,20,0,0,10,6,17.7,28.4,0,24.9,76.8,370,12.8,99,6.6,14.8,14.9,1,2,0,0,0,0,,,,,,,,,,,,,,,,,,,,,,,,,,,,,,,,,,,,,,,,,,,,,,,,,,,,,,,,,,,,,,,,,,,,,,,,,,,,,,,,,,,,,,,,,,,,,
Mathura,Uttar Pradesh,India,27.5,77.6833,Asia/Kolkata,1789110025,11/9/2026 12:30,1789223400,12/9/2026 20:00,27.7,81.9,0,Patchy rain nearby,http://cdn.weatherapi.com/weather/64x64/night/176.png,1063,8.7,14,38,NE,1008,29.76,0,0,0,80,98,31.5,88.7,27.7,81.9,31.8,89.3,24.1,75.3,0,27,0,0,10,6,17.9,28.8,0,25,77.1,376,14.2,93,7.3,15.9,15.9,2,2,0,0,0,0,,,,,,,,,,,,,,,,,,,,,,,,,,,,,,,,,,,,,,,,,,,,,,,,,,,,,,,,,,,,,,,,,,,,,,,,,,,,,,,,,,,,,,,,,,,,,
Mathura,Uttar Pradesh,India,27.5,77.6833,Asia/Kolkata,1789110025,11/9/2026 12:30,1789227000,12/9/2026 21:00,27.8,82,0,Patchy rain nearby,http://cdn.weatherapi.com/weather/64x64/night/176.png,1063,8.3,13.3,47,NE,1008,29.77,0,0,0,82,100,31.8,89.2,27.8,82,32.1,89.8,24.4,75.9,0,29,0,0,10,6,18.1,29.2,0,25.3,77.5,389,15.1,90,8.2,17.7,17.7,2,2,0,0,0,0,,,,,,,,,,,,,,,,,,,,,,,,,,,,,,,,,,,,,,,,,,,,,,,,,,,,,,,,,,,,,,,,,,,,,,,,,,,,,,,,,,,,,,,,,,,,,
Mathura,Uttar Pradesh,India,27.5,77.6833,Asia/Kolkata,1789110025,11/9/2026 12:30,1789230600,12/9/2026 22:00,28.1,82.6,0,Patchy rain nearby,http://cdn.weatherapi.com/weather/64x64/night/176.png,1063,7.4,11.9,62,ENE,1008,29.77,0,0,0,80,100,32.4,90.3,28.1,82.6,32.6,90.7,24.4,76,0,27,0,0,10,6,19.3,31,0,25.4,77.7,403,15.6,87,9.2,18.6,18.6,2,2,0,0,0,0,,,,,,,,,,,,,,,,,,,,,,,,,,,,,,,,,,,,,,,,,,,,,,,,,,,,,,,,,,,,,,,,,,,,,,,,,,,,,,,,,,,,,,,,,,,,,
Mathura,Uttar Pradesh,India,27.5,77.6833,Asia/Kolkata,1789110025,11/9/2026 12:30,1789234200,12/9/2026 23:00,28.1,82.6,0,Patchy rain nearby,http://cdn.weatherapi.com/weather/64x64/night/176.png,1063,7.6,12.2,78,E,1008,29.77,0,0,0,78,100,32.1,89.8,28.1,82.6,32.3,90.1,24,75.1,0,24,0,0,10,6,19.9,32,0,25.1,77.1,405,15.7,84,10,18.6,18.6,2,2,0,0,0,0,,,,,,,,,,,,,,,,,,,,,,,,,,,,,,,,,,,,,,,,,,,,,,,,,,,,,,,,,,,,,,,,,,,,,,,,,,,,,,,,,,,,,,,,,,,,,
Mathura,Uttar Pradesh,India,27.5,77.6833,Asia/Kolkata,1789110025,11/9/2026 12:30,1789237800,13-09-2026 00:00:00,28,82.3,0,Overcast,http://cdn.weatherapi.com/weather/64x64/night/122.png,1009,5.4,8.6,111,ESE,1007,29.74,0,0,0,79,99,31.8,89.2,28,82.3,32.1,89.7,24,75.1,0,22,0,0,10,6,13.5,21.7,0,25,77,384,15.3,78,10.7,17.7,17.7,2,2,0,0,0,0,,,,,,,,,,,,,,,,,,,,,,,,,,,,,,,,,,,,,,,,,,,,,,,,,,,,,,,,,,,,,,,,,,,,,,,,,,,,,,,,,,,,,,,,,,,,,
Mathura,Uttar Pradesh,India,27.5,77.6833,Asia/Kolkata,1789110025,11/9/2026 12:30,1789241400,13-09-2026 01:00:00,27.6,81.6,0,Overcast,http://cdn.weatherapi.com/weather/64x64/night/122.png,1009,5.4,8.6,103,ESE,1007,29.73,0,0,0,79,97,30.9,87.6,27.6,81.6,31.3,88.3,23.6,74.5,0,22,0,0,10,6,13.3,21.4,0,24.7,76.4,352,14.5,72,11.4,17.2,17.2,2,2,0,0,0,0,,,,,,,,,,,,,,,,,,,,,,,,,,,,,,,,,,,,,,,,,,,,,,,,,,,,,,,,,,,,,,,,,,,,,,,,,,,,,,,,,,,,,,,,,,,,,
Mathura,Uttar Pradesh,India,27.5,77.6833,Asia/Kolkata,1789110025,11/9/2026 12:30,1789245000,13-09-2026 02:00:00,27.3,81.1,0,Overcast,http://cdn.weatherapi.com/weather/64x64/night/122.png,1009,4.3,6.8,99,E,1006,29.72,0,0,0,80,100,30.4,86.7,27.3,81.2,30.9,87.6,23.6,74.4,0,23,0,0,10,6,10.1,16.2,0,24.6,76.2,324,13.8,66,11.5,15.8,15.9,2,2,0,0,0,0,,,,,,,,,,,,,,,,,,,,,,,,,,,,,,,,,,,,,,,,,,,,,,,,,,,,,,,,,,,,,,,,,,,,,,,,,,,,,,,,,,,,,,,,,,,,,
Mathura,Uttar Pradesh,India,27.5,77.6833,Asia/Kolkata,1789110025,11/9/2026 12:30,1789248600,13-09-2026 03:00:00,27.1,80.7,0,Overcast,http://cdn.weatherapi.com/weather/64x64/night/122.png,1009,4.7,7.6,98,E,1006,29.71,0,0,0,82,95,30,86,27.1,80.7,30.6,87,23.6,74.5,0,23,0,0,10,6,11,17.7,0,24.5,76.2,308,13.7,61,10.9,14.2,14.2,1,2,0,0,0,0,,,,,,,,,,,,,,,,,,,,,,,,,,,,,,,,,,,,,,,,,,,,,,,,,,,,,,,,,,,,,,,,,,,,,,,,,,,,,,,,,,,,,,,,,,,,,
Mathura,Uttar Pradesh,India,27.5,77.6833,Asia/Kolkata,1789110025,11/9/2026 12:30,1789252200,13-09-2026 04:00:00,26.9,80.4,0,Overcast,http://cdn.weatherapi.com/weather/64x64/night/122.png,1009,5.1,8.3,90,E,1006,29.72,0,0,0,83,90,29.9,85.8,26.9,80.4,30.5,86.9,23.8,74.9,0,23,0,0,10,6,11.5,18.4,0,24.7,76.4,297,13.7,57,9.8,13.2,13.2,1,2,0,0,0,0,,,,,,,,,,,,,,,,,,,,,,,,,,,,,,,,,,,,,,,,,,,,,,,,,,,,,,,,,,,,,,,,,,,,,,,,,,,,,,,,,,,,,,,,,,,,,
Mathura,Uttar Pradesh,India,27.5,77.6833,Asia/Kolkata,1789110025,11/9/2026 12:30,1789255800,13-09-2026 05:00:00,26.8,80.3,0,Cloudy,http://cdn.weatherapi.com/weather/64x64/night/119.png,1006,5.4,8.6,85,E,1007,29.74,0,0,0,85,83,29.9,85.8,26.8,80.3,30.5,87,24.1,75.3,0,23,0,0,10,6,11.7,18.8,0,24.8,76.6,291,13.3,56,8.8,12.5,12.6,1,2,0,0,0,0,,,,,,,,,,,,,,,,,,,,,,,,,,,,,,,,,,,,,,,,,,,,,,,,,,,,,,,,,,,,,,,,,,,,,,,,,,,,,,,,,,,,,,,,,,,,,
Mathura,Uttar Pradesh,India,27.5,77.6833,Asia/Kolkata,1789110025,11/9/2026 12:30,1789259400,13-09-2026 06:00:00,26.8,80.3,1,Overcast,http://cdn.weatherapi.com/weather/64x64/day/122.png,1009,5.6,9,85,E,1008,29.76,0,0,0,86,100,30,86,26.8,80.3,30.6,87.1,24.2,75.6,0,27,0,0,10,6,13.3,21.3,0,24.9,76.8,293,12,59,8.2,13.2,13.3,1,2,5.1,2.84,0,4.87,,,,,,,,,,,,,,,,,,,,,,,,,,,,,,,,,,,,,,,,,,,,,,,,,,,,,,,,,,,,,,,,,,,,,,,,,,,,,,,,,,,,,,,,,,,,,
Mathura,Uttar Pradesh,India,27.5,77.6833,Asia/Kolkata,1789110025,11/9/2026 12:30,1789263000,13-09-2026 07:00:00,27.3,81.1,1,Overcast,http://cdn.weatherapi.com/weather/64x64/day/122.png,1009,8.5,13.7,86,E,1008,29.78,0,0,0,80,100,30.3,86.5,27.3,81.1,30.8,87.4,23.4,74.2,0,23,0,0,10,6,16.2,26.1,0.6,24.5,76.1,300,10.2,66,7.8,12.2,12.3,1,2,57.42,25.83,0.27,54.76,,,,,,,,,,,,,,,,,,,,,,,,,,,,,,,,,,,,,,,,,,,,,,,,,,,,,,,,,,,,,,,,,,,,,,,,,,,,,,,,,,,,,,,,,,,,,
Mathura,Uttar Pradesh,India,27.5,77.6833,Asia/Kolkata,1789110025,11/9/2026 12:30,1789266600,13-09-2026 08:00:00,28.6,83.5,1,Overcast,http://cdn.weatherapi.com/weather/64x64/day/122.png,1009,10.7,17.3,91,E,1009,29.79,0,0,0,72,100,32.2,90,28.6,83.5,32.3,90.2,23.1,73.5,0,19,0,0,10,6,16.6,26.7,2.1,24.6,76.2,299,8.3,76,7.5,13.4,13.6,1,2,141.74,49.7,1.64,134.97,,,,,,,,,,,,,,,,,,,,,,,,,,,,,,,,,,,,,,,,,,,,,,,,,,,,,,,,,,,,,,,,,,,,,,,,,,,,,,,,,,,,,,,,,,,,,
Mathura,Uttar Pradesh,India,27.5,77.6833,Asia/Kolkata,1789110025,11/9/2026 12:30,1789270200,13-09-2026 09:00:00,30,85.9,1,Sunny,http://cdn.weatherapi.com/weather/64x64/day/113.png,1000,13.4,21.6,88,E,1009,29.81,0,0,0,65,5,33.7,92.7,30,85.9,33.9,93,22.6,72.7,0,4,0,0,10,6,18.6,30,4.4,24.6,76.3,280,6.2,92,7.2,13.4,13.7,1,2,234.3,69.1,4.48,222.7,,,,,,,,,,,,,,,,,,,,,,,,,,,,,,,,,,,,,,,,,,,,,,,,,,,,,,,,,,,,,,,,,,,,,,,,,,,,,,,,,,,,,,,,,,,,,
Mathura,Uttar Pradesh,India,27.5,77.6833,Asia/Kolkata,1789110025,11/9/2026 12:30,1789273800,13-09-2026 10:00:00,31.3,88.3,1,Sunny,http://cdn.weatherapi.com/weather/64x64/day/113.png,1000,13.4,21.6,90,E,1009,29.8,0,0,0,60,5,35.4,95.7,31.3,88.3,35.7,96.2,22.6,72.7,0,3,0,0,10,6,17.4,28.1,7,25,76.9,253,3.9,112,6.9,13.8,14.4,1,2,323.41,84.47,11.49,306.21,,,,,,,,,,,,,,,,,,,,,,,,,,,,,,,,,,,,,,,,,,,,,,,,,,,,,,,,,,,,,,,,,,,,,,,,,,,,,,,,,,,,,,,,,,,,,
Mathura,Uttar Pradesh,India,27.5,77.6833,Asia/Kolkata,1789110025,11/9/2026 12:30,1789277400,13-09-2026 11:00:00,32.5,90.4,1,Sunny,http://cdn.weatherapi.com/weather/64x64/day/113.png,1000,13.2,21.2,92,E,1009,29.79,0,0,0,55,23,36.7,98.1,32.5,90.4,37.1,98.8,22.4,72.3,0,4,0,0,10,6,17.3,27.8,8.9,25.1,77.2,233,2.3,127,6.7,14.4,15.3,1,2,401.84,96.93,33.4,376.17,,,,,,,,,,,,,,,,,,,,,,,,,,,,,,,,,,,,,,,,,,,,,,,,,,,,,,,,,,,,,,,,,,,,,,,,,,,,,,,,,,,,,,,,,,,,,
Mathura,Uttar Pradesh,India,27.5,77.6833,Asia/Kolkata,1789110025,11/9/2026 12:30,1789281000,13-09-2026 12:00:00,33.3,92,1,Partly Cloudy,http://cdn.weatherapi.com/weather/64x64/day/116.png,1003,13.4,21.6,90,E,1008,29.76,0,0,0,51,57,37.3,99.1,33.3,92,37.9,100.1,21.9,71.4,0,6,0,0,10,6,17.2,27.7,9.6,25.1,77.1,227,1.5,136,6.6,14.6,15.8,1,2,843.54,171.38,692.68,649.67,,,,,,,,,,,,,,,,,,,,,,,,,,,,,,,,,,,,,,,,,,,,,,,,,,,,,,,,,,,,,,,,,,,,,,,,,,,,,,,,,,,,,,,,,,,,,
Mathura,Uttar Pradesh,India,27.5,77.6833,Asia/Kolkata,1789110025,11/9/2026 12:30,1789284600,13-09-2026 13:00:00,33.6,92.4,1,Patchy rain nearby,http://cdn.weatherapi.com/weather/64x64/day/176.png,1063,13.9,22.3,92,E,1007,29.74,0,0,0,50,84,37.3,99.1,33.6,92.4,37.9,100.2,21.6,70.8,0,17,0,0,10,6,17,27.4,7.9,24.9,76.8,228,1.4,141,6.6,15.4,16.5,1,2,785.08,222.35,567.52,622,,,,,,,,,,,,,,,,,,,,,,,,,,,,,,,,,,,,,,,,,,,,,,,,,,,,,,,,,,,,,,,,,,,,,,,,,,,,,,,,,,,,,,,,,,,,,
Mathura,Uttar Pradesh,India,27.5,77.6833,Asia/Kolkata,1789110025,11/9/2026 12:30,1789288200,13-09-2026 14:00:00,33,91.3,1,Overcast,http://cdn.weatherapi.com/weather/64x64/day/122.png,1009,11.4,18.4,82,E,1006,29.71,0,0,0,52,100,36.7,98.1,33,91.3,37.2,98.9,21.7,71.1,0,12,0,0,10,6,15.3,24.6,3.4,24.8,76.7,234,1.9,141,6.7,16,17.2,2,2,650.26,213.25,296.22,554.26,,,,,,,,,,,,,,,,,,,,,,,,,,,,,,,,,,,,,,,,,,,,,,,,,,,,,,,,,,,,,,,,,,,,,,,,,,,,,,,,,,,,,,,,,,,,,
Mathura,Uttar Pradesh,India,27.5,77.6833,Asia/Kolkata,1789110025,11/9/2026 12:30,1789291800,13-09-2026 15:00:00,31.6,88.8,1,Patchy rain nearby,http://cdn.weatherapi.com/weather/64x64/day/176.png,1063,8.7,14,68,ENE,1006,29.7,0,0,0,58,100,35.5,95.9,31.6,88.8,35.8,96.5,22.3,72.2,0,16,0,0,10,6,16,25.7,1,24.9,76.7,245,3.5,135,6.7,16.5,17.8,2,2,519.01,178.79,114.91,469.71,,,,,,,,,,,,,,,,,,,,,,,,,,,,,,,,,,,,,,,,,,,,,,,,,,,,,,,,,,,,,,,,,,,,,,,,,,,,,,,,,,,,,,,,,,,,,
Mathura,Uttar Pradesh,India,27.5,77.6833,Asia/Kolkata,1789110025,11/9/2026 12:30,1789295400,13-09-2026 16:00:00,31,87.8,1,Patchy rain nearby,http://cdn.weatherapi.com/weather/64x64/day/176.png,1063,9.4,15.1,74,ENE,1006,29.69,0,0,0,62,63,35.3,95.5,31,87.8,35.4,95.8,22.8,73,0,10,0,0,10,6,18.2,29.2,0.5,25,77,261,5.8,124,6.8,17.6,18.9,2,2,434.27,154.45,49.24,403.57,,,,,,,,,,,,,,,,,,,,,,,,,,,,,,,,,,,,,,,,,,,,,,,,,,,,,,,,,,,,,,,,,,,,,,,,,,,,,,,,,,,,,,,,,,,,,
Mathura,Uttar Pradesh,India,27.5,77.6833,Asia/Kolkata,1789110025,11/9/2026 12:30,1789299000,13-09-2026 17:00:00,30.8,87.5,1,Partly Cloudy,http://cdn.weatherapi.com/weather/64x64/day/116.png,1003,8.7,14,75,ENE,1006,29.7,0,0,0,62,38,35.1,95.2,30.8,87.5,35.2,95.4,22.8,73.1,0,6,0,0,10,6,16.6,26.7,0.2,25,77,276,7.8,115,7.2,19.1,20.1,2,2,386.56,139.28,27.45,362.92,,,,,,,,,,,,,,,,,,,,,,,,,,,,,,,,,,,,,,,,,,,,,,,,,,,,,,,,,,,,,,,,,,,,,,,,,,,,,,,,,,,,,,,,,,,,,
Mathura,Uttar Pradesh,India,27.5,77.6833,Asia/Kolkata,1789110025,11/9/2026 12:30,1789302600,13-09-2026 18:00:00,30.5,87,0,Partly Cloudy,http://cdn.weatherapi.com/weather/64x64/night/116.png,1003,7.6,12.2,58,ENE,1006,29.72,0,0,0,68,45,35.7,96.3,30.5,87,35.7,96.3,23.9,74.9,0,8,0,0,10,6,17,27.4,0,25.6,78.1,289,9.3,109,8,20.5,21.2,2,2,0,0,0,0,,,,,,,,,,,,,,,,,,,,,,,,,,,,,,,,,,,,,,,,,,,,,,,,,,,,,,,,,,,,,,,,,,,,,,,,,,,,,,,,,,,,,,,,,,,,,
Mathura,Uttar Pradesh,India,27.5,77.6833,Asia/Kolkata,1789110025,11/9/2026 12:30,1789306200,13-09-2026 19:00:00,30.1,86.2,0,Overcast,http://cdn.weatherapi.com/weather/64x64/night/122.png,1009,7.6,12.2,57,ENE,1007,29.74,0,0,0,69,96,35.1,95.2,30.1,86.2,35,95.1,23.8,74.8,0,16,0,0,10,6,17.9,28.8,0,25.4,77.8,301,10.4,104,9.2,21.2,21.8,2,2,0,0,0,0,,,,,,,,,,,,,,,,,,,,,,,,,,,,,,,,,,,,,,,,,,,,,,,,,,,,,,,,,,,,,,,,,,,,,,,,,,,,,,,,,,,,,,,,,,,,,
Mathura,Uttar Pradesh,India,27.5,77.6833,Asia/Kolkata,1789110025,11/9/2026 12:30,1789309800,13-09-2026 20:00:00,29.8,85.7,0,Partly Cloudy,http://cdn.weatherapi.com/weather/64x64/night/116.png,1003,7.8,12.6,69,ENE,1008,29.76,0,0,0,68,55,34.2,93.6,29.9,85.7,34.3,93.7,23.3,73.9,0,9,0,0,10,6,18.6,30,0,25.1,77.1,310,11.2,100,10.3,21.1,21.5,2,2,0,0,0,0,,,,,,,,,,,,,,,,,,,,,,,,,,,,,,,,,,,,,,,,,,,,,,,,,,,,,,,,,,,,,,,,,,,,,,,,,,,,,,,,,,,,,,,,,,,,,
Mathura,Uttar Pradesh,India,27.5,77.6833,Asia/Kolkata,1789110025,11/9/2026 12:30,1789313400,13-09-2026 21:00:00,29.4,84.9,0,Overcast,http://cdn.weatherapi.com/weather/64x64/night/122.png,1009,7.4,11.9,81,E,1009,29.78,0,0,0,70,100,33.8,92.8,29.4,84.9,33.8,92.8,23.5,74.3,0,18,0,0,10,6,20.2,32.4,0,25.1,77.1,316,11.3,96,11.6,20.6,21,2,2,0,0,0,0,,,,,,,,,,,,,,,,,,,,,,,,,,,,,,,,,,,,,,,,,,,,,,,,,,,,,,,,,,,,,,,,,,,,,,,,,,,,,,,,,,,,,,,,,,,,,
Mathura,Uttar Pradesh,India,27.5,77.6833,Asia/Kolkata,1789110025,11/9/2026 12:30,1789317000,13-09-2026 22:00:00,29.6,85.3,0,Patchy rain nearby,http://cdn.weatherapi.com/weather/64x64/night/176.png,1063,7.6,12.2,90,E,1009,29.78,0,0,0,68,100,33.7,92.7,29.6,85.3,33.8,92.8,23.1,73.6,0,19,0,0,10,6,20.4,32.9,0,24.9,76.8,320,11,94,12.8,19.4,19.7,2,2,0,0,0,0,,,,,,,,,,,,,,,,,,,,,,,,,,,,,,,,,,,,,,,,,,,,,,,,,,,,,,,,,,,,,,,,,,,,,,,,,,,,,,,,,,,,,,,,,,,,,
Mathura,Uttar Pradesh,India,27.5,77.6833,Asia/Kolkata,1789110025,11/9/2026 12:30,1789320600,13-09-2026 23:00:00,29.2,84.6,0,Overcast,http://cdn.weatherapi.com/weather/64x64/night/122.png,1009,7.6,12.2,100,E,1008,29.77,0,0,0,69,100,32.9,91.2,29.2,84.6,33,91.4,22.8,73.1,0,17,0,0,10,6,19,30.6,0,24.6,76.3,318,10.7,90,13.4,17.6,18,2,2,0,0,0,0,,,,,,,,,,,,,,,,,,,,,,,,,,,,,,,,,,,,,,,,,,,,,,,,,,,,,,,,,,,,,,,,,,,,,,,,,,,,,,,,,,,,,,,,,,,,,
Mathura,Uttar Pradesh,India,27.5,77.6833,Asia/Kolkata,1789110025,11/9/2026 12:30,1789324200,14-09-2026 00:00:00,28.8,83.9,0,Overcast,http://cdn.weatherapi.com/weather/64x64/night/122.png,1009,7.2,11.5,103,ESE,1008,29.77,0,0,0,71,100,32.5,90.5,28.8,83.9,32.6,90.7,23,73.4,0,18,0,0,10,6,19.3,31,0,24.6,76.2,307,10.6,85,12.8,16.4,16.9,2,2,0,0,0,0,,,,,,,,,,,,,,,,,,,,,,,,,,,,,,,,,,,,,,,,,,,,,,,,,,,,,,,,,,,,,,,,,,,,,,,,,,,,,,,,,,,,,,,,,,,,,
Mathura,Uttar Pradesh,India,27.5,77.6833,Asia/Kolkata,1789110025,11/9/2026 12:30,1789327800,14-09-2026 01:00:00,28.2,82.7,0,Patchy rain nearby,http://cdn.weatherapi.com/weather/64x64/night/176.png,1063,6.7,10.8,101,ESE,1008,29.76,0,0,0,75,100,31.8,89.2,28.2,82.7,32,89.5,23.4,74,0,22,0,0,10,6,18.4,29.6,0,24.7,76.4,290,10.5,79,11.4,16.1,16.6,2,2,0,0,0,0,,,,,,,,,,,,,,,,,,,,,,,,,,,,,,,,,,,,,,,,,,,,,,,,,,,,,,,,,,,,,,,,,,,,,,,,,,,,,,,,,,,,,,,,,,,,,
Mathura,Uttar Pradesh,India,27.5,77.6833,Asia/Kolkata,1789110025,11/9/2026 12:30,1789331400,14-09-2026 02:00:00,27.8,82,0,Overcast,http://cdn.weatherapi.com/weather/64x64/night/122.png,1009,6.5,10.4,97,E,1007,29.74,0,0,0,77,100,31.2,88.2,27.8,82,31.4,88.6,23.5,74.2,0,22,0,0,10,6,17.7,28.4,0,24.6,76.3,275,10.2,75,10.1,16,16.5,2,2,0,0,0,0,,,,,,,,,,,,,,,,,,,,,,,,,,,,,,,,,,,,,,,,,,,,,,,,,,,,,,,,,,,,,,,,,,,,,,,,,,,,,,,,,,,,,,,,,,,,,
Mathura,Uttar Pradesh,India,27.5,77.6833,Asia/Kolkata,1789110025,11/9/2026 12:30,1789335000,14-09-2026 03:00:00,27.3,81.2,0,Clear,http://cdn.weatherapi.com/weather/64x64/night/113.png,1000,6.7,10.8,95,E,1007,29.74,0,0,0,79,16,30.4,86.7,27.3,81.2,30.8,87.4,23.3,74,0,10,0,0,10,6,17.2,27.8,0,24.4,75.9,265,9.4,75,8.9,15.7,16.1,2,2,0,0,0,0,,,,,,,,,,,,,,,,,,,,,,,,,,,,,,,,,,,,,,,,,,,,,,,,,,,,,,,,,,,,,,,,,,,,,,,,,,,,,,,,,,,,,,,,,,,,,
Mathura,Uttar Pradesh,India,27.5,77.6833,Asia/Kolkata,1789110025,11/9/2026 12:30,1789338600,14-09-2026 04:00:00,26.9,80.5,0,Clear,http://cdn.weatherapi.com/weather/64x64/night/113.png,1000,7.2,11.5,93,E,1007,29.74,0,0,0,80,6,29.6,85.3,26.9,80.5,30.1,86.2,23.1,73.6,0,9,0,0,10,6,17.2,27.7,0,24.2,75.5,257,8.3,77,7.8,14.4,14.8,1,2,0,0,0,0,,,,,,,,,,,,,,,,,,,,,,,,,,,,,,,,,,,,,,,,,,,,,,,,,,,,,,,,,,,,,,,,,,,,,,,,,,,,,,,,,,,,,,,,,,,,,
Mathura,Uttar Pradesh,India,27.5,77.6833,Asia/Kolkata,1789110025,11/9/2026 12:30,1789342200,14-09-2026 05:00:00,26.6,79.9,0,Clear,http://cdn.weatherapi.com/weather/64x64/night/113.png,1000,7.2,11.5,95,E,1008,29.76,0,0,0,81,11,29.1,84.4,26.6,79.9,29.7,85.4,23.1,73.5,0,10,0,0,10,6,17.2,27.7,0,24,75.3,253,7.6,78,7.2,13,13.3,1,2,0,0,0,0,,,,,,,,,,,,,,,,,,,,,,,,,,,,,,,,,,,,,,,,,,,,,,,,,,,,,,,,,,,,,,,,,,,,,,,,,,,,,,,,,,,,,,,,,,,,,
Mathura,Uttar Pradesh,India,27.5,77.6833,Asia/Kolkata,1789110025,11/9/2026 12:30,1789345800,14-09-2026 06:00:00,26.3,79.4,1,Sunny,http://cdn.weatherapi.com/weather/64x64/day/113.png,1000,6.7,10.8,95,E,1008,29.78,0,0,0,83,5,28.8,83.8,26.3,79.4,29.3,84.8,23.1,73.6,0,10,0,0,10,6,16.6,26.7,0,24,75.2,258,7.9,77,7.5,13.4,13.7,1,2,5.1,2.86,0,4.87,,,,,,,,,,,,,,,,,,,,,,,,,,,,,,,,,,,,,,,,,,,,,,,,,,,,,,,,,,,,,,,,,,,,,,,,,,,,,,,,,,,,,,,,,,,,,
Mathura,Uttar Pradesh,India,27.5,77.6833,Asia/Kolkata,1789110025,11/9/2026 12:30,1789349400,14-09-2026 07:00:00,26.8,80.3,1,Sunny,http://cdn.weatherapi.com/weather/64x64/day/113.png,1000,8.5,13.7,98,E,1009,29.8,0,0,0,78,4,29.2,84.6,26.8,80.3,29.8,85.6,22.7,72.9,0,8,0,0,10,6,15.9,25.6,0.6,23.9,74.9,268,8.5,76,8.2,13.8,14.1,1,2,56.64,25.66,0.26,54.02,,,,,,,,,,,,,,,,,,,,,,,,,,,,,,,,,,,,,,,,,,,,,,,,,,,,,,,,,,,,,,,,,,,,,,,,,,,,,,,,,,,,,,,,,,,,,
Mathura,Uttar Pradesh,India,27.5,77.6833,Asia/Kolkata,1789110025,11/9/2026 12:30,1789353000,14-09-2026 08:00:00,28.4,83.1,1,Sunny,http://cdn.weatherapi.com/weather/64x64/day/113.png,1000,9.8,15.8,103,ESE,1010,29.82,0,0,0,71,15,31.6,88.9,28.4,83.1,31.8,89.2,22.7,72.8,0,7,0,0,10,6,14.5,23.4,2,24.3,75.7,272,8.5,78,8.8,13.9,14.1,1,2,140.38,49.82,1.61,133.67,,,,,,,,,,,,,,,,,,,,,,,,,,,,,,,,,,,,,,,,,,,,,,,,,,,,,,,,,,,,,,,,,,,,,,,,,,,,,,,,,,,,,,,,,,,,,
Mathura,Uttar Pradesh,India,27.5,77.6833,Asia/Kolkata,1789110025,11/9/2026 12:30,1789356600,14-09-2026 09:00:00,29.8,85.6,1,Sunny,http://cdn.weatherapi.com/weather/64x64/day/113.png,1000,10.7,17.3,104,ESE,1010,29.82,0,0,0,65,4,33.5,92.3,29.8,85.6,33.6,92.5,22.6,72.6,0,4,0,0,10,6,13.9,22.4,4.3,24.5,76.2,266,7,86,9.1,11.1,11.2,1,1,231.5,71.34,4.37,220.05,,,,,,,,,,,,,,,,,,,,,,,,,,,,,,,,,,,,,,,,,,,,,,,,,,,,,,,,,,,,,,,,,,,,,,,,,,,,,,,,,,,,,,,,,,,,,
Mathura,Uttar Pradesh,India,27.5,77.6833,Asia/Kolkata,1789110025,11/9/2026 12:30,1789360200,14-09-2026 10:00:00,31,87.8,1,Sunny,http://cdn.weatherapi.com/weather/64x64/day/113.png,1000,11.2,18,105,ESE,1009,29.81,0,0,0,60,16,34.9,94.8,31,87.8,35.1,95.3,22.4,72.3,0,4,0,0,10,6,13.7,22,6.9,24.8,76.6,254,4.9,97,9.2,8.5,8.6,1,1,320.3,87.21,11.01,303.35,,,,,,,,,,,,,,,,,,,,,,,,,,,,,,,,,,,,,,,,,,,,,,,,,,,,,,,,,,,,,,,,,,,,,,,,,,,,,,,,,,,,,,,,,,,,,
Mathura,Uttar Pradesh,India,27.5,77.6833,Asia/Kolkata,1789110025,11/9/2026 12:30,1789363800,14-09-2026 11:00:00,31.1,88,1,Overcast,http://cdn.weatherapi.com/weather/64x64/day/122.png,1009,7.8,12.6,115,ESE,1009,29.79,0,0,0,60,95,35,95,31.1,88,35.3,95.5,22.4,72.2,0,13,0,0,10,6,9.2,14.8,8.8,24.8,76.6,245,3.5,105,8.9,7.4,7.5,1,1,398.64,100.06,32.07,373.41,,,,,,,,,,,,,,,,,,,,,,,,,,,,,,,,,,,,,,,,,,,,,,,,,,,,,,,,,,,,,,,,,,,,,,,,,,,,,,,,,,,,,,,,,,,,,
Mathura,Uttar Pradesh,India,27.5,77.6833,Asia/Kolkata,1789110025,11/9/2026 12:30,1789367400,14-09-2026 12:00:00,32.7,90.9,1,Patchy rain nearby,http://cdn.weatherapi.com/weather/64x64/day/176.png,1063,9.4,15.1,91,E,1008,29.77,0,0,0,54,100,36.9,98.4,32.7,90.9,37.3,99.2,22.2,72,0,13,0,0,10,6,11.5,18.4,8.5,25.1,77.2,237,3.4,106,8,7.8,7.8,1,1,744.42,291.45,480.16,602.82,,,,,,,,,,,,,,,,,,,,,,,,,,,,,,,,,,,,,,,,,,,,,,,,,,,,,,,,,,,,,,,,,,,,,,,,,,,,,,,,,,,,,,,,,,,,,
Mathura,Uttar Pradesh,India,27.5,77.6833,Asia/Kolkata,1789110025,11/9/2026 12:30,1789371000,14-09-2026 13:00:00,33.1,91.5,1,Patchy rain nearby,http://cdn.weatherapi.com/weather/64x64/day/176.png,1063,9.2,14.8,89,E,1007,29.74,0,0,0,52,100,36.9,98.4,33.1,91.5,37.4,99.4,21.8,71.3,0,17,0,0,10,6,10.8,17.4,5.7,24.9,76.9,231,4.2,105,6.8,8.3,8.3,1,1,640.52,270.45,279.45,548.74,,,,,,,,,,,,,,,,,,,,,,,,,,,,,,,,,,,,,,,,,,,,,,,,,,,,,,,,,,,,,,,,,,,,,,,,,,,,,,,,,,,,,,,,,,,,,
Mathura,Uttar Pradesh,India,27.5,77.6833,Asia/Kolkata,1789110025,11/9/2026 12:30,1789374600,14-09-2026 14:00:00,32.5,90.5,1,Overcast,http://cdn.weatherapi.com/weather/64x64/day/122.png,1009,8.9,14.4,98,E,1006,29.71,0,0,0,54,98,36.5,97.7,32.5,90.5,36.9,98.4,22.1,71.7,0,12,0,0,10,6,15.7,25.2,2.5,24.9,76.9,236,5.4,101,5.9,9.1,9.1,1,1,510,228.49,106.1,463.09,,,,,,,,,,,,,,,,,,,,,,,,,,,,,,,,,,,,,,,,,,,,,,,,,,,,,,,,,,,,,,,,,,,,,,,,,,,,,,,,,,,,,,,,,,,,,
Mathura,Uttar Pradesh,India,27.5,77.6833,Asia/Kolkata,1789110025,11/9/2026 12:30,1789378200,14-09-2026 15:00:00,31.6,88.9,1,Patchy rain nearby,http://cdn.weatherapi.com/weather/64x64/day/176.png,1063,6.5,10.4,122,ESE,1006,29.7,0,0,0,59,99,35.8,96.4,31.6,88.9,36.1,97,22.6,72.7,0,14,0,0,10,6,10.3,16.6,1.5,25,77.1,263,7.4,96,5.6,10.4,10.4,1,1,434.53,201.18,49.39,403.79,,,,,,,,,,,,,,,,,,,,,,,,,,,,,,,,,,,,,,,,,,,,,,,,,,,,,,,,,,,,,,,,,,,,,,,,,,,,,,,,,,,,,,,,,,,,,
Mathura,Uttar Pradesh,India,27.5,77.6833,Asia/Kolkata,1789110025,11/9/2026 12:30,1789381800,14-09-2026 16:00:00,31,87.7,1,Cloudy,http://cdn.weatherapi.com/weather/64x64/day/119.png,1006,6.5,10.4,131,SE,1006,29.7,0,0,0,62,87,35.3,95.5,31,87.7,35.4,95.8,22.8,73.1,0,12,0,0,10,6,11.2,18,0.7,25,77.1,302,9.8,89,5.6,10.8,10.9,1,1,377.71,178.26,24.42,355.15,,,,,,,,,,,,,,,,,,,,,,,,,,,,,,,,,,,,,,,,,,,,,,,,,,,,,,,,,,,,,,,,,,,,,,,,,,,,,,,,,,,,,,,,,,,,,
Mathura,Uttar Pradesh,India,27.5,77.6833,Asia/Kolkata,1789110025,11/9/2026 12:30,1789385400,14-09-2026 17:00:00,30.3,86.5,1,Overcast,http://cdn.weatherapi.com/weather/64x64/day/122.png,1009,5.8,9.4,94,E,1006,29.7,0,0,0,64,100,34.4,93.9,30.3,86.5,34.5,94.1,22.8,73.1,0,15,0,0,10,6,9,14.5,0.2,24.9,76.7,328,12,83,5.7,11.1,11.2,1,1,327.79,155.89,12.22,310.23,,,,,,,,,,,,,,,,,,,,,,,,,,,,,,,,,,,,,,,,,,,,,,,,,,,,,,,,,,,,,,,,,,,,,,,,,,,,,,,,,,,,,,,,,,,,,
Mathura,Uttar Pradesh,India,27.5,77.6833,Asia/Kolkata,1789110025,11/9/2026 12:30,1789389000,14-09-2026 18:00:00,30.9,87.6,0,Cloudy,http://cdn.weatherapi.com/weather/64x64/night/119.png,1006,5.6,9,122,ESE,1006,29.7,0,0,0,64,87,35.7,96.3,30.9,87.6,35.7,96.3,23.3,73.9,0,13,0,0,10,6,9.2,14.9,0,25.3,77.6,329,13.7,78,6,12.2,12.3,1,2,0,0,0,0,,,,,,,,,,,,,,,,,,,,,,,,,,,,,,,,,,,,,,,,,,,,,,,,,,,,,,,,,,,,,,,,,,,,,,,,,,,,,,,,,,,,,,,,,,,,,
Mathura,Uttar Pradesh,India,27.5,77.6833,Asia/Kolkata,1789110025,11/9/2026 12:30,1789392600,14-09-2026 19:00:00,30.6,87.1,0,Overcast,http://cdn.weatherapi.com/weather/64x64/night/122.png,1009,5.1,8.3,111,ESE,1006,29.72,0,0,0,64,89,35.1,95.2,30.6,87.1,35.2,95.3,23.1,73.6,0,13,0,0,10,6,8.1,13,0,25.1,77.2,318,15,75,6.5,12.7,12.7,1,2,0,0,0,0,,,,,,,,,,,,,,,,,,,,,,,,,,,,,,,,,,,,,,,,,,,,,,,,,,,,,,,,,,,,,,,,,,,,,,,,,,,,,,,,,,,,,,,,,,,,,
Mathura,Uttar Pradesh,India,27.5,77.6833,Asia/Kolkata,1789110025,11/9/2026 12:30,1789396200,14-09-2026 20:00:00,29.9,85.8,0,Overcast,http://cdn.weatherapi.com/weather/64x64/night/122.png,1009,5.1,8.3,88,E,1007,29.73,0,0,0,68,92,34.3,93.7,29.9,85.8,34.3,93.8,23.3,74,0,15,0,0,10,6,6.3,10.1,0,25.1,77.2,309,15.7,72,6.9,13.2,13.3,1,2,0,0,0,0,,,,,,,,,,,,,,,,,,,,,,,,,,,,,,,,,,,,,,,,,,,,,,,,,,,,,,,,,,,,,,,,,,,,,,,,,,,,,,,,,,,,,,,,,,,,,
Mathura,Uttar Pradesh,India,27.5,77.6833,Asia/Kolkata,1789110025,11/9/2026 12:30,1789399800,14-09-2026 21:00:00,28.8,83.8,0,Overcast,http://cdn.weatherapi.com/weather/64x64/night/122.png,1009,6.7,10.8,79,E,1008,29.76,0,0,0,80,100,34.1,93.4,28.8,83.8,34.1,93.4,25,76.9,0,23,0,0,10,6,12.3,19.8,0,25.9,78.7,308,15.4,71,7,13.2,13.4,1,2,0,0,0,0,,,,,,,,,,,,,,,,,,,,,,,,,,,,,,,,,,,,,,,,,,,,,,,,,,,,,,,,,,,,,,,,,,,,,,,,,,,,,,,,,,,,,,,,,,,,,
Mathura,Uttar Pradesh,India,27.5,77.6833,Asia/Kolkata,1789110025,11/9/2026 12:30,1789403400,14-09-2026 22:00:00,28.5,83.3,0,Overcast,http://cdn.weatherapi.com/weather/64x64/night/122.png,1009,6.3,10.1,78,ENE,1008,29.75,0,0,0,81,100,33.6,92.5,28.5,83.3,33.6,92.5,24.9,76.9,0,24,0,0,10,6,11,17.7,0,25.8,78.5,310,14.3,71,6.9,13.8,14,1,2,0,0,0,0,,,,,,,,,,,,,,,,,,,,,,,,,,,,,,,,,,,,,,,,,,,,,,,,,,,,,,,,,,,,,,,,,,,,,,,,,,,,,,,,,,,,,,,,,,,,,
Mathura,Uttar Pradesh,India,27.5,77.6833,Asia/Kolkata,1789110025,11/9/2026 12:30,1789407000,14-09-2026 23:00:00,28.1,82.5,0,Overcast,http://cdn.weatherapi.com/weather/64x64/night/122.png,1009,5.8,9.4,80,E,1007,29.75,0,0,0,83,100,32.7,90.9,28.1,82.5,32.9,91.2,24.8,76.7,0,25,0,0,10,6,10.3,16.6,0,25.7,78.2,310,13.3,71,6.8,14.2,14.4,1,2,0,0,0,0,,,,,,,,,,,,,,,,,,,,,,,,,,,,,,,,,,,,,,,,,,,,,,,,,,,,,,,,,,,,,,,,,,,,,,,,,,,,,,,,,,,,,,,,,,,,,
Mathura,Uttar Pradesh,India,27.5,77.6833,Asia/Kolkata,1789110025,11/9/2026 12:30,1789410600,15-09-2026 00:00:00,27.8,82,0,Overcast,http://cdn.weatherapi.com/weather/64x64/night/122.png,1009,5.4,8.6,85,E,1007,29.74,0,0,0,84,100,32.1,89.8,27.8,82,32.4,90.4,24.8,76.6,0,26,0,0,10,6,8.1,13,0,25.6,78,306,12.4,70,6.6,14.1,14.3,1,2,0,0,0,0,,,,,,,,,,,,,,,,,,,,,,,,,,,,,,,,,,,,,,,,,,,,,,,,,,,,,,,,,,,,,,,,,,,,,,,,,,,,,,,,,,,,,,,,,,,,,
Mathura,Uttar Pradesh,India,27.5,77.6833,Asia/Kolkata,1789110025,11/9/2026 12:30,1789414200,15-09-2026 01:00:00,27.8,82.1,0,Cloudy,http://cdn.weatherapi.com/weather/64x64/night/119.png,1006,4.7,7.6,88,E,1007,29.73,0,0,0,84,75,32.3,90.1,27.8,82.1,32.6,90.7,24.9,76.8,0,20,0,0,10,6,5.9,9.5,0,25.7,78.2,300,11.5,69,6.4,14.2,14.4,1,2,0,0,0,0,,,,,,,,,,,,,,,,,,,,,,,,,,,,,,,,,,,,,,,,,,,,,,,,,,,,,,,,,,,,,,,,,,,,,,,,,,,,,,,,,,,,,,,,,,,,,
Mathura,Uttar Pradesh,India,27.5,77.6833,Asia/Kolkata,1789110025,11/9/2026 12:30,1789417800,15-09-2026 02:00:00,27.8,82,0,Overcast,http://cdn.weatherapi.com/weather/64x64/night/122.png,1009,5.4,8.6,80,E,1006,29.71,0,0,0,83,90,32,89.6,27.8,82,32.3,90.1,24.6,76.2,0,23,0,0,10,6,6.1,9.8,0,25.4,77.7,295,10.7,68,6.2,14.4,14.6,1,2,0,0,0,0,,,,,,,,,,,,,,,,,,,,,,,,,,,,,,,,,,,,,,,,,,,,,,,,,,,,,,,,,,,,,,,,,,,,,,,,,,,,,,,,,,,,,,,,,,,,,
Mathura,Uttar Pradesh,India,27.5,77.6833,Asia/Kolkata,1789110025,11/9/2026 12:30,1789421400,15-09-2026 03:00:00,27.7,81.9,0,Cloudy,http://cdn.weatherapi.com/weather/64x64/night/119.png,1006,5.6,9,109,ESE,1006,29.71,0,0,0,79,83,31.3,88.3,27.8,82,31.6,88.8,23.7,74.6,0,19,0,0,10,6,9.2,14.8,0,24.8,76.6,290,9.9,67,5.8,14.1,14.2,1,2,0,0,0,0,,,,,,,,,,,,,,,,,,,,,,,,,,,,,,,,,,,,,,,,,,,,,,,,,,,,,,,,,,,,,,,,,,,,,,,,,,,,,,,,,,,,,,,,,,,,,
Mathura,Uttar Pradesh,India,27.5,77.6833,Asia/Kolkata,1789110025,11/9/2026 12:30,1789425000,15-09-2026 04:00:00,27.3,81.2,0,Overcast,http://cdn.weatherapi.com/weather/64x64/night/122.png,1009,5.4,8.6,126,SE,1006,29.71,0,0,0,80,88,30.4,86.7,27.3,81.2,30.9,87.6,23.5,74.3,0,21,0,0,10,6,8.1,13,0,24.5,76.1,285,9.1,67,5.5,9.5,9.5,1,1,0,0,0,0,,,,,,,,,,,,,,,,,,,,,,,,,,,,,,,,,,,,,,,,,,,,,,,,,,,,,,,,,,,,,,,,,,,,,,,,,,,,,,,,,,,,,,,,,,,,,
Mathura,Uttar Pradesh,India,27.5,77.6833,Asia/Kolkata,1789110025,11/9/2026 12:30,1789428600,15-09-2026 05:00:00,27,80.6,0,Overcast,http://cdn.weatherapi.com/weather/64x64/night/122.png,1009,5.1,8.3,138,SE,1007,29.73,0,0,0,81,96,29.8,85.6,27,80.6,30.4,86.7,23.4,74.2,0,23,0,0,10,6,7.9,12.7,0,24.4,75.9,276,8.8,66,5.4,6.5,6.6,1,1,0,0,0,0,,,,,,,,,,,,,,,,,,,,,,,,,,,,,,,,,,,,,,,,,,,,,,,,,,,,,,,,,,,,,,,,,,,,,,,,,,,,,,,,,,,,,,,,,,,,,
Mathura,Uttar Pradesh,India,27.5,77.6833,Asia/Kolkata,1789110025,11/9/2026 12:30,1789432200,15-09-2026 06:00:00,26.8,80.2,1,Overcast,http://cdn.weatherapi.com/weather/64x64/day/122.png,1009,4,6.5,146,SSE,1007,29.74,0,0,0,82,100,29.6,85.3,26.8,80.2,30.1,86.2,23.4,74.2,0,24,0,0,10,6,5.6,9,0,24.3,75.8,270,9.5,64,6,8.9,9,1,1,5.42,2.66,0,5.17,,,,,,,,,,,,,,,,,,,,,,,,,,,,,,,,,,,,,,,,,,,,,,,,,,,,,,,,,,,,,,,,,,,,,,,,,,,,,,,,,,,,,,,,,,,,,
Mathura,Uttar Pradesh,India,27.5,77.6833,Asia/Kolkata,1789110025,11/9/2026 12:30,1789435800,15-09-2026 07:00:00,27.3,81.2,1,Patchy rain nearby,http://cdn.weatherapi.com/weather/64x64/day/176.png,1063,3.6,5.8,148,SSE,1008,29.76,0,0,0,77,100,30.1,86.2,27.3,81.2,30.5,87,23,73.4,0,28,0,0,10,6,4.9,7.9,0.6,24.2,75.5,271,10.5,62,6.9,10.2,10.6,1,1,50.92,26.37,0.21,48.57,,,,,,,,,,,,,,,,,,,,,,,,,,,,,,,,,,,,,,,,,,,,,,,,,,,,,,,,,,,,,,,,,,,,,,,,,,,,,,,,,,,,,,,,,,,,,
Mathura,Uttar Pradesh,India,27.5,77.6833,Asia/Kolkata,1789110025,11/9/2026 12:30,1789439400,15-09-2026 08:00:00,28.5,83.4,1,Light rain shower,http://cdn.weatherapi.com/weather/64x64/day/353.png,1240,3.4,5.4,109,ESE,1008,29.77,1,0,0,71,95,31.9,89.4,28.6,83.4,32,89.7,22.7,72.9,0,51,0,0,10,6,4.1,6.6,1.9,24.3,75.8,270,10.6,65,7.5,12,12.4,1,2,127.32,58.41,1.32,121.27,,,,,,,,,,,,,,,,,,,,,,,,,,,,,,,,,,,,,,,,,,,,,,,,,,,,,,,,,,,,,,,,,,,,,,,,,,,,,,,,,,,,,,,,,,,,,
Mathura,Uttar Pradesh,India,27.5,77.6833,Asia/Kolkata,1789110025,11/9/2026 12:30,1789443000,15-09-2026 09:00:00,30.6,87,1,Patchy rain nearby,http://cdn.weatherapi.com/weather/64x64/day/176.png,1063,3.1,5,161,SSE,1009,29.78,0,0,0,62,54,34.5,94.1,30.6,87,34.6,94.4,22.6,72.6,0,9,0,0,10,6,3.8,6.1,4,24.8,76.6,261,8.6,78,7.4,12.9,13.4,1,2,206.18,91.07,3.47,196.08,,,,,,,,,,,,,,,,,,,,,,,,,,,,,,,,,,,,,,,,,,,,,,,,,,,,,,,,,,,,,,,,,,,,,,,,,,,,,,,,,,,,,,,,,,,,,
Mathura,Uttar Pradesh,India,27.5,77.6833,Asia/Kolkata,1789110025,11/9/2026 12:30,1789446600,15-09-2026 10:00:00,32,89.5,1,Patchy rain nearby,http://cdn.weatherapi.com/weather/64x64/day/176.png,1063,2.9,4.7,177,S,1008,29.78,0,0,0,56,96,35.8,96.4,32,89.5,36.2,97.1,22.1,71.7,0,14,0,0,10,6,3.6,5.8,6.4,24.8,76.7,247,5.6,97,6.9,12.7,13.2,1,2,288.48,119.23,7.31,273.8,,,,,,,,,,,,,,,,,,,,,,,,,,,,,,,,,,,,,,,,,,,,,,,,,,,,,,,,,,,,,,,,,,,,,,,,,,,,,,,,,,,,,,,,,,,,,
Mathura,Uttar Pradesh,India,27.5,77.6833,Asia/Kolkata,1789110025,11/9/2026 12:30,1789450200,15-09-2026 11:00:00,32.9,91.3,1,Patchy rain nearby,http://cdn.weatherapi.com/weather/64x64/day/176.png,1063,3.4,5.4,173,S,1008,29.76,0,0,0,52,78,36.7,98.1,32.9,91.3,37.2,98.9,21.7,71.1,0,10,0,0,10,6,12.3,19.8,8.4,24.8,76.7,234,3.4,111,6.3,12.4,12.8,1,2,364.58,139.82,20.44,343.5,,,,,,,,,,,,,,,,,,,,,,,,,,,,,,,,,,,,,,,,,,,,,,,,,,,,,,,,,,,,,,,,,,,,,,,,,,,,,,,,,,,,,,,,,,,,,
Mathura,Uttar Pradesh,India,27.5,77.6833,Asia/Kolkata,1789110025,11/9/2026 12:30,1789453800,15-09-2026 12:00:00,33.5,92.3,1,Light rain shower,http://cdn.weatherapi.com/weather/64x64/day/353.png,1240,2.9,4.7,179,S,1007,29.73,0,0,0,50,98,37.2,99,33.5,92.3,37.8,100,21.6,70.8,0,36,0,0,10,6,14.1,22.7,9.1,24.9,76.8,222,2.4,119,5.7,11.9,12.3,1,1,813.54,221.88,629.11,635.32,,,,,,,,,,,,,,,,,,,,,,,,,,,,,,,,,,,,,,,,,,,,,,,,,,,,,,,,,,,,,,,,,,,,,,,,,,,,,,,,,,,,,,,,,,,,,
Mathura,Uttar Pradesh,India,27.5,77.6833,Asia/Kolkata,1789110025,11/9/2026 12:30,1789457400,15-09-2026 13:00:00,32.8,91,1,Light rain shower,http://cdn.weatherapi.com/weather/64x64/day/353.png,1240,2.5,4,203,SSW,1006,29.7,1,0,0,51,100,36.1,97,32.8,91,36.6,97.9,21.3,70.3,0,57,0,0,10,6,9.2,14.8,7.9,24.5,76.1,212,2.2,122,5.1,11.5,12,1,1,792.26,243.33,583.09,625.35,,,,,,,,,,,,,,,,,,,,,,,,,,,,,,,,,,,,,,,,,,,,,,,,,,,,,,,,,,,,,,,,,,,,,,,,,,,,,,,,,,,,,,,,,,,,,
Mathura,Uttar Pradesh,India,27.5,77.6833,Asia/Kolkata,1789110025,11/9/2026 12:30,1789461000,15-09-2026 14:00:00,32.4,90.3,1,Light rain shower,http://cdn.weatherapi.com/weather/64x64/day/353.png,1240,1.8,2.9,284,WNW,1005,29.68,0,0,0,53,100,35.7,96.3,32.4,90.3,36.2,97.2,21.4,70.6,0,22,0,0,10,6,2.5,4,4.5,24.5,76.1,210,3.2,120,4.5,10.9,11.4,1,1,709.89,249.94,408.77,585.9,,,,,,,,,,,,,,,,,,,,,,,,,,,,,,,,,,,,,,,,,,,,,,,,,,,,,,,,,,,,,,,,,,,,,,,,,,,,,,,,,,,,,,,,,,,,,
Mathura,Uttar Pradesh,India,27.5,77.6833,Asia/Kolkata,1789110025,11/9/2026 12:30,1789464600,15-09-2026 15:00:00,32.2,89.9,1,Patchy rain nearby,http://cdn.weatherapi.com/weather/64x64/day/176.png,1063,2.2,3.6,328,NNW,1005,29.67,0,0,0,54,86,35.7,96.3,32.2,89.9,36.2,97.1,21.7,71.1,0,18,0,0,10,6,3.2,5.1,1.3,24.6,76.3,222,6.4,108,4,11.2,11.6,1,1,573.52,211.93,178.2,507.53,,,,,,,,,,,,,,,,,,,,,,,,,,,,,,,,,,,,,,,,,,,,,,,,,,,,,,,,,,,,,,,,,,,,,,,,,,,,,,,,,,,,,,,,,,,,,
Mathura,Uttar Pradesh,India,27.5,77.6833,Asia/Kolkata,1789110025,11/9/2026 12:30,1789468200,15-09-2026 16:00:00,32.5,90.4,1,Cloudy,http://cdn.weatherapi.com/weather/64x64/day/119.png,1006,1.8,2.9,2,N,1004,29.66,0,0,0,53,68,36.1,97,32.5,90.4,36.5,97.7,21.7,71,0,7,0,0,10,6,2.8,4.4,0.4,24.7,76.4,243,10.8,91,3.6,11,11.4,1,1,474.94,179.32,76.07,436.37,,,,,,,,,,,,,,,,,,,,,,,,,,,,,,,,,,,,,,,,,,,,,,,,,,,,,,,,,,,,,,,,,,,,,,,,,,,,,,,,,,,,,,,,,,,,,
Mathura,Uttar Pradesh,India,27.5,77.6833,Asia/Kolkata,1789110025,11/9/2026 12:30,1789471800,15-09-2026 17:00:00,32.2,89.9,1,Patchy rain nearby,http://cdn.weatherapi.com/weather/64x64/day/176.png,1063,0.9,1.4,96,E,1004,29.66,0,0,0,56,65,36.3,97.3,32.2,89.9,36.6,98,22.3,72.1,0,17,0,0,10,6,0.9,1.4,0.1,25,77,258,14,78,3.3,11.2,11.5,1,1,402.02,153.22,33.47,376.32,,,,,,,,,,,,,,,,,,,,,,,,,,,,,,,,,,,,,,,,,,,,,,,,,,,,,,,,,,,,,,,,,,,,,,,,,,,,,,,,,,,,,,,,,,,,,
Mathura,Uttar Pradesh,India,27.5,77.6833,Asia/Kolkata,1789110025,11/9/2026 12:30,1789475400,15-09-2026 18:00:00,31.5,88.8,0,Partly Cloudy,http://cdn.weatherapi.com/weather/64x64/night/116.png,1003,2.2,3.6,138,SE,1005,29.67,0,0,0,58,43,35.5,95.9,31.5,88.8,35.8,96.4,22.3,72.2,0,6,0,0,10,6,2.5,4,0,24.9,76.7,null,null,null,null,null,null,null,null,0,0,0,0,,,,,,,,,,,,,,,,,,,,,,,,,,,,,,,,,,,,,,,,,,,,,,,,,,,,,,,,,,,,,,,,,,,,,,,,,,,,,,,,,,,,,,,,,,,,,
Mathura,Uttar Pradesh,India,27.5,77.6833,Asia/Kolkata,1789110025,11/9/2026 12:30,1789479000,15-09-2026 19:00:00,31.3,88.3,0,Clear,http://cdn.weatherapi.com/weather/64x64/night/113.png,1000,3.8,6.1,149,SSE,1005,29.68,0,0,0,60,23,35.5,95.9,31.3,88.3,35.7,96.3,22.7,72.9,0,5,0,0,10,6,3.9,6.2,0,25,77.1,null,null,null,null,null,null,null,null,0,0,0,0,,,,,,,,,,,,,,,,,,,,,,,,,,,,,,,,,,,,,,,,,,,,,,,,,,,,,,,,,,,,,,,,,,,,,,,,,,,,,,,,,,,,,,,,,,,,,
Mathura,Uttar Pradesh,India,27.5,77.6833,Asia/Kolkata,1789110025,11/9/2026 12:30,1789482600,15-09-2026 20:00:00,30.9,87.6,0,Clear,http://cdn.weatherapi.com/weather/64x64/night/113.png,1000,5.1,8.3,162,SSE,1006,29.7,0,0,0,63,4,35.4,95.7,30.9,87.6,35.5,96,23.1,73.5,0,4,0,0,10,6,5.6,9,0,25.2,77.3,null,null,null,null,null,null,null,null,0,0,0,0,,,,,,,,,,,,,,,,,,,,,,,,,,,,,,,,,,,,,,,,,,,,,,,,,,,,,,,,,,,,,,,,,,,,,,,,,,,,,,,,,,,,,,,,,,,,,
Mathura,Uttar Pradesh,India,27.5,77.6833,Asia/Kolkata,1789110025,11/9/2026 12:30,1789486200,15-09-2026 21:00:00,30.5,87,0,Clear,http://cdn.weatherapi.com/weather/64x64/night/113.png,1000,5.4,8.6,178,S,1006,29.71,0,0,0,66,4,35.3,95.5,30.5,87,35.4,95.6,23.4,74.2,0,4,0,0,10,6,6,9.7,0,25.3,77.6,null,null,null,null,null,null,null,null,0,0,0,0,,,,,,,,,,,,,,,,,,,,,,,,,,,,,,,,,,,,,,,,,,,,,,,,,,,,,,,,,,,,,,,,,,,,,,,,,,,,,,,,,,,,,,,,,,,,,
Mathura,Uttar Pradesh,India,27.5,77.6833,Asia/Kolkata,1789110025,11/9/2026 12:30,1789489800,15-09-2026 22:00:00,30,85.9,0,Clear,http://cdn.weatherapi.com/weather/64x64/night/113.png,1000,5.8,9.4,192,SSW,1006,29.7,0,0,0,69,5,34.7,94.5,30,85.9,34.7,94.4,23.6,74.5,0,5,0,0,10,6,7.9,12.6,0,25.3,77.6,null,null,null,null,null,null,null,null,0,0,0,0,,,,,,,,,,,,,,,,,,,,,,,,,,,,,,,,,,,,,,,,,,,,,,,,,,,,,,,,,,,,,,,,,,,,,,,,,,,,,,,,,,,,,,,,,,,,,
Mathura,Uttar Pradesh,India,27.5,77.6833,Asia/Kolkata,1789110025,11/9/2026 12:30,1789493400,15-09-2026 23:00:00,29.6,85.3,0,Clear,http://cdn.weatherapi.com/weather/64x64/night/113.png,1000,5.6,9,203,SSW,1006,29.71,0,0,0,72,21,34.5,94.1,29.6,85.3,34.5,94,24,75.1,0,7,0,0,10,6,8.3,13.4,0,25.4,77.8,null,null,null,null,null,null,null,null,0,0,0,0,,,,,,,,,,,,,,,,,,,,,,,,,,,,,,,,,,,,,,,,,,,,,,,,,,,,,,,,,,,,,,,,,,,,,,,,,,,,,,,,,,,,,,,,,,,,,
Mathura,Uttar Pradesh,India,27.5,77.6833,Asia/Kolkata,1789110025,11/9/2026 12:30,1789497000,16-09-2026 00:00:00,29,84.2,0,Clear,http://cdn.weatherapi.com/weather/64x64/night/113.png,1000,5.6,9,212,SSW,1006,29.7,0,0,0,74,14,33.5,92.3,29,84.2,33.5,92.3,23.8,74.8,0,7,0,0,10,6,8.7,14,0,25.2,77.4,null,null,null,null,null,null,null,null,0,0,0,0,,,,,,,,,,,,,,,,,,,,,,,,,,,,,,,,,,,,,,,,,,,,,,,,,,,,,,,,,,,,,,,,,,,,,,,,,,,,,,,,,,,,,,,,,,,,,
Mathura,Uttar Pradesh,India,27.5,77.6833,Asia/Kolkata,1789110025,11/9/2026 12:30,1789500600,16-09-2026 01:00:00,28.3,82.9,0,Clear,http://cdn.weatherapi.com/weather/64x64/night/113.png,1000,5.6,9,221,SW,1005,29.69,0,0,0,76,7,32.2,90,28.3,82.9,32.4,90.3,23.7,74.7,0,8,0,0,10,6,9.4,15.1,0,24.9,76.8,null,null,null,null,null,null,null,null,0,0,0,0,,,,,,,,,,,,,,,,,,,,,,,,,,,,,,,,,,,,,,,,,,,,,,,,,,,,,,,,,,,,,,,,,,,,,,,,,,,,,,,,,,,,,,,,,,,,,
Mathura,Uttar Pradesh,India,27.5,77.6833,Asia/Kolkata,1789110025,11/9/2026 12:30,1789504200,16-09-2026 02:00:00,27.7,81.9,0,Clear,http://cdn.weatherapi.com/weather/64x64/night/113.png,1000,5.6,9,231,SW,1005,29.68,0,0,0,78,0,31.1,88,27.7,81.9,31.4,88.6,23.6,74.4,0,8,0,0,10,6,9.8,15.8,0,24.7,76.4,null,null,null,null,null,null,null,null,0,0,0,0,,,,,,,,,,,,,,,,,,,,,,,,,,,,,,,,,,,,,,,,,,,,,,,,,,,,,,,,,,,,,,,,,,,,,,,,,,,,,,,,,,,,,,,,,,,,,
Mathura,Uttar Pradesh,India,27.5,77.6833,Asia/Kolkata,1789110025,11/9/2026 12:30,1789507800,16-09-2026 03:00:00,27.4,81.3,0,Clear,http://cdn.weatherapi.com/weather/64x64/night/113.png,1000,5.8,9.4,226,SW,1005,29.69,0,0,0,80,2,30.7,87.3,27.4,81.3,31.1,88,23.7,74.7,0,9,0,0,10,6,11,17.6,0,24.7,76.4,null,null,null,null,null,null,null,null,0,0,0,0,,,,,,,,,,,,,,,,,,,,,,,,,,,,,,,,,,,,,,,,,,,,,,,,,,,,,,,,,,,,,,,,,,,,,,,,,,,,,,,,,,,,,,,,,,,,,
Mathura,Uttar Pradesh,India,27.5,77.6833,Asia/Kolkata,1789110025,11/9/2026 12:30,1789511400,16-09-2026 04:00:00,27.1,80.8,0,Clear,http://cdn.weatherapi.com/weather/64x64/night/113.png,1000,5.8,9.4,221,SW,1006,29.7,0,0,0,82,3,30.2,86.4,27.1,80.8,30.7,87.3,23.7,74.7,0,10,0,0,10,6,11.9,19.1,0,24.7,76.4,null,null,null,null,null,null,null,null,0,0,0,0,,,,,,,,,,,,,,,,,,,,,,,,,,,,,,,,,,,,,,,,,,,,,,,,,,,,,,,,,,,,,,,,,,,,,,,,,,,,,,,,,,,,,,,,,,,,,
Mathura,Uttar Pradesh,India,27.5,77.6833,Asia/Kolkata,1789110025,11/9/2026 12:30,1789515000,16-09-2026 05:00:00,26.7,80.1,0,Clear,http://cdn.weatherapi.com/weather/64x64/night/113.png,1000,6,9.7,216,SW,1006,29.7,0,0,0,84,4,29.7,85.5,26.8,80.2,30.3,86.5,23.8,74.9,0,11,0,0,10,6,13,20.9,0,24.6,76.3,null,null,null,null,null,null,null,null,0,0,0,0,,,,,,,,,,,,,,,,,,,,,,,,,,,,,,,,,,,,,,,,,,,,,,,,,,,,,,,,,,,,,,,,,,,,,,,,,,,,,,,,,,,,,,,,,,,,,
Mathura,Uttar Pradesh,India,27.5,77.6833,Asia/Kolkata,1789110025,11/9/2026 12:30,1789518600,16-09-2026 06:00:00,27.6,81.7,1,Sunny,http://cdn.weatherapi.com/weather/64x64/day/113.png,1000,6.5,10.4,226,SW,1007,29.72,0,0,0,79,5,31,87.8,27.6,81.7,31.3,88.3,23.5,74.3,0,9,0,0,10,6,12.1,19.4,7,24.7,76.4,null,null,null,null,null,null,null,null,70.14,24.2,0.81,66.79,,,,,,,,,,,,,,,,,,,,,,,,,,,,,,,,,,,,,,,,,,,,,,,,,,,,,,,,,,,,,,,,,,,,,,,,,,,,,,,,,,,,,,,,,,,,,
Mathura,Uttar Pradesh,India,27.5,77.6833,Asia/Kolkata,1789110025,11/9/2026 12:30,1789522200,16-09-2026 07:00:00,28.4,83.1,1,Sunny,http://cdn.weatherapi.com/weather/64x64/day/113.png,1000,7.2,11.5,237,WSW,1007,29.74,0,0,0,74,5,32.1,89.8,28.4,83.1,32.2,90,23.2,73.8,0,7,0,0,10,6,11,17.6,7,24.7,76.4,null,null,null,null,null,null,null,null,105.2,36.3,1.21,100.18,,,,,,,,,,,,,,,,,,,,,,,,,,,,,,,,,,,,,,,,,,,,,,,,,,,,,,,,,,,,,,,,,,,,,,,,,,,,,,,,,,,,,,,,,,,,,
Mathura,Uttar Pradesh,India,27.5,77.6833,Asia/Kolkata,1789110025,11/9/2026 12:30,1789525800,16-09-2026 08:00:00,29.3,84.7,1,Sunny,http://cdn.weatherapi.com/weather/64x64/day/113.png,1000,7.6,12.2,247,WSW,1008,29.76,0,0,0,69,5,33.1,91.6,29.3,84.7,33.2,91.8,22.9,73.3,0,5,0,0,10,6,10.1,16.2,7,24.7,76.4,null,null,null,null,null,null,null,null,140.27,48.4,1.61,133.57,,,,,,,,,,,,,,,,,,,,,,,,,,,,,,,,,,,,,,,,,,,,,,,,,,,,,,,,,,,,,,,,,,,,,,,,,,,,,,,,,,,,,,,,,,,,,
Mathura,Uttar Pradesh,India,27.5,77.6833,Asia/Kolkata,1789110025,11/9/2026 12:30,1789529400,16-09-2026 09:00:00,30.9,87.6,1,Sunny,http://cdn.weatherapi.com/weather/64x64/day/113.png,1000,7.4,11.9,260,W,1008,29.75,0,0,0,62,5,35.1,95.2,30.9,87.6,35,95,22.5,72.5,0,4,0,0,10,6,9.4,15.1,8,25,76.9,null,null,null,null,null,null,null,null,270.26,71.79,17.17,254.18,,,,,,,,,,,,,,,,,,,,,,,,,,,,,,,,,,,,,,,,,,,,,,,,,,,,,,,,,,,,,,,,,,,,,,,,,,,,,,,,,,,,,,,,,,,,,
Mathura,Uttar Pradesh,India,27.5,77.6833,Asia/Kolkata,1789110025,11/9/2026 12:30,1789533000,16-09-2026 10:00:00,32.5,90.5,1,Sunny,http://cdn.weatherapi.com/weather/64x64/day/113.png,1000,7.2,11.5,272,W,1007,29.74,0,0,0,55,5,36.7,98.1,32.4,90.3,36.7,98.1,22,71.6,0,2,0,0,10,6,8.9,14.4,8,25.1,77.2,null,null,null,null,null,null,null,null,335.25,83.48,24.95,314.49,,,,,,,,,,,,,,,,,,,,,,,,,,,,,,,,,,,,,,,,,,,,,,,,,,,,,,,,,,,,,,,,,,,,,,,,,,,,,,,,,,,,,,,,,,,,,
Mathura,Uttar Pradesh,India,27.5,77.6833,Asia/Kolkata,1789110025,11/9/2026 12:30,1789536600,16-09-2026 11:00:00,34,93.3,1,Sunny,http://cdn.weatherapi.com/weather/64x64/day/113.png,1000,6.9,11.2,284,WNW,1007,29.73,0,0,0,48,5,37.9,100.2,34,93.3,38.5,101.2,21.5,70.8,0,2,0,0,10,6,8.3,13.4,8,25,77,null,null,null,null,null,null,null,null,400.24,95.18,32.73,374.79,,,,,,,,,,,,,,,,,,,,,,,,,,,,,,,,,,,,,,,,,,,,,,,,,,,,,,,,,,,,,,,,,,,,,,,,,,,,,,,,,,,,,,,,,,,,,
Mathura,Uttar Pradesh,India,27.5,77.6833,Asia/Kolkata,1789110025,11/9/2026 12:30,1789540200,16-09-2026 12:00:00,34.4,93.9,1,Thundery outbreaks in nearby,http://cdn.weatherapi.com/weather/64x64/day/200.png,1087,6.3,10.1,306,NW,1006,29.7,0,0,0,46,37,38,100.4,34.4,93.9,38.8,101.8,21.3,70.3,0,3,0,0,9.7,6,8.9,14.4,7,24.9,76.9,null,null,null,null,null,null,null,null,592.85,138.69,300.54,498.48,,,,,,,,,,,,,,,,,,,,,,,,,,,,,,,,,,,,,,,,,,,,,,,,,,,,,,,,,,,,,,,,,,,,,,,,,,,,,,,,,,,,,,,,,,,,,
Mathura,Uttar Pradesh,India,27.5,77.6833,Asia/Kolkata,1789110025,11/9/2026 12:30,1789543800,16-09-2026 13:00:00,34.9,94.8,1,Sunny,http://cdn.weatherapi.com/weather/64x64/day/113.png,1000,5.4,8.6,327,NNW,1005,29.67,0,0,0,45,68,38.5,101.3,34.9,94.8,39.1,102.4,21,69.8,0,6,0,0,9.3,5,9.4,15.1,8,24.9,76.9,null,null,null,null,null,null,null,null,689.16,160.45,434.44,560.33,,,,,,,,,,,,,,,,,,,,,,,,,,,,,,,,,,,,,,,,,,,,,,,,,,,,,,,,,,,,,,,,,,,,,,,,,,,,,,,,,,,,,,,,,,,,,
Mathura,Uttar Pradesh,India,27.5,77.6833,Asia/Kolkata,1789110025,11/9/2026 12:30,1789547400,16-09-2026 14:00:00,35.3,95.5,1,Thundery outbreaks in nearby,http://cdn.weatherapi.com/weather/64x64/day/200.png,1087,4.7,7.6,348,N,1004,29.64,0,0,0,43,100,38.6,101.5,35.3,95.5,39.4,102.9,20.7,69.3,0,11,0,0,9,5,9.9,15.9,8,24.8,76.7,null,null,null,null,null,null,null,null,785.46,182.21,568.34,622.17,,,,,,,,,,,,,,,,,,,,,,,,,,,,,,,,,,,,,,,,,,,,,,,,,,,,,,,,,,,,,,,,,,,,,,,,,,,,,,,,,,,,,,,,,,,,,
Mathura,Uttar Pradesh,India,27.5,77.6833,Asia/Kolkata,1789110025,11/9/2026 12:30,1789551000,16-09-2026 15:00:00,34.5,94.1,1,Sunny,http://cdn.weatherapi.com/weather/64x64/day/113.png,1000,5.8,9.4,279,W,1004,29.63,0,0,0,48,68,38.9,102,34.5,94.1,39.3,102.7,21.8,71.2,0,7,0,0,9.3,5,10.7,17.3,8,25.4,77.8,null,null,null,null,null,null,null,null,633.07,157.65,324.43,531.51,,,,,,,,,,,,,,,,,,,,,,,,,,,,,,,,,,,,,,,,,,,,,,,,,,,,,,,,,,,,,,,,,,,,,,,,,,,,,,,,,,,,,,,,,,,,,
Mathura,Uttar Pradesh,India,27.5,77.6833,Asia/Kolkata,1789110025,11/9/2026 12:30,1789554600,16-09-2026 16:00:00,33.7,92.7,1,Thundery outbreaks in nearby,http://cdn.weatherapi.com/weather/64x64/day/200.png,1087,6.9,11.2,209,SSW,1003,29.62,0,0,0,54,35,39.1,102.4,33.7,92.7,39.2,102.6,22.9,73.2,0,4,0,0,9.7,6,11.9,19.1,7,25.9,78.6,null,null,null,null,null,null,null,null,556.87,145.37,202.48,486.17,,,,,,,,,,,,,,,,,,,,,,,,,,,,,,,,,,,,,,,,,,,,,,,,,,,,,,,,,,,,,,,,,,,,,,,,,,,,,,,,,,,,,,,,,,,,,
Mathura,Uttar Pradesh,India,27.5,77.6833,Asia/Kolkata,1789110025,11/9/2026 12:30,1789558200,16-09-2026 17:00:00,32.9,91.2,1,Sunny,http://cdn.weatherapi.com/weather/64x64/day/113.png,1000,8.1,13,139,SE,1003,29.61,0,0,0,60,3,39,102.2,32.9,91.2,39.2,102.5,23.9,75.1,0,3,0,0,10,6,12.8,20.6,8,26.2,79.2,null,null,null,null,null,null,null,null,480.67,133.09,80.53,440.84,,,,,,,,,,,,,,,,,,,,,,,,,,,,,,,,,,,,,,,,,,,,,,,,,,,,,,,,,,,,,,,,,,,,,,,,,,,,,,,,,,,,,,,,,,,,,
Mathura,Uttar Pradesh,India,27.5,77.6833,Asia/Kolkata,1789110025,11/9/2026 12:30,1789561800,16-09-2026 18:00:00,32.3,90.1,0,Clear,http://cdn.weatherapi.com/weather/64x64/night/113.png,1000,7.4,11.9,155,SSE,1003,29.63,0,0,0,61,2,38,100.4,32.3,90.1,38.2,100.8,23.8,74.8,0,3,0,0,10,6,12.1,19.4,0,26,78.8,null,null,null,null,null,null,null,null,0,0,0,0,,,,,,,,,,,,,,,,,,,,,,,,,,,,,,,,,,,,,,,,,,,,,,,,,,,,,,,,,,,,,,,,,,,,,,,,,,,,,,,,,,,,,,,,,,,,,
Mathura,Uttar Pradesh,India,27.5,77.6833,Asia/Kolkata,1789110025,11/9/2026 12:30,1789565400,16-09-2026 19:00:00,31.8,89.2,0,Clear,http://cdn.weatherapi.com/weather/64x64/night/113.png,1000,6.9,11.2,171,S,1004,29.65,0,0,0,62,1,37.2,99,31.8,89.2,37.3,99.1,23.6,74.5,0,4,0,0,10,6,11.4,18.4,0,25.8,78.4,null,null,null,null,null,null,null,null,0,0,0,0,,,,,,,,,,,,,,,,,,,,,,,,,,,,,,,,,,,,,,,,,,,,,,,,,,,,,,,,,,,,,,,,,,,,,,,,,,,,,,,,,,,,,,,,,,,,,
Mathura,Uttar Pradesh,India,27.5,77.6833,Asia/Kolkata,1789110025,11/9/2026 12:30,1789569000,16-09-2026 20:00:00,31.2,88.2,0,Clear,http://cdn.weatherapi.com/weather/64x64/night/113.png,1000,6.3,10.1,187,S,1004,29.66,0,0,0,63,0,36.2,97.2,31.3,88.3,36.3,97.3,23.4,74.1,0,4,0,0,10,6,10.8,17.3,0,25.5,77.9,null,null,null,null,null,null,null,null,0,0,0,0,,,,,,,,,,,,,,,,,,,,,,,,,,,,,,,,,,,,,,,,,,,,,,,,,,,,,,,,,,,,,,,,,,,,,,,,,,,,,,,,,,,,,,,,,,,,,
Mathura,Uttar Pradesh,India,27.5,77.6833,Asia/Kolkata,1789110025,11/9/2026 12:30,1789572600,16-09-2026 21:00:00,29.6,85.3,0,Clear,http://cdn.weatherapi.com/weather/64x64/night/113.png,1000,6.9,11.2,129,SE,1005,29.68,0,0,0,68,6,33.6,92.5,29.6,85.3,33.8,92.8,22.9,73.2,0,5,0,0,10,6,14.3,23,0,24.8,76.6,null,null,null,null,null,null,null,null,0,0,0,0,,,,,,,,,,,,,,,,,,,,,,,,,,,,,,,,,,,,,,,,,,,,,,,,,,,,,,,,,,,,,,,,,,,,,,,,,,,,,,,,,,,,,,,,,,,,,
Mathura,Uttar Pradesh,India,27.5,77.6833,Asia/Kolkata,1789110025,11/9/2026 12:30,1789576200,16-09-2026 22:00:00,27.9,82.2,0,Clear,http://cdn.weatherapi.com/weather/64x64/night/113.png,1000,7.8,12.6,70,ENE,1006,29.69,0,0,0,72,11,30.8,87.4,27.9,82.2,31.2,88.2,22.4,72.3,0,7,0,0,10,6,18.1,29.2,0,24,75.2,null,null,null,null,null,null,null,null,0,0,0,0,,,,,,,,,,,,,,,,,,,,,,,,,,,,,,,,,,,,,,,,,,,,,,,,,,,,,,,,,,,,,,,,,,,,,,,,,,,,,,,,,,,,,,,,,,,,,
Mathura,Uttar Pradesh,India,27.5,77.6833,Asia/Kolkata,1789110025,11/9/2026 12:30,1789579800,16-09-2026 23:00:00,26.2,79.2,0,Clear,http://cdn.weatherapi.com/weather/64x64/night/113.png,1000,8.5,13.7,12,NNE,1006,29.71,0,0,0,77,17,28.1,82.6,26.2,79.2,28.7,83.6,21.9,71.4,0,9,0,0,10,6,21.7,35,0,23.1,73.7,null,null,null,null,null,null,null,null,0,0,0,0,,,,,,,,,,,,,,,,,,,,,,,,,,,,,,,,,,,,,,,,,,,,,,,,,,,,,,,,,,,,,,,,,,,,,,,,,,,,,,,,,,,,,,,,,,,,,
Mathura,Uttar Pradesh,India,27.5,77.6833,Asia/Kolkata,1789110025,11/9/2026 12:30,1789583400,17-09-2026 00:00:00,26.4,79.5,0,Overcast,http://cdn.weatherapi.com/weather/64x64/night/122.png,1009,7.4,11.9,86,E,1005,29.69,0,0,0,77,45,28.4,83.1,26.5,79.7,29,84.2,22,71.6,0,12,0,0,10,6,17.9,28.8,0,23.2,73.8,null,null,null,null,null,null,null,null,0,0,0,0,,,,,,,,,,,,,,,,,,,,,,,,,,,,,,,,,,,,,,,,,,,,,,,,,,,,,,,,,,,,,,,,,,,,,,,,,,,,,,,,,,,,,,,,,,,,,
Mathura,Uttar Pradesh,India,27.5,77.6833,Asia/Kolkata,1789110025,11/9/2026 12:30,1789587000,17-09-2026 01:00:00,26.7,80.1,0,Clear,http://cdn.weatherapi.com/weather/64x64/night/113.png,1000,6.3,10.1,160,SSE,1004,29.66,0,0,0,76,72,28.9,84,26.7,80.1,29.3,84.7,22.1,71.8,0,16,0,0,10,6,14.1,22.7,0,23.4,74.2,null,null,null,null,null,null,null,null,0,0,0,0,,,,,,,,,,,,,,,,,,,,,,,,,,,,,,,,,,,,,,,,,,,,,,,,,,,,,,,,,,,,,,,,,,,,,,,,,,,,,,,,,,,,,,,,,,,,,
Mathura,Uttar Pradesh,India,27.5,77.6833,Asia/Kolkata,1789110025,11/9/2026 12:30,1789590600,17-09-2026 02:00:00,26.9,80.4,0,Overcast,http://cdn.weatherapi.com/weather/64x64/night/122.png,1009,5.1,8.3,234,SW,1004,29.64,0,0,0,76,100,29.1,84.4,26.9,80.4,29.6,85.2,22.2,71.9,0,21,0,0,10,6,10.3,16.6,0,23.5,74.3,null,null,null,null,null,null,null,null,0,0,0,0,,,,,,,,,,,,,,,,,,,,,,,,,,,,,,,,,,,,,,,,,,,,,,,,,,,,,,,,,,,,,,,,,,,,,,,,,,,,,,,,,,,,,,,,,,,,,
Mathura,Uttar Pradesh,India,27.5,77.6833,Asia/Kolkata,1789110025,11/9/2026 12:30,1789594200,17-09-2026 03:00:00,26.5,79.7,0,Patchy rain nearby,http://cdn.weatherapi.com/weather/64x64/night/176.png,1063,4.5,7.2,257,WSW,1004,29.66,0,0,0,77,94,28.9,84,26.5,79.7,29.1,84.4,22.1,71.8,0,30,0,0,9.7,6,7.8,12.6,0,23.4,74.1,null,null,null,null,null,null,null,null,0,0,0,0,,,,,,,,,,,,,,,,,,,,,,,,,,,,,,,,,,,,,,,,,,,,,,,,,,,,,,,,,,,,,,,,,,,,,,,,,,,,,,,,,,,,,,,,,,,,,
Mathura,Uttar Pradesh,India,27.5,77.6833,Asia/Kolkata,1789110025,11/9/2026 12:30,1789597800,17-09-2026 04:00:00,26.1,79,0,Overcast,http://cdn.weatherapi.com/weather/64x64/night/122.png,1009,3.6,5.8,280,W,1005,29.67,0,0,0,79,88,28.7,83.7,26.1,79,28.6,83.5,22.1,71.8,0,29,0,0,9.3,5,5.6,9,0,23.3,73.9,null,null,null,null,null,null,null,null,0,0,0,0,,,,,,,,,,,,,,,,,,,,,,,,,,,,,,,,,,,,,,,,,,,,,,,,,,,,,,,,,,,,,,,,,,,,,,,,,,,,,,,,,,,,,,,,,,,,,
Mathura,Uttar Pradesh,India,27.5,77.6833,Asia/Kolkata,1789110025,11/9/2026 12:30,1789601400,17-09-2026 05:00:00,25.7,78.2,0,Patchy rain nearby,http://cdn.weatherapi.com/weather/64x64/night/176.png,1063,2.9,4.7,304,NW,1005,29.68,0,0,0,80,82,28.7,83.7,25.7,78.2,28.1,82.5,22.1,71.7,0,35,0,0,9,5,3.1,5,0,23.1,73.6,null,null,null,null,null,null,null,null,0,0,0,0,,,,,,,,,,,,,,,,,,,,,,,,,,,,,,,,,,,,,,,,,,,,,,,,,,,,,,,,,,,,,,,,,,,,,,,,,,,,,,,,,,,,,,,,,,,,,
Mathura,Uttar Pradesh,India,27.5,77.6833,Asia/Kolkata,1789110025,11/9/2026 12:30,1789605000,17-09-2026 06:00:00,26,78.8,1,Light rain shower,http://cdn.weatherapi.com/weather/64x64/day/353.png,1240,2.7,4.3,298,WNW,1006,29.71,0,0,0,77,88,28.7,83.7,26,78.8,28.4,83.1,21.7,71.1,0,39,0,0,9.3,5,3.1,5,6,23,73.3,null,null,null,null,null,null,null,null,66.87,26.18,0.73,63.69,,,,,,,,,,,,,,,,,,,,,,,,,,,,,,,,,,,,,,,,,,,,,,,,,,,,,,,,,,,,,,,,,,,,,,,,,,,,,,,,,,,,,,,,,,,,,
Mathura,Uttar Pradesh,India,27.5,77.6833,Asia/Kolkata,1789110025,11/9/2026 12:30,1789608600,17-09-2026 07:00:00,26.4,79.5,1,Patchy rain nearby,http://cdn.weatherapi.com/weather/64x64/day/176.png,1063,2.7,4.3,293,WNW,1007,29.73,0,0,0,74,94,28.7,83.7,26.4,79.5,28.7,83.7,21.4,70.5,0,43,0,0,9.7,6,3.4,5.4,6,22.9,73.2,null,null,null,null,null,null,null,null,100.31,39.28,1.1,95.53,,,,,,,,,,,,,,,,,,,,,,,,,,,,,,,,,,,,,,,,,,,,,,,,,,,,,,,,,,,,,,,,,,,,,,,,,,,,,,,,,,,,,,,,,,,,,
Mathura,Uttar Pradesh,India,27.5,77.6833,Asia/Kolkata,1789110025,11/9/2026 12:30,1789612200,17-09-2026 08:00:00,26.7,80.1,1,Light rain shower,http://cdn.weatherapi.com/weather/64x64/day/353.png,1240,2.5,4,288,WNW,1008,29.75,0,0,0,71,100,28.7,83.7,26.7,80.1,28.9,84.1,21.1,70,0,47,0,0,10,6,3.4,5.4,6,22.8,73,null,null,null,null,null,null,null,null,133.74,52.37,1.46,127.37,,,,,,,,,,,,,,,,,,,,,,,,,,,,,,,,,,,,,,,,,,,,,,,,,,,,,,,,,,,,,,,,,,,,,,,,,,,,,,,,,,,,,,,,,,,,,
Mathura,Uttar Pradesh,India,27.5,77.6833,Asia/Kolkata,1789110025,11/9/2026 12:30,1789615800,17-09-2026 09:00:00,27.7,81.9,1,Cloudy,http://cdn.weatherapi.com/weather/64x64/day/119.png,1006,4.5,7.2,287,WNW,1008,29.75,0,0,0,67,92,29.8,85.6,27.7,81.9,30,86,21,69.8,0,36,0,0,10,6,6.5,10.4,6,23,73.4,null,null,null,null,null,null,null,null,266.59,72.68,16.93,250.74,,,,,,,,,,,,,,,,,,,,,,,,,,,,,,,,,,,,,,,,,,,,,,,,,,,,,,,,,,,,,,,,,,,,,,,,,,,,,,,,,,,,,,,,,,,,,
Mathura,Uttar Pradesh,India,27.5,77.6833,Asia/Kolkata,1789110025,11/9/2026 12:30,1789619400,17-09-2026 10:00:00,28.6,83.5,1,Light rain shower,http://cdn.weatherapi.com/weather/64x64/day/353.png,1240,6.7,10.8,286,WNW,1008,29.76,0,0,0,63,83,30.8,87.4,28.6,83.5,31.1,88,20.9,69.6,0,24,0,0,10,6,9.8,15.8,6,23.2,73.7,null,null,null,null,null,null,null,null,333.02,82.84,24.67,312.42,,,,,,,,,,,,,,,,,,,,,,,,,,,,,,,,,,,,,,,,,,,,,,,,,,,,,,,,,,,,,,,,,,,,,,,,,,,,,,,,,,,,,,,,,,,,,
Mathura,Uttar Pradesh,India,27.5,77.6833,Asia/Kolkata,1789110025,11/9/2026 12:30,1789623000,17-09-2026 11:00:00,29.5,85.2,1,Cloudy,http://cdn.weatherapi.com/weather/64x64/day/119.png,1006,8.7,14,285,WNW,1008,29.76,0,0,0,59,75,31.8,89.2,29.5,85.2,32.1,89.8,20.7,69.3,0,10,0,0,10,6,13,20.9,6,23.3,74,null,null,null,null,null,null,null,null,399.44,93,32.4,374.1,,,,,,,,,,,,,,,,,,,,,,,,,,,,,,,,,,,,,,,,,,,,,,,,,,,,,,,,,,,,,,,,,,,,,,,,,,,,,,,,,,,,,,,,,,,,,
Mathura,Uttar Pradesh,India,27.5,77.6833,Asia/Kolkata,1789110025,11/9/2026 12:30,1789626600,17-09-2026 12:00:00,29.7,85.5,1,Overcast,http://cdn.weatherapi.com/weather/64x64/day/122.png,1009,8.1,13,282,WNW,1007,29.73,0,0,0,59,83,32.1,89.8,29.7,85.5,32.5,90.5,20.9,69.6,0,11,0,0,10,6,12.5,20.2,6,23.4,74.2,null,null,null,null,null,null,null,null,602.41,119.75,321.96,502.79,,,,,,,,,,,,,,,,,,,,,,,,,,,,,,,,,,,,,,,,,,,,,,,,,,,,,,,,,,,,,,,,,,,,,,,,,,,,,,,,,,,,,,,,,,,,,
Mathura,Uttar Pradesh,India,27.5,77.6833,Asia/Kolkata,1789110025,11/9/2026 12:30,1789630200,17-09-2026 13:00:00,29.9,85.8,1,Cloudy,http://cdn.weatherapi.com/weather/64x64/day/119.png,1006,7.4,11.9,279,W,1006,29.71,0,0,0,59,92,32.5,90.5,29.9,85.8,32.8,91,21.1,70,0,12,0,0,10,6,12.3,19.8,6,23.6,74.5,null,null,null,null,null,null,null,null,703.89,133.12,466.73,567.14,,,,,,,,,,,,,,,,,,,,,,,,,,,,,,,,,,,,,,,,,,,,,,,,,,,,,,,,,,,,,,,,,,,,,,,,,,,,,,,,,,,,,,,,,,,,,
Mathura,Uttar Pradesh,India,27.5,77.6833,Asia/Kolkata,1789110025,11/9/2026 12:30,1789633800,17-09-2026 14:00:00,30.1,86.2,1,Overcast,http://cdn.weatherapi.com/weather/64x64/day/122.png,1009,6.7,10.8,277,W,1005,29.68,0,0,0,59,100,32.9,91.2,30.1,86.2,33.2,91.8,21.3,70.3,0,14,0,0,10,6,11.9,19.1,7,23.8,74.9,null,null,null,null,null,null,null,null,805.38,146.5,611.51,631.49,,,,,,,,,,,,,,,,,,,,,,,,,,,,,,,,,,,,,,,,,,,,,,,,,,,,,,,,,,,,,,,,,,,,,,,,,,,,,,,,,,,,,,,,,,,,,
Mathura,Uttar Pradesh,India,27.5,77.6833,Asia/Kolkata,1789110025,11/9/2026 12:30,1789637400,17-09-2026 15:00:00,31.7,89.1,1,Sunny,http://cdn.weatherapi.com/weather/64x64/day/113.png,1000,6,9.7,270,W,1004,29.66,0,0,0,55,68,35,95,31.6,88.9,35.3,95.5,21.4,70.5,0,8,0,0,10,6,10.1,16.2,8,24.4,75.9,null,null,null,null,null,null,null,null,703.5,135.34,414.54,578.5,,,,,,,,,,,,,,,,,,,,,,,,,,,,,,,,,,,,,,,,,,,,,,,,,,,,,,,,,,,,,,,,,,,,,,,,,,,,,,,,,,,,,,,,,,,,,
